project_category,project_budget_usd,project_deadline_days,fl_experience_level,fl_hourly_rate,fl_n_projects,fl_completion_rate,fl_on_time_rate,fl_avg_rating,fl_dispute_rate,fl_repeat_client_rate,fl_available_in_days,fl_hours_per_week,fl_avg_response_hours,fl_portfolio_score,budget_match_score,deadline_feasible,category_match,exp_level_num,success,project_category_enc
dev,1000,30,mid,37.92,55,0.776,0.785,3.55,0.157,0.682,14,30,1.8,6.8,0.483,1,1,2,1,2
design,10000,14,junior,11.83,14,0.708,0.821,2.71,0.19,0.547,1,30,4.9,1.0,0.047,1,0,1,1,1
data,1000,30,junior,16.67,2,0.575,0.667,3.15,0.142,0.729,3,30,7.5,1.6,0.667,1,1,1,0,0
dev,5000,60,mid,38.68,67,0.804,0.448,4.13,0.209,0.734,7,20,6.4,3.0,0.309,1,0,2,1,2
data,10000,60,mid,36.35,5,0.716,0.705,3.54,0.213,0.611,0,20,15.7,4.7,0.145,1,1,2,1,0
marketing,500,14,mid,37.13,8,0.655,0.607,3.91,0.185,0.758,0,20,0.4,2.5,-0.97,1,1,2,1,3
marketing,500,14,mid,24.92,125,0.722,0.785,3.95,0.129,0.546,7,20,2.3,3.1,0.006,0,1,2,0,3
data,1000,90,junior,19.98,6,0.7,0.564,3.93,0.244,0.717,0,40,0.7,1.1,0.799,1,0,1,1,0
data,2000,30,junior,19.17,9,0.659,0.557,3.74,0.161,0.705,1,20,4.1,1.0,0.383,1,0,1,1,0
data,1000,30,junior,16.67,2,0.575,0.667,3.15,0.142,0.729,3,30,7.5,1.6,0.667,1,1,1,1,0
marketing,2000,60,senior,42.04,67,0.902,0.858,4.27,0.082,0.773,0,40,0.8,7.3,0.841,1,1,3,1,3
writing,5000,14,mid,41.62,25,0.703,0.848,3.68,0.093,0.579,0,40,1.8,4.4,0.333,1,0,2,0,4
dev,1000,30,junior,16.85,59,0.747,0.525,3.13,0.174,0.551,30,10,8.4,0.0,0.674,0,1,1,1,2
design,1000,60,expert,79.27,22,0.823,0.965,5.0,0.051,0.678,3,30,0.1,8.5,-1.0,1,1,4,1,1
design,1000,30,junior,17.35,21,0.604,0.897,3.21,0.172,0.625,30,40,6.3,2.6,0.694,0,1,1,0,1
design,1000,90,mid,38.68,67,0.804,0.448,4.13,0.209,0.734,7,20,6.4,3.0,0.453,1,1,2,1,1
data,500,7,mid,29.79,35,0.753,0.804,4.16,0.151,0.681,3,40,17.5,3.8,-0.383,1,1,2,1,0
writing,5000,14,mid,47.35,6,0.893,0.807,3.84,0.159,0.62,14,30,6.6,4.1,0.379,0,1,2,1,4
writing,1000,30,senior,29.47,116,0.814,0.813,3.8,0.09,0.877,0,40,3.3,5.3,0.821,1,0,3,1,4
design,1000,30,expert,73.4,8,0.99,0.988,4.55,0.068,0.865,3,10,0.7,8.1,-0.936,1,1,4,1,1
data,2000,14,mid,29.65,9,0.827,0.806,3.43,0.172,0.697,3,10,0.3,3.1,0.593,1,1,2,1,0
writing,2000,60,senior,85.26,8,0.922,0.858,4.82,0.131,0.726,7,40,0.7,5.4,0.295,1,1,3,1,4
writing,2000,60,mid,49.96,1,0.751,0.811,4.35,0.158,0.646,0,30,20.9,4.0,0.999,1,1,2,1,4
dev,5000,30,mid,35.2,120,0.588,0.689,4.5,0.19,0.661,1,30,13.3,3.9,0.282,1,0,2,1,2
marketing,5000,14,junior,12.96,0,0.0,0.0,0.0,0.0,0.0,3,20,1.4,0.2,0.104,1,1,1,0,3
data,5000,60,junior,27.78,10,0.781,0.704,2.79,0.218,0.491,7,20,2.0,1.9,0.222,1,1,1,1,0
writing,2000,60,mid,32.13,15,0.864,0.886,3.79,0.143,0.65,30,10,5.0,3.6,0.643,0,0,2,0,4
marketing,5000,30,mid,38.72,25,0.808,0.643,3.82,0.13,0.494,0,10,17.0,4.8,0.31,1,1,2,1,3
design,1000,30,junior,12.4,28,0.581,0.632,4.04,0.195,0.567,7,40,1.3,2.9,0.496,1,1,1,1,1
writing,5000,90,junior,20.47,0,0.0,0.0,0.0,0.0,0.0,1,30,6.8,0.0,0.164,1,1,1,0,4
writing,20000,14,senior,92.89,109,0.862,0.711,4.67,0.072,0.667,0,20,1.4,6.9,0.186,1,1,3,1,4
writing,1000,30,expert,116.92,3,0.85,0.709,4.91,0.01,0.928,7,30,6.4,8.4,-1.0,1,1,4,0,4
marketing,1000,30,mid,35.2,120,0.588,0.689,4.5,0.19,0.661,1,30,13.3,3.9,0.592,1,1,2,1,3
writing,2000,60,mid,26.42,105,0.737,0.739,3.26,0.168,0.767,0,10,21.9,3.3,0.528,1,1,2,1,4
dev,1000,30,junior,17.9,45,0.811,0.623,3.07,0.21,0.507,1,10,1.2,2.1,0.716,1,1,1,1,2
dev,10000,14,senior,61.85,19,0.866,0.845,4.25,0.107,0.947,0,20,12.0,5.6,0.247,1,1,3,1,2
data,5000,60,mid,40.94,20,0.745,0.802,3.67,0.127,0.648,3,30,7.5,3.7,0.328,1,1,2,1,0
marketing,10000,14,expert,101.64,200,0.948,0.949,4.14,0.101,0.85,3,20,7.9,9.6,0.407,1,1,4,0,3
data,2000,30,mid,18.68,34,0.768,0.695,3.3,0.15,0.875,0,30,10.6,3.9,0.374,1,1,2,1,0
marketing,20000,60,mid,39.46,17,0.98,0.685,4.66,0.142,0.543,0,10,2.1,3.7,0.079,1,0,2,1,3
writing,2000,90,junior,26.24,5,0.493,0.592,3.26,0.16,0.435,1,10,15.8,1.2,0.525,1,1,1,1,4
data,2000,60,junior,16.67,2,0.575,0.667,3.15,0.142,0.729,3,30,7.5,1.6,0.333,1,1,1,1,0
writing,5000,30,junior,9.19,1,0.793,0.532,2.63,0.19,0.568,3,30,3.4,2.6,0.074,1,0,1,1,4
data,1000,14,mid,20.65,1,0.681,0.846,4.17,0.141,0.633,3,10,0.6,4.6,0.826,1,1,2,1,0
design,5000,60,senior,79.55,17,0.851,1.0,4.68,0.111,0.94,0,10,2.3,5.2,0.636,1,1,3,0,1
dev,500,30,junior,16.85,59,0.747,0.525,3.13,0.174,0.551,30,10,8.4,0.0,0.652,0,1,1,0,2
dev,10000,30,senior,82.33,33,0.841,0.838,5.0,0.058,0.942,7,20,3.7,7.3,0.329,1,1,3,1,2
data,1000,30,senior,81.96,71,0.988,0.667,4.51,0.068,0.729,14,30,3.1,6.7,-1.0,1,0,3,1,0
marketing,1000,7,mid,30.38,109,0.826,0.688,4.32,0.154,0.605,3,40,33.1,1.8,0.785,1,1,2,0,3
design,1000,7,expert,109.73,60,0.786,0.762,4.52,0.125,0.826,0,30,7.1,8.3,-1.0,1,1,4,1,1
writing,5000,30,mid,22.46,32,0.791,0.887,4.0,0.143,0.803,1,20,1.3,3.8,0.18,1,1,2,1,4
design,500,14,senior,46.14,108,0.959,0.944,4.03,0.126,0.613,3,20,0.5,7.5,-1.0,1,1,3,1,1
writing,10000,30,senior,55.45,157,0.98,0.938,4.27,0.107,0.809,14,40,3.6,5.9,0.222,1,1,3,1,4
dev,20000,60,mid,29.87,16,0.88,0.648,4.15,0.113,0.857,3,30,12.7,5.8,0.06,1,0,2,1,2
data,500,90,senior,31.26,58,0.882,0.862,4.72,0.078,0.785,3,20,2.7,6.1,-0.501,1,1,3,1,0
design,500,14,junior,8.66,17,0.749,0.696,3.13,0.226,0.75,3,30,1.4,0.9,0.693,1,1,1,1,1
dev,2000,30,mid,36.96,48,0.618,0.753,3.59,0.143,0.73,3,40,4.3,3.0,0.739,1,1,2,0,2
dev,500,30,senior,75.08,6,0.835,0.808,4.07,0.128,0.786,7,40,11.0,7.0,-1.0,1,1,3,1,2
design,1000,14,junior,17.87,1,0.602,0.676,3.69,0.223,0.478,1,20,15.9,4.4,0.715,1,0,1,1,1
marketing,5000,14,mid,37.88,28,0.842,0.879,3.45,0.19,0.793,0,20,1.3,2.9,0.303,1,1,2,1,3
writing,1000,30,expert,112.93,155,0.949,0.695,4.42,0.085,0.737,7,20,12.2,8.5,-1.0,1,1,4,1,4
marketing,2000,30,senior,56.15,5,0.953,0.736,4.95,0.108,0.675,14,30,4.7,7.9,0.877,1,1,3,1,3
marketing,500,30,senior,65.17,2,0.861,0.909,4.45,0.101,0.829,1,40,6.7,5.9,-1.0,1,1,3,0,3
data,2000,30,senior,73.05,2,0.832,0.838,4.47,0.146,0.788,3,30,9.3,5.6,0.539,1,1,3,1,0
design,500,60,junior,21.05,12,0.505,0.561,4.19,0.166,0.616,0,30,4.0,1.9,0.316,1,0,1,1,1
data,10000,14,expert,96.25,104,1.0,0.937,4.92,0.045,0.867,30,10,6.9,7.4,0.385,0,1,4,1,0
data,20000,7,mid,30.73,132,0.687,0.673,3.74,0.191,0.642,3,30,1.3,2.5,0.061,1,0,2,1,0
marketing,10000,14,mid,18.11,52,0.739,0.817,3.94,0.16,0.7,1,20,4.8,4.5,0.072,1,1,2,1,3
design,20000,90,mid,37.17,91,0.667,0.79,3.07,0.149,0.618,1,40,0.6,2.7,0.074,1,1,2,0,1
writing,20000,60,senior,53.42,69,0.716,0.728,4.44,0.147,0.843,14,20,1.2,6.3,0.107,1,1,3,1,4
marketing,5000,60,expert,132.56,11,0.935,1.0,4.68,0.085,0.786,1,20,4.2,7.7,0.94,1,1,4,1,3
data,1000,7,senior,73.05,2,0.832,0.838,4.47,0.146,0.788,3,30,9.3,5.6,-0.922,1,1,3,1,0
design,1000,7,mid,34.81,17,0.728,0.814,3.47,0.127,0.759,0,40,0.1,4.2,0.608,1,1,2,1,1
data,1000,90,mid,38.73,11,0.762,0.821,3.58,0.195,0.653,0,20,0.2,4.1,0.451,1,1,2,1,0
writing,500,60,mid,49.96,1,0.751,0.811,4.35,0.158,0.646,0,30,20.9,4.0,-1.0,1,1,2,1,4
writing,1000,90,junior,17.11,31,0.643,0.651,2.78,0.201,0.436,3,40,1.3,2.2,0.684,1,1,1,0,4
data,5000,60,junior,16.67,2,0.575,0.667,3.15,0.142,0.729,3,30,7.5,1.6,0.133,1,1,1,1,0
design,5000,7,mid,21.7,116,0.775,0.774,4.26,0.079,0.579,3,30,0.4,5.4,0.174,1,1,2,1,1
dev,500,30,senior,35.36,63,0.834,0.876,4.65,0.145,0.625,1,20,2.5,4.9,-0.829,1,1,3,1,2
design,1000,7,senior,100.3,93,0.912,0.768,4.08,0.038,0.795,14,20,9.6,7.4,-1.0,0,1,3,1,1
dev,5000,30,junior,11.02,30,0.562,0.479,3.36,0.189,0.7,3,10,8.7,2.0,0.088,1,1,1,0,2
dev,500,30,junior,11.83,14,0.708,0.821,2.71,0.19,0.547,1,30,4.9,1.0,0.946,1,1,1,1,2
design,2000,7,mid,28.05,10,0.899,0.708,4.02,0.182,0.726,1,30,9.8,4.5,0.561,1,1,2,0,1
design,500,7,expert,109.73,60,0.786,0.762,4.52,0.125,0.826,0,30,7.1,8.3,-1.0,1,1,4,0,1
marketing,20000,60,senior,91.75,135,0.894,0.76,4.27,0.088,0.634,7,40,0.0,3.3,0.184,1,1,3,0,3
marketing,10000,30,senior,62.39,85,0.881,0.685,3.96,0.086,0.698,14,40,2.8,7.7,0.25,1,1,3,1,3
marketing,2000,90,mid,37.64,56,0.873,0.692,3.53,0.121,0.416,3,20,1.6,4.9,0.753,1,1,2,1,3
design,2000,60,junior,12.19,5,0.744,0.732,2.72,0.249,0.582,1,20,0.6,1.9,0.244,1,1,1,1,1
design,5000,14,mid,46.19,11,0.759,0.735,3.98,0.167,0.61,0,40,0.1,2.8,0.37,1,1,2,0,1
data,10000,60,mid,24.62,64,0.692,0.539,4.06,0.195,0.757,0,20,0.8,4.6,0.098,1,1,2,1,0
writing,10000,30,expert,78.05,200,1.0,0.913,4.72,0.0,0.849,0,30,0.8,8.3,0.312,1,1,4,1,4
marketing,500,14,junior,18.77,18,0.573,0.642,3.05,0.174,0.518,30,30,3.2,2.5,0.498,0,1,1,0,3
design,5000,60,senior,43.41,56,0.91,0.813,4.46,0.116,0.832,1,30,4.8,7.3,0.347,1,1,3,0,1
writing,5000,7,junior,19.68,2,0.605,0.488,3.58,0.266,0.512,0,20,3.2,1.3,0.157,1,0,1,0,4
design,1000,7,junior,17.68,31,0.657,0.785,3.65,0.196,0.623,1,40,11.9,1.6,0.707,1,1,1,1,1
writing,1000,60,expert,99.78,57,0.979,1.0,4.53,0.047,0.763,0,30,29.3,9.2,-1.0,1,1,4,1,4
design,5000,60,senior,71.1,3,0.812,0.835,4.55,0.133,0.781,7,10,1.5,5.5,0.569,1,1,3,0,1
marketing,1000,90,expert,69.76,55,1.0,0.767,4.27,0.06,0.748,14,40,2.6,8.9,-0.79,1,1,4,1,3
data,1000,60,junior,8.0,18,0.72,0.461,3.01,0.192,0.488,0,10,26.2,3.4,0.32,1,1,1,0,0
writing,2000,14,mid,49.96,1,0.751,0.811,4.35,0.158,0.646,0,30,20.9,4.0,0.999,1,1,2,1,4
dev,1000,90,mid,41.62,25,0.703,0.848,3.68,0.093,0.579,0,40,1.8,4.4,0.335,1,1,2,1,2
marketing,2000,60,junior,15.64,34,0.597,0.588,3.71,0.179,0.397,14,20,14.7,2.6,0.313,1,1,1,1,3
design,500,14,senior,71.1,3,0.812,0.835,4.55,0.133,0.781,7,10,1.5,5.5,-1.0,0,1,3,1,1
marketing,20000,30,senior,29.47,116,0.814,0.813,3.8,0.09,0.877,0,40,3.3,5.3,0.059,1,0,3,0,3
design,10000,30,mid,17.48,99,0.865,0.623,3.79,0.12,0.784,3,30,13.8,4.6,0.07,1,1,2,0,1
dev,5000,30,junior,15.83,44,0.644,0.721,3.21,0.16,0.207,3,20,2.7,0.2,0.127,1,1,1,1,2
dev,500,30,senior,47.26,13,0.965,0.774,4.82,0.123,0.953,1,20,6.0,5.5,-1.0,1,1,3,0,2
writing,1000,14,mid,18.82,41,0.83,0.746,4.29,0.088,0.66,0,20,10.7,4.8,0.753,1,1,2,1,4
marketing,10000,30,expert,91.34,35,1.0,0.785,4.58,0.058,0.803,30,20,18.4,8.6,0.365,0,1,4,1,3
writing,1000,7,senior,111.41,38,0.893,0.987,4.35,0.143,0.918,1,30,8.2,6.5,-1.0,1,1,3,1,4
design,1000,60,expert,73.4,8,0.99,0.988,4.55,0.068,0.865,3,10,0.7,8.1,-0.936,1,1,4,1,1
data,2000,60,expert,44.21,62,0.977,0.836,4.09,0.058,0.681,7,20,7.8,9.3,0.884,1,1,4,1,0
marketing,2000,7,senior,57.06,6,0.959,0.992,4.17,0.095,0.758,0,30,0.4,5.0,0.859,1,1,3,1,3
marketing,2000,60,expert,96.65,60,0.868,0.839,4.46,0.012,0.889,0,40,2.7,6.6,0.067,1,1,4,1,3
writing,2000,7,mid,38.07,17,0.84,0.587,4.26,0.195,0.569,0,20,7.5,1.5,0.761,1,1,2,0,4
dev,1000,90,mid,28.79,17,0.904,0.568,3.24,0.211,0.886,1,10,4.1,3.9,0.848,1,1,2,0,2
writing,5000,14,senior,62.48,8,0.896,0.884,4.06,0.133,0.733,0,20,5.1,6.7,0.5,1,1,3,1,4
data,2000,30,mid,18.68,34,0.768,0.695,3.3,0.15,0.875,0,30,10.6,3.9,0.374,1,1,2,1,0
dev,2000,60,mid,54.51,18,0.873,0.876,3.97,0.158,0.806,0,10,0.3,5.1,0.91,1,1,2,1,2
dev,500,7,expert,90.27,1,0.972,0.88,4.95,0.108,0.871,3,40,17.3,8.3,-1.0,1,1,4,1,2
marketing,500,60,senior,71.45,38,0.852,0.973,4.08,0.065,0.779,0,40,3.3,5.2,-1.0,1,1,3,1,3
writing,1000,30,junior,10.76,87,0.71,0.781,3.47,0.19,0.499,0,20,2.0,1.5,0.43,1,1,1,1,4
data,1000,30,senior,85.63,8,0.896,0.806,4.37,0.124,0.579,14,30,2.0,6.0,-1.0,1,1,3,1,0
design,5000,30,mid,39.86,20,0.873,0.721,4.24,0.139,0.69,7,10,3.4,3.9,0.319,1,0,2,1,1
data,10000,60,mid,18.68,34,0.768,0.695,3.3,0.15,0.875,0,30,10.6,3.9,0.075,1,1,2,0,0
design,500,90,junior,13.81,12,0.726,0.607,3.71,0.203,0.542,0,40,0.3,1.5,0.895,1,0,1,1,1
data,5000,30,senior,41.21,32,0.794,0.96,4.7,0.138,0.736,0,30,8.6,5.9,0.33,1,1,3,1,0
writing,10000,30,expert,33.72,110,0.946,0.911,5.0,0.082,0.849,3,10,3.9,8.9,0.135,1,1,4,1,4
writing,5000,60,mid,22.46,32,0.791,0.887,4.0,0.143,0.803,1,20,1.3,3.8,0.18,1,1,2,0,4
writing,1000,30,junior,8.0,5,0.653,0.597,2.29,0.176,0.595,14,30,2.1,2.0,0.32,1,1,1,1,4
marketing,1000,14,junior,13.81,12,0.726,0.607,3.71,0.203,0.542,0,40,0.3,1.5,0.552,1,1,1,0,3
data,2000,14,junior,8.0,18,0.72,0.461,3.01,0.192,0.488,0,10,26.2,3.4,0.16,1,1,1,1,0
design,5000,60,junior,8.0,24,0.562,0.664,3.14,0.231,0.471,0,10,5.3,1.5,0.064,1,1,1,1,1
writing,10000,90,mid,26.42,105,0.737,0.739,3.26,0.168,0.767,0,10,21.9,3.3,0.106,1,1,2,1,4
data,2000,7,mid,39.86,20,0.873,0.721,4.24,0.139,0.69,7,10,3.4,3.9,0.797,0,1,2,1,0
marketing,500,14,mid,33.23,43,0.828,0.674,3.75,0.145,0.645,0,10,8.6,4.0,-0.658,1,0,2,1,3
design,1000,7,senior,98.51,2,0.681,0.763,4.49,0.048,0.725,3,10,7.1,5.5,-1.0,1,1,3,1,1
data,500,30,senior,80.08,21,0.951,0.876,3.97,0.06,0.778,3,40,8.3,6.3,-1.0,1,1,3,1,0
writing,500,30,junior,20.38,2,0.705,0.414,3.35,0.21,0.473,0,20,5.8,2.1,0.37,1,1,1,1,4
writing,1000,90,expert,73.4,8,0.99,0.988,4.55,0.068,0.865,3,10,0.7,8.1,-0.936,1,0,4,1,4
writing,10000,30,senior,52.2,36,1.0,0.855,3.75,0.09,0.703,0,30,1.0,6.7,0.209,1,1,3,1,4
dev,1000,30,junior,8.0,1,0.606,0.698,3.29,0.166,0.631,3,40,7.7,1.6,0.32,1,1,1,0,2
design,1000,60,senior,79.55,17,0.851,1.0,4.68,0.111,0.94,0,10,2.3,5.2,-1.0,1,1,3,1,1
writing,1000,60,senior,87.16,72,0.897,1.0,5.0,0.058,0.611,1,40,1.1,6.8,-1.0,1,1,3,1,4
design,20000,14,senior,51.22,66,0.877,0.845,4.41,0.106,0.621,3,30,4.9,5.3,0.102,1,0,3,1,1
design,1000,7,junior,27.78,10,0.781,0.704,2.79,0.218,0.491,7,20,2.0,1.9,0.889,0,0,1,1,1
writing,5000,30,senior,76.82,27,0.853,0.874,4.08,0.115,0.714,30,30,0.1,7.6,0.615,0,1,3,1,4
data,500,14,junior,10.08,91,0.646,0.553,2.84,0.2,0.504,7,30,6.1,1.0,0.806,0,1,1,0,0
writing,2000,30,mid,36.77,27,0.613,0.902,3.79,0.159,0.675,0,10,7.7,3.6,0.735,1,1,2,1,4
writing,500,60,mid,38.29,4,0.779,0.796,4.85,0.152,0.557,0,20,9.8,2.3,-1.0,1,1,2,1,4
design,2000,90,junior,13.46,12,0.509,0.67,3.57,0.236,0.535,0,20,10.6,2.2,0.269,1,1,1,0,1
data,10000,30,junior,13.64,0,0.0,0.0,0.0,0.0,0.0,0,40,1.7,3.0,0.055,1,1,1,1,0
writing,5000,90,junior,20.47,0,0.0,0.0,0.0,0.0,0.0,1,30,6.8,0.0,0.164,1,1,1,0,4
data,1000,7,expert,128.12,17,1.0,1.0,4.78,0.054,0.733,3,10,8.3,10.0,-1.0,1,1,4,1,0
data,20000,60,junior,24.73,17,0.746,0.448,3.03,0.211,0.707,3,20,1.9,1.9,0.049,1,1,1,1,0
writing,5000,14,senior,57.83,52,0.836,0.848,4.83,0.123,0.669,7,20,2.8,5.7,0.463,0,1,3,0,4
dev,500,30,expert,90.27,1,0.972,0.88,4.95,0.108,0.871,3,40,17.3,8.3,-1.0,1,1,4,1,2
writing,500,14,mid,8.88,5,0.707,0.763,4.59,0.171,0.784,14,20,7.9,4.8,0.71,0,1,2,1,4
writing,10000,14,mid,37.39,15,0.702,0.848,4.09,0.104,0.764,0,20,1.1,4.5,0.15,1,1,2,1,4
data,2000,30,junior,16.76,1,0.537,0.492,3.17,0.175,0.489,14,30,12.2,0.5,0.335,1,1,1,0,0
marketing,1000,14,mid,29.48,67,0.794,0.747,4.1,0.223,0.626,3,20,2.5,3.7,0.821,1,0,2,1,3
design,1000,30,expert,108.7,71,0.915,1.0,4.27,0.0,0.795,7,20,2.4,6.4,-1.0,1,1,4,1,1
marketing,5000,90,mid,32.06,78,0.768,0.729,3.59,0.116,0.752,30,20,1.8,3.7,0.256,1,1,2,0,3
dev,1000,30,mid,37.62,27,0.66,0.772,3.87,0.194,0.607,0,40,2.2,3.7,0.495,1,1,2,0,2
writing,5000,14,mid,44.66,35,0.865,0.712,4.11,0.172,0.558,0,20,1.5,3.8,0.357,1,1,2,1,4
writing,10000,14,mid,37.39,15,0.702,0.848,4.09,0.104,0.764,0,20,1.1,4.5,0.15,1,1,2,1,4
data,2000,30,mid,18.68,34,0.768,0.695,3.3,0.15,0.875,0,30,10.6,3.9,0.374,1,1,2,1,0
writing,2000,30,mid,45.99,57,0.826,0.7,4.45,0.145,0.693,3,10,2.4,2.7,0.92,1,1,2,1,4
writing,500,14,mid,35.92,23,0.639,0.935,3.96,0.108,0.616,0,20,8.1,4.8,-0.874,1,1,2,1,4
dev,10000,90,senior,45.73,5,0.93,0.836,4.44,0.085,0.737,7,20,1.7,5.2,0.183,1,1,3,0,2
marketing,5000,14,senior,86.85,34,0.906,0.828,5.0,0.059,0.669,0,30,0.1,7.7,0.695,1,1,3,1,3
design,500,30,senior,68.7,84,0.772,0.766,4.14,0.077,0.693,14,30,0.3,5.3,-1.0,1,0,3,1,1
dev,1000,60,senior,35.36,63,0.834,0.876,4.65,0.145,0.625,1,20,2.5,4.9,0.586,1,1,3,1,2
dev,1000,7,expert,76.54,45,0.881,0.96,4.65,0.045,0.855,0,20,0.5,7.6,-1.0,1,1,4,1,2
data,20000,90,senior,73.05,2,0.832,0.838,4.47,0.146,0.788,3,30,9.3,5.6,0.146,1,1,3,1,0
writing,500,60,mid,45.99,57,0.826,0.7,4.45,0.145,0.693,3,10,2.4,2.7,-1.0,1,1,2,1,4
dev,2000,60,expert,82.97,1,1.0,0.732,5.0,0.084,0.733,14,10,1.6,9.0,0.341,1,1,4,1,2
marketing,1000,60,senior,68.52,22,0.993,0.874,4.14,0.15,0.889,0,40,0.4,4.8,-0.741,1,1,3,1,3
design,1000,90,mid,47.84,5,0.759,0.753,4.59,0.148,0.495,0,30,3.4,4.9,0.086,1,0,2,1,1
dev,20000,7,mid,23.37,18,0.762,0.717,3.94,0.141,0.743,1,20,4.4,3.6,0.047,1,1,2,1,2
marketing,10000,60,junior,19.44,65,0.602,0.666,3.65,0.174,0.554,30,30,6.1,2.8,0.078,0,1,1,1,3
dev,10000,30,senior,77.72,103,0.776,0.852,4.6,0.099,0.853,0,20,6.2,6.6,0.311,1,1,3,1,2
design,500,14,senior,53.0,200,0.786,0.907,4.68,0.147,0.828,1,40,7.7,5.6,-1.0,1,0,3,1,1
data,500,14,mid,38.72,25,0.808,0.643,3.82,0.13,0.494,0,10,17.0,4.8,-1.0,1,0,2,0,0
design,5000,30,mid,34.13,36,0.832,0.805,3.88,0.15,0.599,3,30,5.2,3.9,0.273,1,1,2,1,1
data,500,30,junior,8.26,31,0.752,0.666,2.74,0.223,0.453,14,10,12.1,1.0,0.661,1,1,1,0,0
data,5000,90,mid,30.44,14,0.913,0.653,3.87,0.131,0.754,7,10,18.6,4.2,0.244,1,1,2,1,0
design,2000,60,junior,8.0,2,0.617,0.677,3.04,0.192,0.537,0,20,16.1,1.4,0.16,1,1,1,0,1
marketing,2000,14,junior,13.81,12,0.726,0.607,3.71,0.203,0.542,0,40,0.3,1.5,0.276,1,1,1,1,3
design,2000,30,mid,21.86,13,0.858,0.727,3.77,0.19,0.896,0,10,10.8,4.7,0.437,1,1,2,1,1
marketing,5000,60,junior,16.84,11,0.723,0.573,3.35,0.219,0.371,0,20,9.9,2.6,0.135,1,1,1,0,3
marketing,20000,30,junior,19.23,10,0.619,0.566,2.71,0.222,0.53,7,30,26.7,1.3,0.038,1,1,1,0,3
data,2000,30,expert,93.67,29,0.959,0.93,4.77,0.035,0.779,3,30,0.7,6.8,0.127,1,1,4,0,0
writing,1000,14,mid,31.7,7,0.81,0.736,3.72,0.195,0.479,0,20,1.8,4.3,0.732,1,1,2,1,4
design,500,30,senior,69.99,55,0.959,0.73,4.6,0.095,0.861,1,30,0.3,6.5,-1.0,1,1,3,1,1
marketing,500,14,senior,68.52,22,0.993,0.874,4.14,0.15,0.889,0,40,0.4,4.8,-1.0,1,1,3,1,3
marketing,20000,30,junior,19.47,8,0.733,0.529,3.75,0.205,0.818,3,30,10.0,1.3,0.039,1,1,1,0,3
design,1000,90,mid,31.7,7,0.81,0.736,3.72,0.195,0.479,0,20,1.8,4.3,0.732,1,0,2,1,1
marketing,1000,14,mid,20.08,10,0.893,0.75,4.0,0.129,0.617,7,20,2.2,3.5,0.803,0,0,2,0,3
data,500,30,mid,20.65,1,0.681,0.846,4.17,0.141,0.633,3,10,0.6,4.6,0.348,1,1,2,1,0
data,500,7,mid,47.84,5,0.759,0.753,4.59,0.148,0.495,0,30,3.4,4.9,-1.0,1,1,2,0,0
data,1000,14,junior,11.75,3,0.639,0.499,2.73,0.215,0.61,1,10,5.9,3.3,0.47,1,0,1,0,0
marketing,10000,14,mid,18.11,52,0.739,0.817,3.94,0.16,0.7,1,20,4.8,4.5,0.072,1,1,2,0,3
design,500,90,senior,93.43,63,0.952,0.759,4.37,0.158,0.755,3,30,3.8,5.0,-1.0,1,0,3,1,1
writing,1000,7,mid,36.77,27,0.613,0.902,3.79,0.159,0.675,0,10,7.7,3.6,0.529,1,1,2,1,4
data,500,90,senior,70.76,10,0.879,0.935,4.59,0.147,0.877,0,20,7.5,6.7,-1.0,1,0,3,1,0
dev,1000,7,mid,26.91,76,0.682,0.8,5.0,0.147,0.719,3,10,6.9,4.1,0.924,1,1,2,1,2
dev,10000,90,senior,57.97,71,0.75,0.847,4.1,0.151,0.862,1,20,2.4,5.7,0.232,1,1,3,1,2
writing,1000,60,junior,18.73,0,0.0,0.0,0.0,0.0,0.0,30,10,9.5,1.4,0.749,0,1,1,1,4
data,1000,30,senior,35.11,25,0.902,0.931,4.53,0.11,0.939,1,20,12.7,7.3,0.596,1,0,3,1,0
writing,10000,14,junior,19.17,9,0.659,0.557,3.74,0.161,0.705,1,20,4.1,1.0,0.077,1,1,1,0,4
design,10000,90,senior,52.17,70,0.948,0.84,4.38,0.057,0.891,0,10,7.1,6.5,0.209,1,1,3,0,1
dev,500,14,junior,17.21,52,0.621,0.541,3.21,0.203,0.498,1,10,5.3,1.9,0.623,1,0,1,1,2
data,2000,14,mid,20.65,1,0.681,0.846,4.17,0.141,0.633,3,10,0.6,4.6,0.413,1,1,2,0,0
dev,500,60,mid,44.55,14,0.925,0.792,4.03,0.177,0.618,1,10,1.7,4.5,-1.0,1,0,2,1,2
writing,20000,30,senior,86.85,34,0.906,0.828,5.0,0.059,0.669,0,30,0.1,7.7,0.174,1,0,3,1,4
data,5000,60,expert,122.24,152,0.998,1.0,4.88,0.045,0.816,1,40,1.2,6.1,0.978,1,1,4,1,0
writing,2000,30,junior,8.0,5,0.653,0.597,2.29,0.176,0.595,14,30,2.1,2.0,0.16,1,1,1,1,4
writing,2000,90,mid,8.16,40,0.791,0.639,4.02,0.131,0.391,7,10,3.4,2.8,0.163,1,1,2,1,4
writing,2000,7,mid,31.7,7,0.81,0.736,3.72,0.195,0.479,0,20,1.8,4.3,0.634,1,1,2,1,4
writing,2000,30,junior,14.5,5,0.638,0.503,3.31,0.197,0.813,3,10,5.6,1.0,0.29,1,0,1,0,4
design,500,60,mid,15.29,175,0.858,0.655,3.35,0.14,0.62,14,40,11.8,5.1,0.777,1,1,2,0,1
design,1000,60,senior,35.36,63,0.834,0.876,4.65,0.145,0.625,1,20,2.5,4.9,0.586,1,0,3,0,1
design,10000,30,junior,14.83,5,0.559,0.514,2.67,0.226,0.457,3,40,8.5,0.8,0.059,1,0,1,0,1
marketing,2000,14,mid,35.2,120,0.588,0.689,4.5,0.19,0.661,1,30,13.3,3.9,0.704,1,1,2,1,3
marketing,2000,30,junior,9.34,25,0.709,0.669,3.69,0.226,0.575,0,20,1.7,2.9,0.187,1,1,1,1,3
writing,2000,90,mid,24.61,7,0.76,0.761,4.38,0.182,0.622,0,40,2.5,2.7,0.492,1,1,2,1,4
design,2000,30,senior,73.22,87,0.832,0.949,4.68,0.111,0.887,0,20,0.5,4.4,0.536,1,1,3,1,1
data,500,14,junior,16.76,1,0.537,0.492,3.17,0.175,0.489,14,30,12.2,0.5,0.659,0,1,1,0,0
marketing,10000,7,junior,17.87,1,0.602,0.676,3.69,0.223,0.478,1,20,15.9,4.4,0.071,1,1,1,0,3
dev,20000,90,mid,11.87,88,0.762,0.704,3.8,0.205,0.77,0,20,17.6,4.8,0.024,1,0,2,1,2
dev,1000,60,mid,25.41,7,0.779,0.754,3.56,0.157,0.645,0,20,13.3,3.6,0.984,1,1,2,1,2
writing,2000,14,expert,122.36,0,0.0,0.0,0.0,0.0,0.0,7,40,0.9,8.1,-0.447,0,0,4,1,4
data,1000,14,senior,27.63,15,1.0,0.777,3.63,0.151,0.873,0,20,14.0,5.5,0.895,1,1,3,1,0
marketing,5000,30,junior,20.79,19,0.593,0.497,2.35,0.238,0.517,1,30,13.7,1.7,0.166,1,1,1,1,3
data,2000,30,mid,38.56,7,0.794,0.853,4.14,0.124,0.929,1,40,10.6,4.3,0.771,1,1,2,1,0
marketing,20000,30,mid,29.87,16,0.88,0.648,4.15,0.113,0.857,3,30,12.7,5.8,0.06,1,1,2,1,3
writing,2000,14,expert,111.96,76,0.891,0.964,4.51,0.0,0.917,3,10,0.7,7.8,-0.239,1,0,4,1,4
design,10000,14,expert,109.73,60,0.786,0.762,4.52,0.125,0.826,0,30,7.1,8.3,0.439,1,1,4,1,1
data,2000,14,mid,38.56,7,0.794,0.853,4.14,0.124,0.929,1,40,10.6,4.3,0.771,1,1,2,1,0
marketing,1000,14,junior,15.64,34,0.597,0.588,3.71,0.179,0.397,14,20,14.7,2.6,0.626,0,1,1,1,3
marketing,20000,60,senior,57.06,6,0.959,0.992,4.17,0.095,0.758,0,30,0.4,5.0,0.114,1,1,3,1,3
writing,500,60,senior,117.35,27,0.889,0.746,4.56,0.114,0.832,0,20,12.4,5.0,-1.0,1,0,3,0,4
writing,5000,14,junior,26.24,5,0.493,0.592,3.26,0.16,0.435,1,10,15.8,1.2,0.21,1,1,1,0,4
writing,500,90,expert,78.05,200,1.0,0.913,4.72,0.0,0.849,0,30,0.8,8.3,-1.0,1,1,4,1,4
design,2000,7,mid,30.73,132,0.687,0.673,3.74,0.191,0.642,3,30,1.3,2.5,0.615,1,1,2,1,1
marketing,1000,30,senior,63.5,84,0.84,0.898,4.45,0.089,0.864,0,40,4.4,6.3,-0.54,1,1,3,1,3
data,1000,90,senior,54.59,9,0.767,0.951,4.46,0.17,0.819,0,30,0.8,6.5,-0.184,1,1,3,1,0
data,2000,14,junior,13.2,17,0.799,0.789,3.9,0.229,0.488,7,20,0.5,2.8,0.264,0,0,1,1,0
marketing,500,60,senior,71.45,38,0.852,0.973,4.08,0.065,0.779,0,40,3.3,5.2,-1.0,1,1,3,1,3
dev,1000,30,expert,127.78,6,1.0,0.975,4.5,0.037,0.801,1,20,15.6,8.0,-1.0,1,1,4,1,2
marketing,5000,14,mid,30.38,109,0.826,0.688,4.32,0.154,0.605,3,40,33.1,1.8,0.243,1,1,2,0,3
data,1000,7,expert,96.25,104,1.0,0.937,4.92,0.045,0.867,30,10,6.9,7.4,-1.0,0,1,4,1,0
data,2000,30,junior,19.88,12,0.667,0.439,2.97,0.146,0.604,0,10,3.6,2.3,0.398,1,1,1,0,0
dev,2000,7,junior,11.83,14,0.708,0.821,2.71,0.19,0.547,1,30,4.9,1.0,0.237,1,1,1,1,2
marketing,1000,14,senior,42.04,67,0.902,0.858,4.27,0.082,0.773,0,40,0.8,7.3,0.318,1,1,3,1,3
marketing,500,30,senior,77.28,99,0.868,0.872,4.52,0.152,0.797,3,40,4.1,5.6,-1.0,1,1,3,1,3
data,1000,14,expert,101.71,65,0.959,1.0,4.29,0.053,0.702,1,30,2.8,7.1,-1.0,1,1,4,1,0
writing,10000,60,expert,58.7,20,0.875,0.658,3.56,0.026,0.846,3,10,14.1,8.3,0.235,1,1,4,1,4
data,10000,30,junior,12.66,32,0.669,0.444,3.38,0.225,0.351,1,30,30.8,2.4,0.051,1,1,1,1,0
data,1000,7,senior,79.26,44,0.767,0.827,4.85,0.116,0.972,1,10,3.8,5.7,-1.0,1,1,3,1,0
design,1000,14,junior,17.68,31,0.657,0.785,3.65,0.196,0.623,1,40,11.9,1.6,0.707,1,1,1,1,1
writing,1000,30,expert,87.97,0,0.0,0.0,0.0,0.0,0.0,7,30,5.8,7.4,-1.0,1,1,4,1,4
design,1000,30,mid,36.29,7,0.785,0.555,4.03,0.119,0.851,14,40,17.5,4.5,0.548,1,1,2,1,1
dev,2000,90,mid,54.51,18,0.873,0.876,3.97,0.158,0.806,0,10,0.3,5.1,0.91,1,1,2,1,2
marketing,1000,60,junior,14.11,54,0.579,0.717,3.46,0.135,0.497,0,40,9.2,2.0,0.564,1,1,1,0,3
dev,5000,30,mid,14.78,50,0.72,0.631,3.56,0.118,0.632,3,30,4.0,4.8,0.118,1,1,2,1,2
data,2000,90,expert,93.67,29,0.959,0.93,4.77,0.035,0.779,3,30,0.7,6.8,0.127,1,1,4,0,0
dev,5000,60,senior,57.18,17,0.757,0.715,4.74,0.043,0.757,1,20,8.4,7.4,0.457,1,1,3,0,2
marketing,2000,90,junior,23.02,24,0.679,0.477,2.85,0.193,0.558,7,40,4.0,1.7,0.46,1,0,1,1,3
dev,20000,60,junior,27.53,29,0.648,0.422,3.15,0.21,0.601,30,20,4.8,2.3,0.055,0,1,1,0,2
dev,1000,30,junior,8.26,31,0.752,0.666,2.74,0.223,0.453,14,10,12.1,1.0,0.33,1,0,1,1,2
design,1000,30,junior,21.46,59,0.504,0.601,2.94,0.203,0.343,0,20,10.3,0.1,0.858,1,1,1,1,1
writing,5000,60,junior,16.87,17,0.58,0.716,3.24,0.226,0.496,7,30,1.4,1.9,0.135,1,1,1,0,4
writing,2000,30,mid,44.66,35,0.865,0.712,4.11,0.172,0.558,0,20,1.5,3.8,0.893,1,1,2,1,4
data,1000,90,mid,33.23,43,0.828,0.674,3.75,0.145,0.645,0,10,8.6,4.0,0.671,1,0,2,0,0
marketing,1000,90,mid,44.55,14,0.925,0.792,4.03,0.177,0.618,1,10,1.7,4.5,0.218,1,1,2,0,3
design,1000,14,senior,31.26,58,0.882,0.862,4.72,0.078,0.785,3,20,2.7,6.1,0.75,1,0,3,1,1
dev,10000,30,junior,9.8,15,0.726,0.507,3.46,0.224,0.56,7,20,6.3,3.8,0.039,1,1,1,1,2
data,500,90,mid,24.93,33,0.672,0.761,3.83,0.165,0.651,0,30,14.3,4.7,0.006,1,0,2,1,0
design,2000,90,junior,8.49,13,0.613,0.639,3.52,0.175,0.566,3,10,9.3,1.5,0.17,1,0,1,1,1
data,1000,30,junior,23.02,24,0.679,0.477,2.85,0.193,0.558,7,40,4.0,1.7,0.921,1,1,1,0,0
design,500,14,expert,93.25,82,0.99,0.907,3.61,0.057,0.87,14,40,2.9,8.6,-1.0,0,0,4,0,1
writing,5000,14,senior,76.1,16,0.882,0.759,4.7,0.086,0.623,14,20,3.0,5.0,0.609,0,0,3,0,4
design,500,60,mid,38.36,38,0.84,0.584,4.26,0.19,0.642,1,20,0.1,3.4,-1.0,1,0,2,0,1
design,5000,30,senior,46.14,108,0.959,0.944,4.03,0.126,0.613,3,20,0.5,7.5,0.369,1,1,3,1,1
writing,1000,7,mid,24.92,186,0.945,0.646,4.05,0.132,0.642,14,40,3.3,2.3,0.997,0,1,2,1,4
writing,1000,90,senior,62.48,8,0.896,0.884,4.06,0.133,0.733,0,20,5.1,6.7,-0.499,1,1,3,1,4
writing,500,30,mid,30.07,77,0.741,0.808,2.95,0.107,0.631,0,20,10.2,2.7,-0.406,1,1,2,1,4
dev,2000,30,mid,28.05,10,0.899,0.708,4.02,0.182,0.726,1,30,9.8,4.5,0.561,1,0,2,1,2
dev,1000,30,senior,52.32,41,0.922,0.723,4.28,0.082,0.761,0,10,19.8,6.5,-0.093,1,1,3,1,2
writing,2000,60,mid,8.16,40,0.791,0.639,4.02,0.131,0.391,7,10,3.4,2.8,0.163,1,1,2,1,4
data,500,14,junior,19.65,21,0.685,0.721,3.13,0.231,0.579,14,40,0.5,1.3,0.428,0,1,1,1,0
marketing,10000,30,mid,26.38,173,0.715,0.812,3.99,0.151,0.582,0,20,1.6,5.3,0.106,1,0,2,0,3
dev,2000,30,senior,98.51,2,0.681,0.763,4.49,0.048,0.725,3,10,7.1,5.5,0.03,1,0,3,1,2
dev,10000,30,junior,10.08,91,0.646,0.553,2.84,0.2,0.504,7,30,6.1,1.0,0.04,1,0,1,0,2
dev,5000,7,junior,27.53,29,0.648,0.422,3.15,0.21,0.601,30,20,4.8,2.3,0.22,0,1,1,1,2
marketing,2000,60,senior,56.15,5,0.953,0.736,4.95,0.108,0.675,14,30,4.7,7.9,0.877,1,1,3,1,3
design,1000,30,junior,13.2,17,0.799,0.789,3.9,0.229,0.488,7,20,0.5,2.8,0.528,1,1,1,0,1
marketing,500,30,junior,15.64,34,0.597,0.588,3.71,0.179,0.397,14,20,14.7,2.6,0.749,1,1,1,1,3
dev,5000,60,senior,50.67,133,0.885,1.0,4.29,0.136,0.911,3,10,3.5,6.9,0.405,1,1,3,1,2
data,2000,7,senior,41.21,32,0.794,0.96,4.7,0.138,0.736,0,30,8.6,5.9,0.824,1,1,3,1,0
writing,1000,14,senior,76.82,27,0.853,0.874,4.08,0.115,0.714,30,30,0.1,7.6,-1.0,0,1,3,1,4
design,5000,14,expert,106.57,17,0.858,0.98,4.77,0.052,0.949,0,20,0.4,7.9,0.853,1,1,4,1,1
dev,500,30,senior,67.8,60,0.851,0.697,4.23,0.108,0.684,1,40,0.4,5.0,-1.0,1,1,3,1,2
marketing,500,30,senior,79.55,17,0.851,1.0,4.68,0.111,0.94,0,10,2.3,5.2,-1.0,1,0,3,0,3
writing,1000,60,senior,57.9,74,0.913,0.636,4.11,0.152,0.821,0,30,1.6,6.5,-0.316,1,1,3,1,4
data,1000,14,mid,39.46,56,0.81,0.809,4.5,0.134,0.618,3,30,0.1,2.9,0.422,1,1,2,1,0
data,500,14,expert,44.21,62,0.977,0.836,4.09,0.058,0.681,7,20,7.8,9.3,-1.0,0,1,4,1,0
marketing,5000,14,senior,57.06,6,0.959,0.992,4.17,0.095,0.758,0,30,0.4,5.0,0.456,1,1,3,1,3
writing,10000,14,senior,37.65,83,0.877,0.753,3.82,0.06,0.714,1,20,8.2,5.4,0.151,1,0,3,1,4
writing,5000,90,mid,41.9,118,0.722,0.793,4.04,0.112,0.838,1,10,0.2,3.4,0.335,1,1,2,0,4
dev,2000,60,senior,75.06,12,0.918,0.895,3.88,0.092,0.841,3,30,3.6,6.6,0.499,1,0,3,1,2
writing,1000,60,junior,18.03,7,0.721,0.679,3.28,0.232,0.693,7,20,7.9,3.3,0.721,1,0,1,0,4
writing,2000,30,senior,55.45,157,0.98,0.938,4.27,0.107,0.809,14,40,3.6,5.9,0.891,1,1,3,1,4
dev,20000,7,expert,103.04,54,1.0,0.799,4.44,0.01,0.871,1,20,2.6,8.7,0.206,1,1,4,1,2
writing,10000,14,mid,34.56,1,0.954,0.588,3.16,0.174,0.612,1,10,8.7,3.7,0.138,1,1,2,1,4
writing,2000,30,expert,73.4,8,0.99,0.988,4.55,0.068,0.865,3,10,0.7,8.1,0.532,1,0,4,1,4
marketing,2000,60,junior,9.19,1,0.793,0.532,2.63,0.19,0.568,3,30,3.4,2.6,0.184,1,1,1,1,3
data,10000,90,senior,47.26,13,0.965,0.774,4.82,0.123,0.953,1,20,6.0,5.5,0.189,1,0,3,1,0
design,500,30,senior,42.04,67,0.902,0.858,4.27,0.082,0.773,0,40,0.8,7.3,-1.0,1,0,3,0,1
data,1000,7,junior,8.0,18,0.72,0.461,3.01,0.192,0.488,0,10,26.2,3.4,0.32,1,1,1,0,0
dev,2000,60,senior,74.2,1,0.932,0.794,4.76,0.074,0.757,7,10,5.0,4.4,0.516,1,1,3,1,2
dev,2000,30,expert,90.27,1,0.972,0.88,4.95,0.108,0.871,3,40,17.3,8.3,0.195,1,1,4,1,2
data,2000,30,mid,29.79,35,0.753,0.804,4.16,0.151,0.681,3,40,17.5,3.8,0.596,1,1,2,1,0
data,2000,30,mid,30.44,14,0.913,0.653,3.87,0.131,0.754,7,10,18.6,4.2,0.609,1,1,2,1,0
design,5000,60,junior,17.68,31,0.657,0.785,3.65,0.196,0.623,1,40,11.9,1.6,0.141,1,1,1,1,1
data,1000,60,mid,38.73,11,0.762,0.821,3.58,0.195,0.653,0,20,0.2,4.1,0.451,1,1,2,1,0
data,1000,14,senior,75.06,12,0.918,0.895,3.88,0.092,0.841,3,30,3.6,6.6,-1.0,1,0,3,1,0
design,10000,90,junior,8.0,18,0.72,0.461,3.01,0.192,0.488,0,10,26.2,3.4,0.032,1,0,1,1,1
marketing,1000,30,mid,37.88,28,0.842,0.879,3.45,0.19,0.793,0,20,1.3,2.9,0.485,1,1,2,1,3
writing,500,60,mid,31.7,7,0.81,0.736,3.72,0.195,0.479,0,20,1.8,4.3,-0.536,1,1,2,1,4
data,1000,30,mid,17.14,33,0.763,0.813,4.79,0.155,0.703,3,40,9.6,4.0,0.686,1,1,2,0,0
design,20000,14,junior,19.17,9,0.659,0.557,3.74,0.161,0.705,1,20,4.1,1.0,0.038,1,0,1,0,1
writing,2000,90,expert,126.84,85,0.988,0.891,4.95,0.125,0.91,0,20,3.8,9.0,-0.537,1,0,4,1,4
marketing,5000,14,senior,35.7,36,0.859,0.805,4.29,0.019,0.775,14,20,5.2,5.0,0.286,0,1,3,1,3
data,10000,30,mid,24.0,57,0.812,0.639,3.82,0.152,0.695,0,40,0.5,4.1,0.096,1,1,2,1,0
writing,500,14,mid,8.16,40,0.791,0.639,4.02,0.131,0.391,7,10,3.4,2.8,0.653,0,1,2,1,4
writing,10000,30,mid,34.56,1,0.954,0.588,3.16,0.174,0.612,1,10,8.7,3.7,0.138,1,1,2,1,4
marketing,500,7,senior,54.02,32,1.0,0.889,4.89,0.106,0.785,3,30,4.9,6.3,-1.0,1,1,3,1,3
design,2000,30,mid,28.56,17,0.796,0.744,3.9,0.19,0.669,1,30,5.4,3.8,0.571,1,1,2,1,1
writing,5000,30,expert,99.78,57,0.979,1.0,4.53,0.047,0.763,0,30,29.3,9.2,0.798,1,1,4,1,4
design,1000,60,senior,82.33,33,0.841,0.838,5.0,0.058,0.942,7,20,3.7,7.3,-1.0,1,0,3,0,1
data,1000,30,junior,18.0,8,0.767,0.548,3.17,0.209,0.578,14,10,1.1,2.7,0.72,1,1,1,0,0
marketing,500,14,senior,76.09,2,0.888,0.895,3.8,0.132,0.68,7,10,4.3,3.7,-1.0,0,0,3,1,3
data,1000,90,mid,34.43,4,0.787,0.623,4.28,0.22,0.678,0,30,11.0,4.5,0.623,1,0,2,0,0
data,1000,30,expert,152.55,161,0.894,0.889,4.43,0.041,0.936,1,30,2.5,9.2,-1.0,1,1,4,1,0
dev,20000,14,mid,25.41,7,0.779,0.754,3.56,0.157,0.645,0,20,13.3,3.6,0.051,1,1,2,1,2
dev,2000,14,junior,8.0,1,0.606,0.698,3.29,0.166,0.631,3,40,7.7,1.6,0.16,1,1,1,1,2
data,1000,30,junior,9.32,17,0.691,0.567,2.95,0.19,0.695,3,30,11.1,3.2,0.373,1,1,1,0,0
writing,500,30,mid,18.82,41,0.83,0.746,4.29,0.088,0.66,0,20,10.7,4.8,0.494,1,1,2,1,4
design,2000,60,mid,21.7,116,0.775,0.774,4.26,0.079,0.579,3,30,0.4,5.4,0.434,1,1,2,1,1
design,10000,14,expert,103.62,67,1.0,0.999,4.91,0.016,0.993,0,30,44.7,6.9,0.414,1,1,4,1,1
marketing,1000,14,junior,19.23,10,0.619,0.566,2.71,0.222,0.53,7,30,26.7,1.3,0.769,0,1,1,1,3
design,5000,60,junior,19.44,65,0.602,0.666,3.65,0.174,0.554,30,30,6.1,2.8,0.156,0,0,1,0,1
marketing,1000,30,expert,78.23,105,0.979,0.728,4.65,0.03,0.661,7,10,0.5,9.0,-1.0,1,1,4,1,3
dev,500,60,mid,25.71,12,0.805,0.531,3.93,0.149,0.698,14,40,10.8,2.7,-0.057,1,1,2,1,2
writing,1000,14,junior,15.05,10,0.707,0.644,3.41,0.237,0.443,7,30,1.0,2.1,0.602,0,0,1,1,4
design,500,30,senior,67.16,41,0.957,0.772,4.56,0.125,0.789,7,10,1.6,5.4,-1.0,1,1,3,1,1
marketing,2000,90,senior,75.82,29,0.764,0.796,4.63,0.097,0.641,0,10,4.8,6.2,0.484,1,1,3,0,3
dev,5000,14,mid,8.16,40,0.791,0.639,4.02,0.131,0.391,7,10,3.4,2.8,0.065,0,0,2,0,2
design,1000,30,mid,44.55,14,0.925,0.792,4.03,0.177,0.618,1,10,1.7,4.5,0.218,1,0,2,1,1
design,500,60,mid,30.73,132,0.687,0.673,3.74,0.191,0.642,3,30,1.3,2.5,-0.458,1,1,2,1,1
data,500,14,mid,49.38,13,0.708,0.811,3.95,0.111,0.768,0,30,2.0,2.6,-1.0,1,1,2,0,0
writing,10000,7,mid,38.36,38,0.84,0.584,4.26,0.19,0.642,1,20,0.1,3.4,0.153,1,1,2,1,4
writing,10000,60,junior,8.0,5,0.653,0.597,2.29,0.176,0.595,14,30,2.1,2.0,0.032,1,1,1,1,4
data,500,14,expert,90.27,1,0.972,0.88,4.95,0.108,0.871,3,40,17.3,8.3,-1.0,1,0,4,1,0
writing,2000,60,mid,53.91,2,0.879,0.619,4.21,0.175,0.736,7,30,4.4,4.4,0.922,1,1,2,1,4
design,10000,14,mid,28.42,2,0.695,0.729,3.22,0.116,0.747,0,20,2.8,4.6,0.114,1,1,2,1,1
marketing,500,30,junior,9.27,14,0.775,0.429,3.19,0.175,0.733,1,10,22.3,2.6,0.742,1,1,1,1,3
design,5000,30,junior,12.4,28,0.581,0.632,4.04,0.195,0.567,7,40,1.3,2.9,0.099,1,1,1,1,1
design,1000,30,mid,51.6,44,0.832,0.841,3.78,0.166,0.74,1,20,4.2,6.0,-0.064,1,1,2,0,1
design,2000,30,expert,71.04,59,0.909,0.863,4.56,0.048,0.879,0,40,7.5,8.7,0.579,1,1,4,1,1
dev,500,90,expert,85.01,84,0.95,0.917,4.7,0.078,0.908,0,30,1.6,8.5,-1.0,1,1,4,1,2
writing,500,60,expert,107.25,200,0.954,0.853,4.46,0.086,0.828,3,30,0.9,8.9,-1.0,1,1,4,0,4
writing,1000,14,junior,20.37,42,0.59,0.567,3.38,0.227,0.525,0,30,3.6,0.8,0.815,1,1,1,1,4
marketing,2000,90,mid,44.6,7,0.665,0.711,3.92,0.082,0.67,7,30,0.5,4.0,0.892,1,1,2,1,3
marketing,5000,90,junior,8.0,11,0.706,0.857,3.45,0.14,0.514,0,30,0.7,2.1,0.064,1,1,1,1,3
marketing,2000,30,expert,132.56,11,0.935,1.0,4.68,0.085,0.786,1,20,4.2,7.7,-0.651,1,1,4,1,3
dev,1000,30,junior,15.83,44,0.644,0.721,3.21,0.16,0.207,3,20,2.7,0.2,0.633,1,1,1,1,2
dev,2000,30,mid,37.62,27,0.66,0.772,3.87,0.194,0.607,0,40,2.2,3.7,0.752,1,1,2,1,2
writing,2000,30,mid,35.75,11,0.917,0.817,3.74,0.221,0.895,30,20,3.9,4.6,0.715,0,0,2,0,4
data,2000,60,junior,9.25,36,0.612,0.517,2.98,0.159,0.542,1,40,0.3,0.3,0.185,1,1,1,0,0
marketing,1000,60,mid,49.36,2,0.643,0.652,3.65,0.151,0.646,3,20,1.9,3.1,0.026,1,1,2,1,3
design,5000,30,mid,34.81,17,0.728,0.814,3.47,0.127,0.759,0,40,0.1,4.2,0.278,1,1,2,0,1
data,500,30,mid,54.04,164,0.753,0.633,4.29,0.147,0.569,3,20,0.2,4.4,-1.0,1,1,2,1,0
dev,2000,30,junior,10.55,23,0.693,0.558,3.13,0.229,0.642,3,10,0.5,1.7,0.211,1,1,1,1,2
data,5000,60,junior,18.03,7,0.721,0.679,3.28,0.232,0.693,7,20,7.9,3.3,0.144,1,1,1,1,0
data,20000,60,senior,30.32,61,0.833,0.834,4.98,0.154,0.855,3,10,2.5,6.6,0.061,1,1,3,1,0
design,5000,30,mid,33.23,43,0.828,0.674,3.75,0.145,0.645,0,10,8.6,4.0,0.266,1,1,2,1,1
dev,500,60,expert,87.97,0,0.0,0.0,0.0,0.0,0.0,7,30,5.8,7.4,-1.0,1,0,4,0,2
marketing,5000,60,mid,42.65,24,0.798,0.674,3.68,0.171,0.797,14,20,4.8,3.7,0.341,1,1,2,0,3
writing,500,30,senior,68.52,22,0.993,0.874,4.14,0.15,0.889,0,40,0.4,4.8,-1.0,1,0,3,1,4
data,500,60,mid,38.57,5,0.66,0.789,3.8,0.195,0.625,0,20,9.9,3.4,-1.0,1,1,2,0,0
design,1000,14,junior,13.2,17,0.799,0.789,3.9,0.229,0.488,7,20,0.5,2.8,0.528,0,1,1,0,1
design,2000,7,mid,33.23,43,0.828,0.674,3.75,0.145,0.645,0,10,8.6,4.0,0.665,1,1,2,1,1
design,2000,7,mid,40.25,48,0.717,0.69,4.52,0.189,0.704,0,20,8.9,3.1,0.805,1,1,2,1,1
dev,1000,30,junior,19.21,2,0.654,0.464,3.27,0.178,0.433,14,20,31.3,2.0,0.768,1,1,1,0,2
dev,1000,60,mid,23.37,18,0.762,0.717,3.94,0.141,0.743,1,20,4.4,3.6,0.935,1,1,2,1,2
marketing,500,14,senior,59.84,59,0.917,0.965,4.61,0.097,1.0,0,30,5.1,6.9,-1.0,1,0,3,0,3
writing,1000,30,expert,102.04,22,0.973,0.897,5.0,0.076,0.938,0,30,1.9,7.5,-1.0,1,1,4,1,4
dev,500,30,mid,33.99,89,0.879,0.729,3.74,0.189,0.631,7,20,4.5,2.6,-0.719,1,1,2,1,2
dev,1000,60,expert,97.34,4,0.94,0.899,3.98,0.039,0.793,1,10,0.8,7.3,-1.0,1,1,4,1,2
marketing,10000,7,mid,29.87,16,0.88,0.648,4.15,0.113,0.857,3,30,12.7,5.8,0.119,1,1,2,1,3
writing,1000,7,mid,33.03,100,0.77,0.822,3.61,0.105,0.529,0,40,0.4,3.2,0.679,1,1,2,1,4
dev,2000,30,junior,13.96,0,0.0,0.0,0.0,0.0,0.0,3,40,1.2,1.8,0.279,1,0,1,0,2
writing,5000,30,mid,50.07,20,0.821,0.665,4.08,0.16,0.686,0,20,9.2,3.6,0.401,1,1,2,1,4
design,2000,14,mid,34.81,17,0.728,0.814,3.47,0.127,0.759,0,40,0.1,4.2,0.696,1,1,2,1,1
design,1000,30,mid,35.0,19,0.766,0.629,3.17,0.198,0.574,0,20,7.8,1.3,0.6,1,0,2,1,1
marketing,2000,90,mid,44.55,14,0.925,0.792,4.03,0.177,0.618,1,10,1.7,4.5,0.891,1,1,2,1,3
writing,2000,30,expert,116.92,3,0.85,0.709,4.91,0.01,0.928,7,30,6.4,8.4,-0.338,1,1,4,1,4
data,5000,60,expert,109.73,60,0.786,0.762,4.52,0.125,0.826,0,30,7.1,8.3,0.878,1,0,4,1,0
marketing,1000,30,junior,12.53,11,0.719,0.531,3.25,0.224,0.548,0,30,3.2,0.7,0.501,1,1,1,0,3
data,500,14,expert,154.05,25,0.968,0.855,4.39,0.057,0.968,14,40,1.4,8.8,-1.0,0,1,4,1,0
design,2000,14,junior,10.52,67,0.624,0.506,2.99,0.218,0.545,0,10,9.9,1.2,0.21,1,1,1,1,1
data,500,14,junior,8.0,24,0.562,0.664,3.14,0.231,0.471,0,10,5.3,1.5,0.64,1,0,1,0,0
design,500,30,mid,37.17,91,0.667,0.79,3.07,0.149,0.618,1,40,0.6,2.7,-0.974,1,1,2,0,1
marketing,2000,14,junior,18.77,18,0.573,0.642,3.05,0.174,0.518,30,30,3.2,2.5,0.375,0,1,1,0,3
design,1000,30,junior,17.68,31,0.657,0.785,3.65,0.196,0.623,1,40,11.9,1.6,0.707,1,1,1,1,1
marketing,2000,60,senior,68.52,22,0.993,0.874,4.14,0.15,0.889,0,40,0.4,4.8,0.63,1,1,3,1,3
writing,2000,60,junior,18.15,2,0.748,0.529,2.91,0.207,0.581,30,30,1.2,3.1,0.363,0,1,1,1,4
marketing,500,60,junior,12.53,11,0.719,0.531,3.25,0.224,0.548,0,30,3.2,0.7,0.998,1,1,1,1,3
marketing,5000,60,senior,65.17,2,0.861,0.909,4.45,0.101,0.829,1,40,6.7,5.9,0.521,1,1,3,0,3
design,1000,90,senior,65.74,13,0.99,0.85,4.76,0.102,0.793,3,30,10.8,5.4,-0.63,1,1,3,1,1
design,500,60,mid,23.7,45,0.82,0.721,4.4,0.162,0.657,1,30,11.8,3.1,0.104,1,1,2,0,1
dev,1000,14,senior,45.25,10,0.739,0.894,4.01,0.094,0.855,0,20,3.6,5.0,0.19,1,1,3,1,2
writing,10000,14,senior,52.2,36,1.0,0.855,3.75,0.09,0.703,0,30,1.0,6.7,0.209,1,1,3,1,4
marketing,1000,14,expert,116.92,3,0.85,0.709,4.91,0.01,0.928,7,30,6.4,8.4,-1.0,0,0,4,1,3
dev,5000,7,mid,24.87,38,0.621,0.756,4.01,0.05,0.618,7,40,2.7,3.0,0.199,0,1,2,1,2
design,5000,14,senior,79.18,57,0.924,0.934,4.18,0.094,0.944,0,30,2.0,6.6,0.633,1,1,3,1,1
marketing,1000,60,senior,54.02,32,1.0,0.889,4.89,0.106,0.785,3,30,4.9,6.3,-0.161,1,1,3,1,3
dev,5000,7,senior,79.1,41,0.954,0.84,4.19,0.104,0.726,7,30,34.9,7.6,0.633,0,0,3,0,2
dev,1000,60,junior,9.8,15,0.726,0.507,3.46,0.224,0.56,7,20,6.3,3.8,0.392,1,1,1,1,2
writing,5000,14,mid,22.46,32,0.791,0.887,4.0,0.143,0.803,1,20,1.3,3.8,0.18,1,1,2,1,4
marketing,500,30,junior,14.11,54,0.579,0.717,3.46,0.135,0.497,0,40,9.2,2.0,0.871,1,1,1,1,3
design,5000,30,senior,69.99,55,0.959,0.73,4.6,0.095,0.861,1,30,0.3,6.5,0.56,1,1,3,1,1
dev,10000,90,senior,69.1,27,0.767,0.659,4.55,0.074,0.889,14,10,7.6,4.3,0.276,1,1,3,1,2
dev,10000,30,senior,69.1,27,0.767,0.659,4.55,0.074,0.889,14,10,7.6,4.3,0.276,1,1,3,1,2
data,2000,30,junior,8.26,31,0.752,0.666,2.74,0.223,0.453,14,10,12.1,1.0,0.165,1,1,1,0,0
design,10000,30,mid,38.68,67,0.804,0.448,4.13,0.209,0.734,7,20,6.4,3.0,0.155,1,1,2,1,1
data,500,60,mid,45.99,57,0.826,0.7,4.45,0.145,0.693,3,10,2.4,2.7,-1.0,1,0,2,1,0
dev,5000,30,junior,16.85,59,0.747,0.525,3.13,0.174,0.551,30,10,8.4,0.0,0.135,0,1,1,1,2
dev,10000,60,senior,64.01,55,1.0,0.945,4.24,0.088,0.733,30,20,2.2,8.0,0.256,0,1,3,1,2
writing,2000,30,senior,53.42,69,0.716,0.728,4.44,0.147,0.843,14,20,1.2,6.3,0.932,1,1,3,1,4
writing,1000,30,mid,43.54,14,0.788,0.564,3.04,0.166,0.785,7,20,14.7,3.5,0.258,1,1,2,0,4
marketing,1000,60,expert,96.13,13,0.889,0.816,4.78,0.013,0.926,0,40,0.1,7.6,-1.0,1,1,4,1,3
writing,2000,60,junior,13.3,21,0.514,0.556,3.55,0.187,0.433,14,10,6.8,0.8,0.266,1,1,1,0,4
data,500,30,expert,121.18,138,1.0,0.905,4.68,0.062,0.85,3,10,4.5,8.2,-1.0,1,1,4,1,0
dev,2000,30,mid,24.87,38,0.621,0.756,4.01,0.05,0.618,7,40,2.7,3.0,0.497,1,1,2,1,2
data,5000,60,expert,128.12,17,1.0,1.0,4.78,0.054,0.733,3,10,8.3,10.0,0.975,1,1,4,1,0
data,2000,60,junior,8.26,31,0.752,0.666,2.74,0.223,0.453,14,10,12.1,1.0,0.165,1,1,1,0,0
marketing,1000,14,senior,79.1,41,0.954,0.84,4.19,0.104,0.726,7,30,34.9,7.6,-1.0,0,1,3,1,3
writing,500,14,mid,33.03,100,0.77,0.822,3.61,0.105,0.529,0,40,0.4,3.2,-0.642,1,1,2,1,4
writing,2000,14,junior,18.9,5,0.73,0.628,3.32,0.192,0.512,7,20,5.9,1.9,0.378,0,0,1,1,4
writing,1000,7,mid,34.56,1,0.954,0.588,3.16,0.174,0.612,1,10,8.7,3.7,0.618,1,1,2,1,4
data,2000,30,junior,17.21,52,0.621,0.541,3.21,0.203,0.498,1,10,5.3,1.9,0.344,1,1,1,1,0
design,2000,30,senior,65.74,13,0.99,0.85,4.76,0.102,0.793,3,30,10.8,5.4,0.685,1,1,3,1,1
writing,1000,14,senior,62.48,8,0.896,0.884,4.06,0.133,0.733,0,20,5.1,6.7,-0.499,1,1,3,1,4
dev,1000,60,junior,17.77,3,0.695,0.555,3.89,0.219,0.415,0,30,0.3,2.9,0.711,1,0,1,0,2
marketing,2000,60,expert,96.51,46,0.907,1.0,4.51,0.12,1.0,0,20,2.0,7.5,0.07,1,1,4,1,3
data,500,60,junior,13.64,0,0.0,0.0,0.0,0.0,0.0,0,40,1.7,3.0,0.909,1,1,1,0,0
dev,1000,30,senior,35.11,25,0.902,0.931,4.53,0.11,0.939,1,20,12.7,7.3,0.596,1,1,3,1,2
dev,5000,14,mid,54.51,18,0.873,0.876,3.97,0.158,0.806,0,10,0.3,5.1,0.436,1,1,2,1,2
marketing,2000,30,mid,29.66,49,0.711,0.843,3.79,0.127,0.753,1,30,13.3,3.5,0.593,1,1,2,1,3
data,5000,14,senior,80.08,21,0.951,0.876,3.97,0.06,0.778,3,40,8.3,6.3,0.641,1,1,3,1,0
writing,5000,60,senior,62.48,8,0.896,0.884,4.06,0.133,0.733,0,20,5.1,6.7,0.5,1,1,3,1,4
data,2000,14,expert,128.12,17,1.0,1.0,4.78,0.054,0.733,3,10,8.3,10.0,-0.562,1,1,4,1,0
dev,500,30,expert,93.25,82,0.99,0.907,3.61,0.057,0.87,14,40,2.9,8.6,-1.0,1,1,4,1,2
writing,500,30,mid,36.77,27,0.613,0.902,3.79,0.159,0.675,0,10,7.7,3.6,-0.942,1,1,2,1,4
dev,2000,90,senior,74.2,1,0.932,0.794,4.76,0.074,0.757,7,10,5.0,4.4,0.516,1,1,3,1,2
design,10000,30,senior,48.57,61,0.91,0.881,4.55,0.07,0.818,7,10,10.5,6.9,0.194,1,0,3,0,1
writing,10000,60,junior,13.85,1,0.67,0.557,4.12,0.193,0.624,0,30,3.7,3.3,0.055,1,1,1,0,4
writing,500,60,expert,122.36,0,0.0,0.0,0.0,0.0,0.0,7,40,0.9,8.1,-1.0,1,0,4,0,4
dev,1000,30,senior,57.18,17,0.757,0.715,4.74,0.043,0.757,1,20,8.4,7.4,-0.287,1,1,3,1,2
marketing,5000,60,senior,65.74,13,0.99,0.85,4.76,0.102,0.793,3,30,10.8,5.4,0.526,1,0,3,1,3
design,1000,30,mid,34.81,17,0.728,0.814,3.47,0.127,0.759,0,40,0.1,4.2,0.608,1,1,2,1,1
writing,10000,90,senior,35.36,63,0.834,0.876,4.65,0.145,0.625,1,20,2.5,4.9,0.141,1,0,3,1,4
marketing,10000,30,mid,31.0,20,0.785,0.838,3.5,0.149,0.611,3,30,3.1,5.1,0.124,1,1,2,1,3
data,500,14,expert,152.21,186,0.873,0.853,5.0,0.106,0.931,7,20,1.1,6.5,-1.0,0,1,4,0,0
marketing,2000,14,expert,108.22,37,0.827,0.903,4.63,0.057,1.0,0,30,0.1,8.1,-0.164,1,1,4,1,3
data,5000,60,senior,42.1,4,0.806,0.884,4.86,0.11,0.861,3,40,5.3,6.8,0.337,1,1,3,1,0
writing,5000,14,expert,85.84,169,1.0,1.0,4.16,0.065,0.783,1,30,1.6,7.9,0.687,1,1,4,1,4
design,2000,14,senior,59.84,59,0.917,0.965,4.61,0.097,1.0,0,30,5.1,6.9,0.803,1,1,3,1,1
marketing,500,60,senior,63.5,84,0.84,0.898,4.45,0.089,0.864,0,40,4.4,6.3,-1.0,1,1,3,1,3
marketing,2000,60,mid,46.36,10,0.675,0.863,4.15,0.182,0.882,3,40,5.3,4.1,0.927,1,1,2,1,3
marketing,1000,30,senior,35.7,36,0.859,0.805,4.29,0.019,0.775,14,20,5.2,5.0,0.572,1,1,3,0,3
marketing,10000,60,expert,96.51,46,0.907,1.0,4.51,0.12,1.0,0,20,2.0,7.5,0.386,1,1,4,1,3
design,2000,7,junior,15.05,10,0.707,0.644,3.41,0.237,0.443,7,30,1.0,2.1,0.301,0,1,1,1,1
dev,1000,30,senior,82.33,33,0.841,0.838,5.0,0.058,0.942,7,20,3.7,7.3,-1.0,1,1,3,1,2
writing,2000,60,junior,14.96,25,0.686,0.657,3.58,0.148,0.812,7,20,20.7,1.1,0.299,1,1,1,0,4
writing,1000,7,expert,121.18,138,1.0,0.905,4.68,0.062,0.85,3,10,4.5,8.2,-1.0,1,0,4,1,4
dev,1000,60,junior,16.55,3,0.677,0.599,3.56,0.166,0.472,7,20,6.0,2.8,0.662,1,1,1,1,2
dev,2000,60,mid,32.55,11,0.824,0.86,3.96,0.133,0.731,7,20,3.1,3.8,0.651,1,1,2,1,2
writing,500,60,junior,20.47,0,0.0,0.0,0.0,0.0,0.0,1,30,6.8,0.0,0.362,1,1,1,0,4
marketing,2000,7,junior,10.64,20,0.854,0.641,3.48,0.235,0.504,14,30,4.9,0.9,0.213,0,0,1,1,3
design,2000,30,senior,86.85,34,0.906,0.828,5.0,0.059,0.669,0,30,0.1,7.7,0.263,1,0,3,1,1
data,500,90,junior,13.96,0,0.0,0.0,0.0,0.0,0.0,3,40,1.2,1.8,0.883,1,1,1,0,0
writing,2000,60,mid,38.36,38,0.84,0.584,4.26,0.19,0.642,1,20,0.1,3.4,0.767,1,1,2,1,4
dev,5000,30,mid,48.74,3,0.71,0.49,4.03,0.203,0.517,7,10,1.3,4.1,0.39,1,1,2,1,2
marketing,1000,30,senior,44.58,139,0.866,0.964,4.12,0.06,0.782,3,30,21.9,5.6,0.217,1,1,3,1,3
writing,1000,14,expert,33.72,110,0.946,0.911,5.0,0.082,0.849,3,10,3.9,8.9,0.651,1,1,4,1,4
writing,500,14,expert,116.92,3,0.85,0.709,4.91,0.01,0.928,7,30,6.4,8.4,-1.0,0,1,4,1,4
data,500,30,senior,74.2,1,0.932,0.794,4.76,0.074,0.757,7,10,5.0,4.4,-1.0,1,0,3,1,0
writing,5000,60,mid,33.03,100,0.77,0.822,3.61,0.105,0.529,0,40,0.4,3.2,0.264,1,1,2,1,4
marketing,10000,30,expert,96.13,13,0.889,0.816,4.78,0.013,0.926,0,40,0.1,7.6,0.385,1,1,4,1,3
writing,1000,30,expert,58.7,20,0.875,0.658,3.56,0.026,0.846,3,10,14.1,8.3,-0.348,1,1,4,1,4
design,5000,30,mid,23.7,45,0.82,0.721,4.4,0.162,0.657,1,30,11.8,3.1,0.19,1,1,2,0,1
dev,1000,14,junior,11.17,9,0.607,0.622,3.56,0.22,0.536,0,20,5.0,1.6,0.447,1,1,1,0,2
marketing,20000,30,senior,91.75,135,0.894,0.76,4.27,0.088,0.634,7,40,0.0,3.3,0.184,1,1,3,1,3
data,500,14,senior,60.42,48,0.848,0.797,4.39,0.103,0.787,3,30,19.4,6.4,-1.0,1,1,3,1,0
dev,2000,7,junior,14.5,5,0.638,0.503,3.31,0.197,0.813,3,10,5.6,1.0,0.29,1,0,1,0,2
dev,2000,14,mid,38.36,40,0.796,0.722,3.93,0.136,0.732,0,20,4.1,3.2,0.767,1,1,2,1,2
writing,1000,30,mid,39.46,56,0.81,0.809,4.5,0.134,0.618,3,30,0.1,2.9,0.422,1,0,2,1,4
data,2000,60,expert,132.56,11,0.935,1.0,4.68,0.085,0.786,1,20,4.2,7.7,-0.651,1,0,4,1,0
marketing,2000,90,senior,67.06,6,0.79,1.0,5.0,0.118,0.787,3,10,1.1,5.8,0.659,1,1,3,1,3
data,2000,30,junior,13.64,0,0.0,0.0,0.0,0.0,0.0,0,40,1.7,3.0,0.273,1,1,1,0,0
writing,1000,14,expert,85.84,169,1.0,1.0,4.16,0.065,0.783,1,30,1.6,7.9,-1.0,1,1,4,1,4
data,2000,60,junior,9.32,17,0.691,0.567,2.95,0.19,0.695,3,30,11.1,3.2,0.186,1,1,1,0,0
marketing,2000,90,junior,10.76,87,0.71,0.781,3.47,0.19,0.499,0,20,2.0,1.5,0.215,1,0,1,0,3
writing,20000,30,expert,112.93,155,0.949,0.695,4.42,0.085,0.737,7,20,12.2,8.5,0.226,1,1,4,1,4
marketing,5000,60,junior,13.92,25,0.62,0.623,3.35,0.249,0.449,0,20,13.6,2.3,0.111,1,1,1,1,3
data,2000,60,mid,30.44,14,0.913,0.653,3.87,0.131,0.754,7,10,18.6,4.2,0.609,1,1,2,0,0
writing,1000,30,mid,24.26,31,0.987,0.771,3.87,0.139,0.831,7,30,29.1,5.6,0.97,1,1,2,1,4
marketing,10000,30,junior,19.17,9,0.659,0.557,3.74,0.161,0.705,1,20,4.1,1.0,0.077,1,0,1,1,3
design,500,30,junior,8.3,3,0.56,0.548,4.21,0.238,0.619,7,40,7.8,1.8,0.664,1,1,1,1,1
dev,5000,60,mid,22.01,53,0.807,0.717,3.86,0.204,0.72,0,10,9.7,3.4,0.176,1,1,2,1,2
writing,1000,7,expert,104.45,60,0.945,0.793,4.57,0.054,0.923,3,40,0.4,8.2,-1.0,1,0,4,1,4
writing,1000,90,expert,111.44,200,0.927,0.955,4.52,0.038,0.879,3,10,10.9,9.4,-1.0,1,1,4,1,4
design,1000,14,expert,122.36,0,0.0,0.0,0.0,0.0,0.0,7,40,0.9,8.1,-1.0,0,0,4,0,1
marketing,1000,60,senior,63.5,84,0.84,0.898,4.45,0.089,0.864,0,40,4.4,6.3,-0.54,1,1,3,1,3
data,2000,30,expert,128.12,17,1.0,1.0,4.78,0.054,0.733,3,10,8.3,10.0,-0.562,1,1,4,1,0
design,20000,60,senior,100.3,93,0.912,0.768,4.08,0.038,0.795,14,20,9.6,7.4,0.201,1,1,3,1,1
writing,1000,14,mid,33.03,100,0.77,0.822,3.61,0.105,0.529,0,40,0.4,3.2,0.679,1,1,2,0,4
data,2000,14,mid,49.38,13,0.708,0.811,3.95,0.111,0.768,0,30,2.0,2.6,0.988,1,1,2,1,0
dev,5000,30,senior,77.72,103,0.776,0.852,4.6,0.099,0.853,0,20,6.2,6.6,0.622,1,1,3,1,2
design,2000,30,mid,28.05,10,0.899,0.708,4.02,0.182,0.726,1,30,9.8,4.5,0.561,1,1,2,1,1
design,2000,14,senior,51.22,66,0.877,0.845,4.41,0.106,0.621,3,30,4.9,5.3,0.976,1,0,3,1,1
writing,500,14,junior,22.31,9,0.628,0.694,3.45,0.201,0.569,0,20,9.8,1.4,0.215,1,1,1,0,4
marketing,20000,60,mid,34.81,17,0.728,0.814,3.47,0.127,0.759,0,40,0.1,4.2,0.07,1,0,2,1,3
data,5000,14,mid,32.59,23,0.801,0.803,3.58,0.133,0.615,14,30,3.7,3.7,0.261,0,1,2,1,0
writing,500,14,junior,10.08,5,0.69,0.53,3.53,0.207,0.53,1,10,11.9,3.1,0.806,1,0,1,1,4
design,500,30,expert,151.62,76,0.923,1.0,4.38,0.104,0.826,0,30,1.9,6.6,-1.0,1,0,4,1,1
writing,500,7,junior,13.85,1,0.67,0.557,4.12,0.193,0.624,0,30,3.7,3.3,0.892,1,1,1,1,4
data,2000,60,expert,96.25,104,1.0,0.937,4.92,0.045,0.867,30,10,6.9,7.4,0.075,0,1,4,1,0
marketing,5000,60,junior,19.44,65,0.602,0.666,3.65,0.174,0.554,30,30,6.1,2.8,0.156,0,1,1,0,3
dev,10000,30,mid,30.57,139,0.962,0.771,3.73,0.206,0.8,14,10,2.0,5.8,0.122,1,1,2,0,2
data,2000,7,mid,49.38,13,0.708,0.811,3.95,0.111,0.768,0,30,2.0,2.6,0.988,1,1,2,1,0
design,20000,14,mid,23.7,45,0.82,0.721,4.4,0.162,0.657,1,30,11.8,3.1,0.047,1,1,2,1,1
design,2000,14,mid,18.82,41,0.83,0.746,4.29,0.088,0.66,0,20,10.7,4.8,0.376,1,0,2,1,1
marketing,500,60,junior,8.0,11,0.706,0.857,3.45,0.14,0.514,0,30,0.7,2.1,0.64,1,1,1,1,3
dev,2000,7,mid,53.91,2,0.879,0.619,4.21,0.175,0.736,7,30,4.4,4.4,0.922,0,0,2,1,2
design,1000,60,expert,109.73,60,0.786,0.762,4.52,0.125,0.826,0,30,7.1,8.3,-1.0,1,1,4,1,1
dev,1000,14,senior,67.8,60,0.851,0.697,4.23,0.108,0.684,1,40,0.4,5.0,-0.712,1,1,3,0,2
dev,1000,60,junior,11.83,14,0.708,0.821,2.71,0.19,0.547,1,30,4.9,1.0,0.473,1,1,1,1,2
design,5000,60,junior,15.74,9,0.71,0.85,3.27,0.181,0.832,3,10,10.1,0.9,0.126,1,1,1,0,1
data,2000,14,expert,44.21,62,0.977,0.836,4.09,0.058,0.681,7,20,7.8,9.3,0.884,0,1,4,1,0
dev,10000,60,senior,21.89,20,0.77,0.812,4.34,0.107,0.705,0,30,0.5,5.1,0.088,1,1,3,1,2
data,1000,30,junior,8.0,5,0.653,0.597,2.29,0.176,0.595,14,30,2.1,2.0,0.32,1,0,1,1,0
design,2000,14,expert,82.97,1,1.0,0.732,5.0,0.084,0.733,14,10,1.6,9.0,0.341,0,0,4,0,1
data,2000,30,senior,72.19,107,0.849,0.807,4.4,0.125,0.631,30,30,1.8,6.6,0.556,0,1,3,1,0
dev,500,30,senior,75.08,6,0.835,0.808,4.07,0.128,0.786,7,40,11.0,7.0,-1.0,1,1,3,1,2
data,5000,30,expert,152.55,161,0.894,0.889,4.43,0.041,0.936,1,30,2.5,9.2,0.78,1,1,4,1,0
dev,1000,60,mid,37.92,55,0.776,0.785,3.55,0.157,0.682,14,30,1.8,6.8,0.483,1,1,2,1,2
marketing,1000,30,junior,19.68,2,0.605,0.488,3.58,0.266,0.512,0,20,3.2,1.3,0.787,1,1,1,1,3
writing,2000,60,senior,70.69,109,0.865,0.848,4.43,0.12,0.752,0,30,12.6,5.9,0.586,1,1,3,1,4
dev,1000,7,senior,58.15,4,0.746,0.86,3.78,0.117,0.699,14,30,7.9,5.1,-0.326,0,0,3,1,2
dev,2000,60,mid,24.87,38,0.621,0.756,4.01,0.05,0.618,7,40,2.7,3.0,0.497,1,1,2,0,2
data,10000,7,senior,27.63,15,1.0,0.777,3.63,0.151,0.873,0,20,14.0,5.5,0.111,1,1,3,1,0
writing,500,60,senior,69.5,31,0.694,0.819,4.11,0.094,0.695,3,30,6.5,6.3,-1.0,1,1,3,1,4
design,1000,30,mid,35.75,11,0.917,0.817,3.74,0.221,0.895,30,20,3.9,4.6,0.57,0,1,2,0,1
data,500,7,junior,17.21,52,0.621,0.541,3.21,0.203,0.498,1,10,5.3,1.9,0.623,1,1,1,1,0
data,10000,60,junior,12.53,11,0.719,0.531,3.25,0.224,0.548,0,30,3.2,0.7,0.05,1,0,1,0,0
writing,1000,60,mid,30.46,4,0.925,0.716,3.83,0.151,0.688,7,20,2.5,3.9,0.782,1,1,2,1,4
marketing,5000,30,senior,71.45,38,0.852,0.973,4.08,0.065,0.779,0,40,3.3,5.2,0.572,1,1,3,1,3
dev,2000,30,mid,20.08,10,0.893,0.75,4.0,0.129,0.617,7,20,2.2,3.5,0.402,1,1,2,1,2
marketing,2000,30,junior,12.19,5,0.744,0.732,2.72,0.249,0.582,1,20,0.6,1.9,0.244,1,0,1,1,3
marketing,2000,30,mid,49.36,2,0.643,0.652,3.65,0.151,0.646,3,20,1.9,3.1,0.987,1,1,2,1,3
writing,1000,60,mid,30.46,4,0.925,0.716,3.83,0.151,0.688,7,20,2.5,3.9,0.782,1,1,2,1,4
data,20000,30,mid,35.2,120,0.588,0.689,4.5,0.19,0.661,1,30,13.3,3.9,0.07,1,0,2,1,0
writing,500,7,mid,35.92,23,0.639,0.935,3.96,0.108,0.616,0,20,8.1,4.8,-0.874,1,1,2,0,4
design,5000,90,mid,25.71,12,0.805,0.531,3.93,0.149,0.698,14,40,10.8,2.7,0.206,1,0,2,1,1
marketing,5000,60,junior,10.5,59,0.587,0.614,3.48,0.222,0.65,3,30,4.3,2.4,0.084,1,0,1,1,3
dev,500,90,mid,29.48,67,0.794,0.747,4.1,0.223,0.626,3,20,2.5,3.7,-0.358,1,1,2,1,2
dev,20000,7,mid,26.91,76,0.682,0.8,5.0,0.147,0.719,3,10,6.9,4.1,0.054,1,1,2,1,2
design,10000,30,expert,111.96,76,0.891,0.964,4.51,0.0,0.917,3,10,0.7,7.8,0.448,1,1,4,1,1
design,1000,60,mid,44.86,167,0.893,0.709,3.47,0.096,0.516,3,20,4.4,4.2,0.206,1,1,2,1,1
marketing,5000,60,junior,9.34,25,0.709,0.669,3.69,0.226,0.575,0,20,1.7,2.9,0.075,1,1,1,1,3
design,10000,7,senior,100.3,93,0.912,0.768,4.08,0.038,0.795,14,20,9.6,7.4,0.401,0,1,3,1,1
design,1000,30,senior,57.9,74,0.913,0.636,4.11,0.152,0.821,0,30,1.6,6.5,-0.316,1,0,3,1,1
marketing,1000,60,junior,17.87,1,0.602,0.676,3.69,0.223,0.478,1,20,15.9,4.4,0.715,1,1,1,1,3
marketing,10000,14,mid,32.06,78,0.768,0.729,3.59,0.116,0.752,30,20,1.8,3.7,0.128,0,1,2,1,3
writing,20000,30,expert,33.72,110,0.946,0.911,5.0,0.082,0.849,3,10,3.9,8.9,0.067,1,1,4,1,4
design,20000,60,expert,108.7,71,0.915,1.0,4.27,0.0,0.795,7,20,2.4,6.4,0.217,1,1,4,1,1
dev,2000,30,senior,52.32,41,0.922,0.723,4.28,0.082,0.761,0,10,19.8,6.5,0.954,1,1,3,1,2
marketing,2000,14,senior,65.17,2,0.861,0.909,4.45,0.101,0.829,1,40,6.7,5.9,0.697,1,1,3,1,3
writing,10000,30,mid,32.06,78,0.768,0.729,3.59,0.116,0.752,30,20,1.8,3.7,0.128,0,0,2,1,4
marketing,500,60,senior,86.85,34,0.906,0.828,5.0,0.059,0.669,0,30,0.1,7.7,-1.0,1,1,3,1,3
data,2000,30,senior,117.35,27,0.889,0.746,4.56,0.114,0.832,0,20,12.4,5.0,-0.347,1,1,3,1,0
marketing,20000,14,junior,19.45,3,0.627,0.555,3.46,0.147,0.714,0,10,4.1,1.0,0.039,1,1,1,0,3
marketing,20000,7,junior,8.0,11,0.706,0.857,3.45,0.14,0.514,0,30,0.7,2.1,0.016,1,1,1,1,3
writing,1000,60,senior,83.65,61,0.863,0.823,4.79,0.077,0.846,3,10,1.8,5.1,-1.0,1,0,3,1,4
data,2000,90,mid,29.79,35,0.753,0.804,4.16,0.151,0.681,3,40,17.5,3.8,0.596,1,1,2,1,0
dev,500,60,mid,54.51,18,0.873,0.876,3.97,0.158,0.806,0,10,0.3,5.1,-1.0,1,1,2,1,2
writing,1000,90,expert,78.05,200,1.0,0.913,4.72,0.0,0.849,0,30,0.8,8.3,-1.0,1,1,4,1,4
design,10000,30,mid,33.23,43,0.828,0.674,3.75,0.145,0.645,0,10,8.6,4.0,0.133,1,1,2,1,1
writing,2000,14,mid,23.12,42,0.803,0.594,4.09,0.149,0.518,0,10,1.5,5.2,0.462,1,1,2,1,4
data,500,30,mid,49.38,13,0.708,0.811,3.95,0.111,0.768,0,30,2.0,2.6,-1.0,1,1,2,0,0
writing,10000,14,senior,81.96,71,0.988,0.667,4.51,0.068,0.729,14,30,3.1,6.7,0.328,0,1,3,1,4
design,1000,30,mid,23.7,45,0.82,0.721,4.4,0.162,0.657,1,30,11.8,3.1,0.948,1,1,2,1,1
marketing,2000,7,junior,29.64,1,0.74,0.814,3.11,0.207,0.582,7,40,7.0,3.7,0.593,0,1,1,1,3
dev,1000,14,junior,22.31,9,0.628,0.694,3.45,0.201,0.569,0,20,9.8,1.4,0.892,1,0,1,0,2
dev,1000,14,senior,50.67,133,0.885,1.0,4.29,0.136,0.911,3,10,3.5,6.9,-0.027,1,1,3,1,2
data,500,30,mid,44.59,9,0.864,0.831,4.0,0.136,0.763,0,20,11.2,5.2,-1.0,1,1,2,1,0
writing,2000,14,junior,20.38,2,0.705,0.414,3.35,0.21,0.473,0,20,5.8,2.1,0.408,1,1,1,1,4
design,20000,30,junior,17.77,3,0.695,0.555,3.89,0.219,0.415,0,30,0.3,2.9,0.036,1,1,1,0,1
dev,5000,14,junior,16.97,26,0.717,0.464,2.89,0.171,0.658,7,40,22.3,2.9,0.136,0,1,1,1,2
design,1000,60,junior,18.43,12,0.734,0.566,2.95,0.195,0.662,3,20,2.9,2.1,0.737,1,0,1,1,1
dev,2000,14,mid,31.0,20,0.785,0.838,3.5,0.149,0.611,3,30,3.1,5.1,0.62,1,0,2,1,2
design,2000,60,senior,52.17,70,0.948,0.84,4.38,0.057,0.891,0,10,7.1,6.5,0.957,1,1,3,1,1
design,500,14,mid,42.3,1,1.0,0.719,4.61,0.165,0.625,7,40,0.9,3.3,-1.0,0,1,2,1,1
dev,2000,90,mid,48.74,3,0.71,0.49,4.03,0.203,0.517,7,10,1.3,4.1,0.975,1,1,2,0,2
writing,500,60,senior,43.18,99,0.989,0.807,3.77,0.037,0.744,30,30,4.6,4.8,-1.0,0,1,3,1,4
design,5000,30,mid,42.3,1,1.0,0.719,4.61,0.165,0.625,7,40,0.9,3.3,0.338,1,1,2,0,1
dev,10000,90,senior,45.25,10,0.739,0.894,4.01,0.094,0.855,0,20,3.6,5.0,0.181,1,1,3,1,2
design,10000,14,senior,43.41,56,0.91,0.813,4.46,0.116,0.832,1,30,4.8,7.3,0.174,1,1,3,0,1
marketing,5000,14,mid,46.36,10,0.675,0.863,4.15,0.182,0.882,3,40,5.3,4.1,0.371,1,1,2,1,3
marketing,2000,30,senior,85.63,8,0.896,0.806,4.37,0.124,0.579,14,30,2.0,6.0,0.287,1,0,3,1,3
design,5000,14,junior,8.0,21,0.768,0.577,3.63,0.144,0.694,1,10,3.4,3.4,0.064,1,1,1,1,1
dev,5000,60,expert,93.67,29,0.959,0.93,4.77,0.035,0.779,3,30,0.7,6.8,0.749,1,0,4,1,2
writing,10000,14,senior,70.21,15,0.951,0.901,4.42,0.137,0.712,1,20,5.9,5.6,0.281,1,0,3,1,4
writing,2000,7,mid,23.55,1,0.769,0.767,4.48,0.132,0.724,3,20,1.6,3.3,0.471,1,1,2,1,4
design,500,14,expert,126.84,85,0.988,0.891,4.95,0.125,0.91,0,20,3.8,9.0,-1.0,1,1,4,1,1
data,500,14,mid,38.73,11,0.762,0.821,3.58,0.195,0.653,0,20,0.2,4.1,-1.0,1,1,2,0,0
design,1000,30,senior,80.04,34,0.843,0.89,4.52,0.079,0.659,7,20,10.9,5.6,-1.0,1,1,3,1,1
design,2000,30,expert,76.54,45,0.881,0.96,4.65,0.045,0.855,0,20,0.5,7.6,0.469,1,0,4,0,1
writing,5000,30,junior,21.39,23,0.604,0.634,3.1,0.179,0.48,3,30,5.2,1.4,0.171,1,1,1,1,4
marketing,500,30,senior,93.43,63,0.952,0.759,4.37,0.158,0.755,3,30,3.8,5.0,-1.0,1,1,3,1,3
data,10000,60,senior,70.76,10,0.879,0.935,4.59,0.147,0.877,0,20,7.5,6.7,0.283,1,0,3,1,0
marketing,2000,60,junior,12.53,11,0.719,0.531,3.25,0.224,0.548,0,30,3.2,0.7,0.251,1,1,1,1,3
dev,500,7,expert,88.37,67,0.974,1.0,4.81,0.069,0.94,0,10,1.0,8.1,-1.0,1,1,4,1,2
design,2000,90,expert,104.45,60,0.945,0.793,4.57,0.054,0.923,3,40,0.4,8.2,-0.089,1,1,4,1,1
data,2000,30,junior,23.02,24,0.679,0.477,2.85,0.193,0.558,7,40,4.0,1.7,0.46,1,1,1,1,0
data,500,60,mid,17.14,33,0.763,0.813,4.79,0.155,0.703,3,40,9.6,4.0,0.629,1,1,2,1,0
design,1000,14,expert,71.04,59,0.909,0.863,4.56,0.048,0.879,0,40,7.5,8.7,-0.842,1,1,4,1,1
data,2000,30,junior,18.43,12,0.734,0.566,2.95,0.195,0.662,3,20,2.9,2.1,0.369,1,1,1,1,0
marketing,20000,30,expert,96.51,46,0.907,1.0,4.51,0.12,1.0,0,20,2.0,7.5,0.193,1,1,4,1,3
design,500,30,mid,40.94,20,0.745,0.802,3.67,0.127,0.648,3,30,7.5,3.7,-1.0,1,0,2,0,1
data,500,60,mid,17.14,33,0.763,0.813,4.79,0.155,0.703,3,40,9.6,4.0,0.629,1,1,2,0,0
writing,1000,60,mid,30.46,4,0.925,0.716,3.83,0.151,0.688,7,20,2.5,3.9,0.782,1,1,2,1,4
dev,5000,14,mid,48.74,3,0.71,0.49,4.03,0.203,0.517,7,10,1.3,4.1,0.39,0,1,2,0,2
dev,500,14,expert,103.04,54,1.0,0.799,4.44,0.01,0.871,1,20,2.6,8.7,-1.0,1,1,4,1,2
design,500,30,expert,110.14,65,0.91,0.934,4.98,0.018,0.949,0,20,11.7,7.8,-1.0,1,1,4,1,1
data,2000,14,senior,65.17,2,0.861,0.909,4.45,0.101,0.829,1,40,6.7,5.9,0.697,1,0,3,1,0
data,5000,30,mid,36.69,5,0.957,0.829,3.65,0.146,0.714,3,30,10.0,3.9,0.294,1,0,2,1,0
design,10000,90,junior,8.0,4,0.634,0.56,3.66,0.259,0.645,0,20,0.9,4.2,0.032,1,0,1,0,1
writing,5000,7,mid,17.47,36,0.632,0.742,3.9,0.143,0.779,0,30,17.0,3.1,0.14,1,1,2,0,4
data,1000,60,mid,39.46,56,0.81,0.809,4.5,0.134,0.618,3,30,0.1,2.9,0.422,1,1,2,1,0
dev,2000,90,mid,21.02,15,0.814,0.816,4.02,0.198,0.7,7,30,1.7,3.8,0.42,1,1,2,1,2
dev,5000,7,junior,10.55,23,0.693,0.558,3.13,0.229,0.642,3,10,0.5,1.7,0.084,1,1,1,1,2
writing,1000,30,mid,26.42,105,0.737,0.739,3.26,0.168,0.767,0,10,21.9,3.3,0.943,1,1,2,1,4
design,1000,30,mid,35.53,11,0.698,0.612,4.08,0.203,0.613,0,30,0.5,2.3,0.579,1,1,2,1,1
design,2000,30,mid,37.17,91,0.667,0.79,3.07,0.149,0.618,1,40,0.6,2.7,0.743,1,1,2,1,1
marketing,500,60,senior,99.75,62,0.795,0.853,4.77,0.066,0.781,0,10,1.1,7.3,-1.0,1,1,3,0,3
marketing,500,7,mid,28.42,2,0.695,0.729,3.22,0.116,0.747,0,20,2.8,4.6,-0.274,1,0,2,0,3
data,20000,14,senior,83.65,61,0.863,0.823,4.79,0.077,0.846,3,10,1.8,5.1,0.167,1,0,3,1,0
design,2000,30,expert,116.27,84,0.954,0.954,4.95,0.041,0.883,0,40,0.9,6.3,-0.325,1,1,4,1,1
design,500,30,expert,71.04,59,0.909,0.863,4.56,0.048,0.879,0,40,7.5,8.7,-1.0,1,1,4,1,1
writing,20000,30,mid,33.03,100,0.77,0.822,3.61,0.105,0.529,0,40,0.4,3.2,0.066,1,1,2,1,4
marketing,20000,30,senior,58.69,39,0.884,0.769,3.94,0.102,0.702,14,10,10.4,4.6,0.117,1,0,3,1,3
design,1000,30,junior,13.64,0,0.0,0.0,0.0,0.0,0.0,0,40,1.7,3.0,0.546,1,0,1,0,1
design,5000,30,mid,37.17,91,0.667,0.79,3.07,0.149,0.618,1,40,0.6,2.7,0.297,1,1,2,0,1
writing,5000,7,mid,38.36,38,0.84,0.584,4.26,0.19,0.642,1,20,0.1,3.4,0.307,1,1,2,0,4
design,5000,14,mid,35.75,11,0.917,0.817,3.74,0.221,0.895,30,20,3.9,4.6,0.286,0,1,2,1,1
marketing,10000,30,mid,46.87,157,0.882,0.809,4.22,0.158,0.584,0,40,0.9,4.3,0.187,1,1,2,1,3
writing,1000,14,mid,8.88,5,0.707,0.763,4.59,0.171,0.784,14,20,7.9,4.8,0.355,0,1,2,1,4
writing,5000,14,mid,8.16,40,0.791,0.639,4.02,0.131,0.391,7,10,3.4,2.8,0.065,0,1,2,1,4
dev,5000,60,junior,17.9,45,0.811,0.623,3.07,0.21,0.507,1,10,1.2,2.1,0.143,1,1,1,0,2
design,10000,60,senior,77.75,8,0.861,0.802,4.13,0.062,0.724,3,20,0.2,7.0,0.311,1,1,3,1,1
design,500,30,senior,32.11,49,0.877,0.781,5.0,0.043,1.0,1,30,1.6,6.1,-0.569,1,1,3,1,1
writing,1000,90,mid,34.56,1,0.954,0.588,3.16,0.174,0.612,1,10,8.7,3.7,0.618,1,1,2,1,4
data,2000,90,expert,99.78,57,0.979,1.0,4.53,0.047,0.763,0,30,29.3,9.2,0.004,1,0,4,0,0
dev,2000,90,junior,21.05,12,0.505,0.561,4.19,0.166,0.616,0,30,4.0,1.9,0.421,1,1,1,1,2
data,5000,14,senior,93.74,21,0.95,0.689,4.22,0.099,0.856,3,30,2.8,6.9,0.75,1,0,3,1,0
data,1000,60,mid,24.93,33,0.672,0.761,3.83,0.165,0.651,0,30,14.3,4.7,0.997,1,0,2,1,0
writing,2000,60,mid,23.12,42,0.803,0.594,4.09,0.149,0.518,0,10,1.5,5.2,0.462,1,1,2,1,4
design,1000,60,junior,19.65,21,0.685,0.721,3.13,0.231,0.579,14,40,0.5,1.3,0.786,1,0,1,1,1
writing,500,7,senior,21.89,20,0.77,0.812,4.34,0.107,0.705,0,30,0.5,5.1,0.249,1,0,3,1,4
dev,1000,14,junior,15.04,16,0.669,0.704,2.92,0.243,0.541,1,40,1.7,1.1,0.602,1,1,1,1,2
data,1000,60,expert,104.5,23,0.941,0.681,4.82,0.034,0.908,30,20,11.1,7.6,-1.0,0,1,4,1,0
writing,2000,30,mid,44.66,35,0.865,0.712,4.11,0.172,0.558,0,20,1.5,3.8,0.893,1,1,2,1,4
dev,500,90,senior,93.43,63,0.952,0.759,4.37,0.158,0.755,3,30,3.8,5.0,-1.0,1,0,3,1,2
dev,500,30,expert,64.32,104,0.979,0.926,4.11,0.03,0.945,1,40,3.1,8.9,-1.0,1,1,4,1,2
writing,1000,7,mid,24.61,7,0.76,0.761,4.38,0.182,0.622,0,40,2.5,2.7,0.984,1,1,2,1,4
writing,10000,14,mid,30.07,77,0.741,0.808,2.95,0.107,0.631,0,20,10.2,2.7,0.12,1,1,2,0,4
design,10000,60,senior,93.34,14,0.867,0.747,5.0,0.08,0.897,3,20,1.2,7.6,0.373,1,1,3,0,1
writing,10000,60,mid,39.41,24,0.813,0.711,4.03,0.209,0.677,1,10,6.4,3.5,0.158,1,1,2,0,4
design,10000,14,mid,46.19,11,0.759,0.735,3.98,0.167,0.61,0,40,0.1,2.8,0.185,1,1,2,1,1
dev,2000,30,junior,15.25,2,0.643,0.593,3.35,0.197,0.783,1,20,0.1,2.2,0.305,1,1,1,1,2
design,5000,60,mid,15.29,175,0.858,0.655,3.35,0.14,0.62,14,40,11.8,5.1,0.122,1,1,2,1,1
dev,1000,7,senior,54.02,32,1.0,0.889,4.89,0.106,0.785,3,30,4.9,6.3,-0.161,1,0,3,1,2
data,1000,60,mid,38.63,1,0.866,0.743,4.26,0.153,0.69,7,30,2.1,2.7,0.455,1,1,2,1,0
writing,5000,14,expert,79.27,22,0.823,0.965,5.0,0.051,0.678,3,30,0.1,8.5,0.634,1,0,4,1,4
marketing,5000,30,senior,93.43,63,0.952,0.759,4.37,0.158,0.755,3,30,3.8,5.0,0.747,1,1,3,1,3
data,5000,60,junior,16.76,1,0.537,0.492,3.17,0.175,0.489,14,30,12.2,0.5,0.134,1,1,1,1,0
data,500,30,mid,29.18,78,0.819,0.599,3.99,0.13,0.727,0,10,0.8,5.5,-0.334,1,1,2,1,0
data,1000,60,senior,93.74,21,0.95,0.689,4.22,0.099,0.856,3,30,2.8,6.9,-1.0,1,0,3,1,0
design,1000,60,expert,167.0,23,0.859,1.0,4.3,0.065,0.692,3,10,4.1,8.9,-1.0,1,1,4,1,1
design,5000,60,mid,36.81,36,0.783,0.743,4.61,0.176,0.557,3,30,1.0,4.9,0.294,1,1,2,0,1
data,20000,14,mid,38.57,5,0.66,0.789,3.8,0.195,0.625,0,20,9.9,3.4,0.077,1,1,2,1,0
dev,2000,14,senior,28.15,12,0.87,0.747,4.1,0.158,0.824,1,40,15.4,4.3,0.563,1,1,3,1,2
writing,500,30,mid,38.29,4,0.779,0.796,4.85,0.152,0.557,0,20,9.8,2.3,-1.0,1,1,2,1,4
design,1000,30,mid,46.36,10,0.675,0.863,4.15,0.182,0.882,3,40,5.3,4.1,0.146,1,0,2,0,1
design,10000,30,mid,44.55,14,0.925,0.792,4.03,0.177,0.618,1,10,1.7,4.5,0.178,1,0,2,1,1
design,1000,30,junior,13.38,7,0.486,0.688,3.47,0.219,0.512,7,20,7.9,2.2,0.535,1,0,1,0,1
data,500,30,mid,29.79,35,0.753,0.804,4.16,0.151,0.681,3,40,17.5,3.8,-0.383,1,1,2,1,0
marketing,2000,30,mid,31.33,16,0.879,0.741,3.68,0.099,0.765,3,30,1.7,3.3,0.627,1,1,2,1,3
data,1000,14,mid,38.73,11,0.762,0.821,3.58,0.195,0.653,0,20,0.2,4.1,0.451,1,1,2,1,0
marketing,1000,30,senior,54.02,32,1.0,0.889,4.89,0.106,0.785,3,30,4.9,6.3,-0.161,1,1,3,1,3
writing,20000,14,mid,45.99,57,0.826,0.7,4.45,0.145,0.693,3,10,2.4,2.7,0.092,1,1,2,1,4
data,20000,60,senior,73.05,2,0.832,0.838,4.47,0.146,0.788,3,30,9.3,5.6,0.146,1,1,3,0,0
marketing,5000,30,junior,19.47,8,0.733,0.529,3.75,0.205,0.818,3,30,10.0,1.3,0.156,1,1,1,1,3
writing,500,14,junior,19.74,7,0.568,0.525,3.74,0.225,0.525,1,20,7.5,3.1,0.421,1,1,1,1,4
marketing,5000,30,expert,108.22,37,0.827,0.903,4.63,0.057,1.0,0,30,0.1,8.1,0.866,1,1,4,0,3
writing,500,60,senior,55.45,157,0.98,0.938,4.27,0.107,0.809,14,40,3.6,5.9,-1.0,1,1,3,1,4
data,1000,60,mid,39.86,20,0.873,0.721,4.24,0.139,0.69,7,10,3.4,3.9,0.406,1,1,2,1,0
design,500,7,mid,21.86,13,0.858,0.727,3.77,0.19,0.896,0,10,10.8,4.7,0.251,1,1,2,1,1
data,1000,14,expert,44.21,62,0.977,0.836,4.09,0.058,0.681,7,20,7.8,9.3,0.232,0,1,4,1,0
writing,5000,30,mid,43.54,14,0.788,0.564,3.04,0.166,0.785,7,20,14.7,3.5,0.348,1,1,2,1,4
design,500,7,junior,8.23,90,0.66,0.492,3.34,0.219,0.581,7,10,13.6,1.5,0.658,0,1,1,1,1
marketing,2000,90,senior,67.8,60,0.851,0.697,4.23,0.108,0.684,1,40,0.4,5.0,0.644,1,0,3,0,3
data,5000,60,junior,11.02,30,0.562,0.479,3.36,0.189,0.7,3,10,8.7,2.0,0.088,1,0,1,1,0
design,10000,7,mid,28.79,17,0.904,0.568,3.24,0.211,0.886,1,10,4.1,3.9,0.115,1,0,2,1,1
writing,10000,14,mid,34.56,1,0.954,0.588,3.16,0.174,0.612,1,10,8.7,3.7,0.138,1,1,2,1,4
marketing,2000,14,junior,21.88,30,0.733,0.801,3.56,0.171,0.603,7,30,1.6,2.9,0.438,0,1,1,1,3
writing,500,14,senior,43.18,99,0.989,0.807,3.77,0.037,0.744,30,30,4.6,4.8,-1.0,0,1,3,1,4
design,500,30,senior,62.95,42,0.785,0.871,5.0,0.037,0.775,0,10,3.4,6.2,-1.0,1,0,3,0,1
writing,10000,7,mid,24.26,31,0.987,0.771,3.87,0.139,0.831,7,30,29.1,5.6,0.097,0,1,2,1,4
dev,1000,30,junior,16.85,59,0.747,0.525,3.13,0.174,0.551,30,10,8.4,0.0,0.674,0,1,1,0,2
data,1000,30,senior,42.1,4,0.806,0.884,4.86,0.11,0.861,3,40,5.3,6.8,0.316,1,1,3,1,0
design,2000,7,mid,25.0,57,0.726,0.789,3.74,0.136,0.769,3,30,5.5,4.7,0.5,1,1,2,1,1
marketing,20000,60,mid,30.38,109,0.826,0.688,4.32,0.154,0.605,3,40,33.1,1.8,0.061,1,1,2,1,3
marketing,5000,7,expert,69.76,55,1.0,0.767,4.27,0.06,0.748,14,40,2.6,8.9,0.558,0,1,4,1,3
design,500,60,mid,15.29,175,0.858,0.655,3.35,0.14,0.62,14,40,11.8,5.1,0.777,1,1,2,1,1
data,2000,7,expert,128.12,17,1.0,1.0,4.78,0.054,0.733,3,10,8.3,10.0,-0.562,1,1,4,1,0
dev,500,60,junior,11.02,30,0.562,0.479,3.36,0.189,0.7,3,10,8.7,2.0,0.882,1,1,1,1,2
writing,500,30,senior,53.42,69,0.716,0.728,4.44,0.147,0.843,14,20,1.2,6.3,-1.0,1,1,3,1,4
data,500,60,mid,24.0,57,0.812,0.639,3.82,0.152,0.695,0,40,0.5,4.1,0.08,1,1,2,1,0
data,1000,60,expert,128.12,17,1.0,1.0,4.78,0.054,0.733,3,10,8.3,10.0,-1.0,1,1,4,0,0
writing,1000,30,mid,39.99,38,0.796,0.576,3.34,0.137,0.59,0,10,20.2,5.9,0.4,1,1,2,1,4
writing,2000,60,senior,87.16,72,0.897,1.0,5.0,0.058,0.611,1,40,1.1,6.8,0.257,1,1,3,0,4
data,2000,90,junior,18.43,12,0.734,0.566,2.95,0.195,0.662,3,20,2.9,2.1,0.369,1,1,1,0,0
writing,2000,7,senior,62.48,8,0.896,0.884,4.06,0.133,0.733,0,20,5.1,6.7,0.75,1,1,3,1,4
dev,10000,60,expert,93.25,82,0.99,0.907,3.61,0.057,0.87,14,40,2.9,8.6,0.373,1,1,4,1,2
dev,2000,60,senior,45.82,23,0.959,1.0,4.33,0.095,0.67,1,20,0.7,6.0,0.916,1,1,3,1,2
data,10000,7,expert,121.18,138,1.0,0.905,4.68,0.062,0.85,3,10,4.5,8.2,0.485,1,1,4,0,0
dev,500,90,mid,25.4,15,0.783,0.775,4.07,0.169,0.765,7,30,6.6,4.2,-0.032,1,1,2,1,2
design,20000,30,mid,18.68,34,0.768,0.695,3.3,0.15,0.875,0,30,10.6,3.9,0.037,1,0,2,0,1
writing,1000,7,senior,42.1,4,0.806,0.884,4.86,0.11,0.861,3,40,5.3,6.8,0.316,1,0,3,1,4
design,5000,30,junior,13.46,12,0.509,0.67,3.57,0.236,0.535,0,20,10.6,2.2,0.108,1,1,1,0,1
dev,5000,60,mid,22.01,53,0.807,0.717,3.86,0.204,0.72,0,10,9.7,3.4,0.176,1,1,2,1,2
writing,2000,7,senior,51.22,66,0.877,0.845,4.41,0.106,0.621,3,30,4.9,5.3,0.976,1,1,3,1,4
writing,10000,14,junior,19.17,9,0.659,0.557,3.74,0.161,0.705,1,20,4.1,1.0,0.077,1,1,1,1,4
design,500,30,junior,17.77,3,0.695,0.555,3.89,0.219,0.415,0,30,0.3,2.9,0.578,1,1,1,1,1
design,2000,30,mid,34.12,8,0.829,0.619,3.83,0.174,0.739,14,30,12.2,2.8,0.682,1,1,2,1,1
data,500,60,mid,31.94,32,0.777,0.946,3.94,0.139,0.617,7,20,1.5,5.6,-0.555,1,1,2,0,0
data,2000,60,mid,39.86,20,0.873,0.721,4.24,0.139,0.69,7,10,3.4,3.9,0.797,1,1,2,1,0
dev,2000,7,mid,34.68,1,0.801,0.839,4.13,0.077,0.699,1,40,21.2,2.9,0.694,1,0,2,1,2
marketing,500,7,mid,37.64,56,0.873,0.692,3.53,0.121,0.416,3,20,1.6,4.9,-1.0,1,1,2,1,3
data,1000,60,senior,117.35,27,0.889,0.746,4.56,0.114,0.832,0,20,12.4,5.0,-1.0,1,1,3,1,0
design,10000,7,junior,15.74,9,0.71,0.85,3.27,0.181,0.832,3,10,10.1,0.9,0.063,1,1,1,0,1
design,1000,30,senior,59.84,59,0.917,0.965,4.61,0.097,1.0,0,30,5.1,6.9,-0.394,1,1,3,1,1
marketing,10000,14,senior,42.04,67,0.902,0.858,4.27,0.082,0.773,0,40,0.8,7.3,0.168,1,1,3,1,3
writing,5000,30,mid,49.96,1,0.751,0.811,4.35,0.158,0.646,0,30,20.9,4.0,0.4,1,1,2,1,4
dev,10000,30,expert,76.54,45,0.881,0.96,4.65,0.045,0.855,0,20,0.5,7.6,0.306,1,1,4,1,2
dev,5000,30,mid,24.87,38,0.621,0.756,4.01,0.05,0.618,7,40,2.7,3.0,0.199,1,1,2,1,2
dev,5000,60,junior,16.97,26,0.717,0.464,2.89,0.171,0.658,7,40,22.3,2.9,0.136,1,1,1,1,2
design,2000,60,mid,44.86,167,0.893,0.709,3.47,0.096,0.516,3,20,4.4,4.2,0.897,1,1,2,1,1
data,20000,90,senior,72.19,107,0.849,0.807,4.4,0.125,0.631,30,30,1.8,6.6,0.144,1,1,3,1,0
design,1000,30,mid,35.53,11,0.698,0.612,4.08,0.203,0.613,0,30,0.5,2.3,0.579,1,1,2,1,1
writing,1000,60,senior,62.48,8,0.896,0.884,4.06,0.133,0.733,0,20,5.1,6.7,-0.499,1,1,3,1,4
writing,2000,30,senior,57.9,74,0.913,0.636,4.11,0.152,0.821,0,30,1.6,6.5,0.842,1,1,3,1,4
dev,1000,30,junior,14.5,5,0.638,0.503,3.31,0.197,0.813,3,10,5.6,1.0,0.58,1,0,1,1,2
marketing,1000,30,junior,20.79,19,0.593,0.497,2.35,0.238,0.517,1,30,13.7,1.7,0.832,1,1,1,0,3
writing,5000,60,senior,76.82,27,0.853,0.874,4.08,0.115,0.714,30,30,0.1,7.6,0.615,0,1,3,1,4
writing,1000,60,mid,45.24,5,0.801,0.816,3.86,0.153,0.816,7,30,1.0,3.8,0.19,1,1,2,0,4
marketing,500,30,expert,69.5,200,0.902,0.851,4.38,0.015,0.831,0,20,2.4,8.3,-1.0,1,1,4,1,3
writing,2000,14,junior,19.74,7,0.568,0.525,3.74,0.225,0.525,1,20,7.5,3.1,0.395,1,1,1,0,4
dev,500,30,mid,30.46,4,0.925,0.716,3.83,0.151,0.688,7,20,2.5,3.9,-0.437,1,0,2,1,2
marketing,1000,60,senior,68.52,22,0.993,0.874,4.14,0.15,0.889,0,40,0.4,4.8,-0.741,1,1,3,1,3
marketing,1000,90,mid,25.41,7,0.779,0.754,3.56,0.157,0.645,0,20,13.3,3.6,0.984,1,0,2,0,3
writing,5000,30,senior,45.8,18,0.925,0.809,4.96,0.063,0.894,1,40,1.7,7.2,0.366,1,1,3,1,4
writing,1000,30,junior,19.17,9,0.659,0.557,3.74,0.161,0.705,1,20,4.1,1.0,0.767,1,1,1,0,4
data,500,30,senior,105.59,11,0.833,0.604,3.9,0.091,0.785,1,30,13.7,6.1,-1.0,1,1,3,0,0
writing,5000,60,expert,116.92,3,0.85,0.709,4.91,0.01,0.928,7,30,6.4,8.4,0.935,1,1,4,1,4
writing,2000,7,mid,36.77,27,0.613,0.902,3.79,0.159,0.675,0,10,7.7,3.6,0.735,1,1,2,1,4
data,20000,7,junior,10.76,87,0.71,0.781,3.47,0.19,0.499,0,20,2.0,1.5,0.022,1,0,1,0,0
dev,2000,30,senior,50.67,133,0.885,1.0,4.29,0.136,0.911,3,10,3.5,6.9,0.987,1,1,3,1,2
data,2000,60,junior,24.73,17,0.746,0.448,3.03,0.211,0.707,3,20,1.9,1.9,0.495,1,1,1,1,0
writing,500,14,mid,23.55,1,0.769,0.767,4.48,0.132,0.724,3,20,1.6,3.3,0.116,1,1,2,0,4
writing,1000,7,mid,45.99,57,0.826,0.7,4.45,0.145,0.693,3,10,2.4,2.7,0.16,1,1,2,1,4
dev,1000,90,junior,21.88,30,0.733,0.801,3.56,0.171,0.603,7,30,1.6,2.9,0.875,1,0,1,1,2
writing,1000,14,expert,111.44,200,0.927,0.955,4.52,0.038,0.879,3,10,10.9,9.4,-1.0,1,1,4,1,4
data,2000,90,mid,42.41,12,0.773,0.891,3.52,0.096,0.742,1,20,5.7,4.3,0.848,1,0,2,1,0
writing,2000,60,junior,17.11,31,0.643,0.651,2.78,0.201,0.436,3,40,1.3,2.2,0.342,1,1,1,1,4
dev,10000,90,junior,13.2,17,0.799,0.789,3.9,0.229,0.488,7,20,0.5,2.8,0.053,1,0,1,1,2
data,10000,60,junior,14.81,40,0.699,0.609,3.17,0.188,0.574,1,10,6.2,0.6,0.059,1,1,1,1,0
dev,1000,30,mid,24.87,38,0.621,0.756,4.01,0.05,0.618,7,40,2.7,3.0,0.995,1,1,2,1,2
writing,500,7,mid,24.92,186,0.945,0.646,4.05,0.132,0.642,14,40,3.3,2.3,0.006,0,1,2,1,4
marketing,2000,14,junior,29.64,1,0.74,0.814,3.11,0.207,0.582,7,40,7.0,3.7,0.593,0,1,1,1,3
writing,500,30,senior,92.89,109,0.862,0.711,4.67,0.072,0.667,0,20,1.4,6.9,-1.0,1,1,3,1,4
writing,1000,30,senior,70.14,29,1.0,0.791,4.18,0.095,0.772,7,20,1.8,7.1,-0.806,1,0,3,1,4
marketing,2000,14,junior,21.88,30,0.733,0.801,3.56,0.171,0.603,7,30,1.6,2.9,0.438,0,1,1,1,3
dev,1000,30,mid,24.87,38,0.621,0.756,4.01,0.05,0.618,7,40,2.7,3.0,0.995,1,1,2,1,2
writing,500,7,mid,39.41,24,0.813,0.711,4.03,0.209,0.677,1,10,6.4,3.5,-1.0,1,1,2,1,4
writing,500,7,junior,15.83,44,0.644,0.721,3.21,0.16,0.207,3,20,2.7,0.2,0.734,1,0,1,1,4
dev,10000,90,mid,22.07,137,0.73,0.889,4.26,0.165,0.607,0,40,25.8,5.6,0.088,1,1,2,1,2
design,1000,14,expert,103.04,54,1.0,0.799,4.44,0.01,0.871,1,20,2.6,8.7,-1.0,1,0,4,1,1
dev,2000,60,junior,16.97,26,0.717,0.464,2.89,0.171,0.658,7,40,22.3,2.9,0.339,1,1,1,0,2
design,1000,60,expert,111.96,76,0.891,0.964,4.51,0.0,0.917,3,10,0.7,7.8,-1.0,1,1,4,0,1
data,500,14,mid,35.75,11,0.917,0.817,3.74,0.221,0.895,30,20,3.9,4.6,-0.86,0,0,2,1,0
marketing,1000,30,expert,107.25,200,0.954,0.853,4.46,0.086,0.828,3,30,0.9,8.9,-1.0,1,0,4,1,3
design,1000,14,mid,36.03,21,0.76,0.762,3.99,0.188,0.494,1,40,2.2,4.1,0.559,1,0,2,1,1
marketing,1000,14,senior,86.85,34,0.906,0.828,5.0,0.059,0.669,0,30,0.1,7.7,-1.0,1,1,3,1,3
design,1000,90,senior,42.04,67,0.902,0.858,4.27,0.082,0.773,0,40,0.8,7.3,0.318,1,0,3,1,1
dev,1000,60,senior,67.06,6,0.79,1.0,5.0,0.118,0.787,3,10,1.1,5.8,-0.682,1,0,3,1,2
dev,5000,60,senior,77.72,103,0.776,0.852,4.6,0.099,0.853,0,20,6.2,6.6,0.622,1,1,3,0,2
marketing,5000,30,senior,68.52,22,0.993,0.874,4.14,0.15,0.889,0,40,0.4,4.8,0.548,1,1,3,1,3
writing,1000,30,expert,116.92,3,0.85,0.709,4.91,0.01,0.928,7,30,6.4,8.4,-1.0,1,1,4,1,4
design,10000,30,mid,34.43,4,0.787,0.623,4.28,0.22,0.678,0,30,11.0,4.5,0.138,1,1,2,1,1
writing,1000,60,junior,20.38,2,0.705,0.414,3.35,0.21,0.473,0,20,5.8,2.1,0.815,1,1,1,0,4
marketing,1000,30,junior,9.19,1,0.793,0.532,2.63,0.19,0.568,3,30,3.4,2.6,0.368,1,1,1,1,3
dev,2000,14,mid,47.35,6,0.893,0.807,3.84,0.159,0.62,14,30,6.6,4.1,0.947,0,0,2,1,2
data,500,7,mid,20.65,1,0.681,0.846,4.17,0.141,0.633,3,10,0.6,4.6,0.348,1,1,2,0,0
dev,20000,60,senior,67.22,26,0.905,0.825,4.5,0.105,0.628,1,30,0.7,5.7,0.134,1,1,3,1,2
marketing,1000,60,junior,17.87,1,0.602,0.676,3.69,0.223,0.478,1,20,15.9,4.4,0.715,1,1,1,1,3
design,5000,30,mid,45.99,57,0.826,0.7,4.45,0.145,0.693,3,10,2.4,2.7,0.368,1,0,2,1,1
writing,5000,7,senior,79.55,17,0.851,1.0,4.68,0.111,0.94,0,10,2.3,5.2,0.636,1,0,3,1,4
design,1000,60,senior,77.72,103,0.776,0.852,4.6,0.099,0.853,0,20,6.2,6.6,-1.0,1,0,3,1,1
design,1000,30,mid,54.5,40,0.815,0.583,4.44,0.182,0.609,3,40,13.7,5.0,-0.18,1,1,2,1,1
design,5000,14,senior,70.21,15,0.951,0.901,4.42,0.137,0.712,1,20,5.9,5.6,0.562,1,1,3,0,1
dev,1000,14,expert,82.97,1,1.0,0.732,5.0,0.084,0.733,14,10,1.6,9.0,-1.0,0,1,4,1,2
design,10000,30,junior,8.0,21,0.768,0.577,3.63,0.144,0.694,1,10,3.4,3.4,0.032,1,1,1,0,1
design,2000,7,junior,17.35,7,0.64,0.534,3.16,0.172,0.662,7,20,4.0,1.4,0.347,0,0,1,0,1
design,5000,30,expert,109.73,60,0.786,0.762,4.52,0.125,0.826,0,30,7.1,8.3,0.878,1,1,4,1,1
writing,2000,14,mid,45.24,5,0.801,0.816,3.86,0.153,0.816,7,30,1.0,3.8,0.905,0,1,2,1,4
data,1000,60,expert,152.21,186,0.873,0.853,5.0,0.106,0.931,7,20,1.1,6.5,-1.0,1,1,4,1,0
marketing,5000,60,senior,79.1,41,0.954,0.84,4.19,0.104,0.726,7,30,34.9,7.6,0.633,1,1,3,1,3
writing,2000,60,mid,47.35,6,0.893,0.807,3.84,0.159,0.62,14,30,6.6,4.1,0.947,1,1,2,1,4
dev,20000,90,mid,26.22,27,0.759,0.875,4.65,0.166,0.74,14,30,20.6,4.0,0.052,1,0,2,1,2
writing,10000,90,senior,80.36,105,0.767,0.812,5.0,0.105,0.783,3,30,7.8,7.1,0.321,1,1,3,1,4
design,20000,14,mid,27.76,25,0.734,0.612,3.91,0.114,0.773,14,20,4.1,3.9,0.056,0,1,2,1,1
writing,5000,7,mid,36.77,27,0.613,0.902,3.79,0.159,0.675,0,10,7.7,3.6,0.294,1,1,2,1,4
data,2000,30,junior,18.03,7,0.721,0.679,3.28,0.232,0.693,7,20,7.9,3.3,0.361,1,1,1,0,0
design,500,60,mid,31.69,140,0.761,0.662,4.29,0.18,0.817,7,40,7.1,3.5,-0.535,1,1,2,1,1
writing,10000,30,junior,20.47,0,0.0,0.0,0.0,0.0,0.0,1,30,6.8,0.0,0.082,1,1,1,0,4
marketing,5000,60,mid,22.01,53,0.807,0.717,3.86,0.204,0.72,0,10,9.7,3.4,0.176,1,0,2,1,3
dev,1000,30,senior,35.36,63,0.834,0.876,4.65,0.145,0.625,1,20,2.5,4.9,0.586,1,1,3,1,2
dev,500,60,senior,52.32,41,0.922,0.723,4.28,0.082,0.761,0,10,19.8,6.5,-1.0,1,1,3,1,2
writing,500,60,mid,38.07,17,0.84,0.587,4.26,0.195,0.569,0,20,7.5,1.5,-1.0,1,1,2,1,4
writing,500,30,junior,13.85,1,0.67,0.557,4.12,0.193,0.624,0,30,3.7,3.3,0.892,1,1,1,0,4
design,5000,14,mid,35.75,11,0.917,0.817,3.74,0.221,0.895,30,20,3.9,4.6,0.286,0,1,2,0,1
data,1000,30,senior,49.89,2,0.896,0.681,4.75,0.105,0.754,1,20,1.6,4.5,0.004,1,1,3,1,0
dev,10000,14,mid,25.41,7,0.779,0.754,3.56,0.157,0.645,0,20,13.3,3.6,0.102,1,1,2,0,2
writing,2000,30,senior,55.45,157,0.98,0.938,4.27,0.107,0.809,14,40,3.6,5.9,0.891,1,1,3,1,4
data,5000,90,mid,32.13,15,0.864,0.886,3.79,0.143,0.65,30,10,5.0,3.6,0.257,1,1,2,0,0
design,500,7,senior,75.68,106,0.805,0.997,4.08,0.129,0.738,14,40,0.4,5.2,-1.0,0,1,3,1,1
dev,500,14,junior,19.21,2,0.654,0.464,3.27,0.178,0.433,14,20,31.3,2.0,0.463,0,1,1,0,2
writing,500,30,expert,58.7,20,0.875,0.658,3.56,0.026,0.846,3,10,14.1,8.3,-1.0,1,1,4,1,4
dev,500,14,expert,127.78,6,1.0,0.975,4.5,0.037,0.801,1,20,15.6,8.0,-1.0,1,1,4,0,2
marketing,20000,60,senior,62.39,85,0.881,0.685,3.96,0.086,0.698,14,40,2.8,7.7,0.125,1,1,3,0,3
data,2000,90,junior,14.75,1,0.6,0.55,3.42,0.188,0.427,0,30,2.9,0.9,0.295,1,1,1,1,0
marketing,1000,30,senior,62.39,85,0.881,0.685,3.96,0.086,0.698,14,40,2.8,7.7,-0.496,1,1,3,1,3
design,10000,60,senior,58.69,39,0.884,0.769,3.94,0.102,0.702,14,10,10.4,4.6,0.235,1,1,3,1,1
dev,20000,14,mid,23.37,18,0.762,0.717,3.94,0.141,0.743,1,20,4.4,3.6,0.047,1,1,2,0,2
writing,2000,30,senior,45.73,5,0.93,0.836,4.44,0.085,0.737,7,20,1.7,5.2,0.915,1,0,3,1,4
marketing,5000,30,senior,65.16,21,0.749,0.842,4.53,0.104,0.747,3,10,0.0,5.0,0.521,1,0,3,1,3
design,2000,14,expert,101.64,200,0.948,0.949,4.14,0.101,0.85,3,20,7.9,9.6,-0.033,1,0,4,1,1
marketing,2000,14,mid,31.33,16,0.879,0.741,3.68,0.099,0.765,3,30,1.7,3.3,0.627,1,1,2,0,3
writing,5000,14,expert,79.27,22,0.823,0.965,5.0,0.051,0.678,3,30,0.1,8.5,0.634,1,0,4,1,4
writing,500,60,junior,14.75,1,0.6,0.55,3.42,0.188,0.427,0,30,2.9,0.9,0.82,1,0,1,0,4
data,5000,60,junior,22.31,9,0.628,0.694,3.45,0.201,0.569,0,20,9.8,1.4,0.178,1,0,1,1,0
data,2000,7,expert,85.84,169,1.0,1.0,4.16,0.065,0.783,1,30,1.6,7.9,0.283,1,0,4,1,0
writing,2000,30,expert,99.78,57,0.979,1.0,4.53,0.047,0.763,0,30,29.3,9.2,0.004,1,1,4,1,4
design,500,30,expert,116.27,84,0.954,0.954,4.95,0.041,0.883,0,40,0.9,6.3,-1.0,1,1,4,0,1
marketing,5000,14,mid,16.92,3,0.844,0.666,3.67,0.206,0.595,0,10,4.4,4.4,0.135,1,1,2,1,3
design,500,30,senior,100.3,93,0.912,0.768,4.08,0.038,0.795,14,20,9.6,7.4,-1.0,1,1,3,1,1
marketing,2000,90,junior,19.17,9,0.659,0.557,3.74,0.161,0.705,1,20,4.1,1.0,0.383,1,0,1,0,3
data,5000,14,mid,44.59,9,0.864,0.831,4.0,0.136,0.763,0,20,11.2,5.2,0.357,1,1,2,1,0
data,2000,60,mid,35.0,19,0.766,0.629,3.17,0.198,0.574,0,20,7.8,1.3,0.7,1,1,2,1,0
data,2000,14,mid,24.0,57,0.812,0.639,3.82,0.152,0.695,0,40,0.5,4.1,0.48,1,1,2,1,0
writing,5000,90,junior,22.31,9,0.628,0.694,3.45,0.201,0.569,0,20,9.8,1.4,0.178,1,1,1,1,4
design,1000,14,senior,75.06,12,0.918,0.895,3.88,0.092,0.841,3,30,3.6,6.6,-1.0,1,1,3,1,1
data,2000,90,senior,37.65,83,0.877,0.753,3.82,0.06,0.714,1,20,8.2,5.4,0.753,1,0,3,1,0
marketing,500,30,senior,43.23,120,0.893,0.793,4.3,0.068,0.559,3,40,0.9,7.1,-1.0,1,1,3,1,3
marketing,1000,30,junior,11.75,3,0.639,0.499,2.73,0.215,0.61,1,10,5.9,3.3,0.47,1,1,1,1,3
writing,2000,30,junior,20.32,92,0.57,0.652,3.6,0.205,0.665,0,30,2.5,0.8,0.406,1,0,1,0,4
marketing,10000,14,junior,19.45,3,0.627,0.555,3.46,0.147,0.714,0,10,4.1,1.0,0.078,1,1,1,0,3
data,10000,14,expert,121.18,138,1.0,0.905,4.68,0.062,0.85,3,10,4.5,8.2,0.485,1,1,4,1,0
design,1000,30,junior,10.02,11,0.675,0.712,2.92,0.218,0.541,3,10,0.8,2.5,0.401,1,1,1,1,1
dev,10000,90,senior,64.01,55,1.0,0.945,4.24,0.088,0.733,30,20,2.2,8.0,0.256,1,1,3,1,2
dev,10000,30,mid,39.94,54,0.751,0.653,2.9,0.171,0.665,1,40,14.5,5.1,0.16,1,1,2,0,2
marketing,500,14,mid,37.13,8,0.655,0.607,3.91,0.185,0.758,0,20,0.4,2.5,-0.97,1,1,2,1,3
design,500,90,junior,17.87,1,0.602,0.676,3.69,0.223,0.478,1,20,15.9,4.4,0.57,1,0,1,1,1
writing,1000,30,senior,35.11,25,0.902,0.931,4.53,0.11,0.939,1,20,12.7,7.3,0.596,1,0,3,1,4
data,5000,14,junior,24.73,17,0.746,0.448,3.03,0.211,0.707,3,20,1.9,1.9,0.198,1,1,1,0,0
marketing,5000,14,junior,17.11,31,0.643,0.651,2.78,0.201,0.436,3,40,1.3,2.2,0.137,1,0,1,1,3
design,2000,30,junior,10.5,59,0.587,0.614,3.48,0.222,0.65,3,30,4.3,2.4,0.21,1,1,1,0,1
data,1000,30,mid,38.57,5,0.66,0.789,3.8,0.195,0.625,0,20,9.9,3.4,0.457,1,1,2,1,0
dev,1000,7,mid,49.38,13,0.708,0.811,3.95,0.111,0.768,0,30,2.0,2.6,0.025,1,0,2,0,2
writing,1000,60,mid,45.99,57,0.826,0.7,4.45,0.145,0.693,3,10,2.4,2.7,0.16,1,1,2,1,4
data,5000,60,expert,61.5,53,0.959,0.818,4.81,0.027,0.78,1,40,2.5,8.6,0.492,1,1,4,1,0
data,1000,60,mid,18.68,34,0.768,0.695,3.3,0.15,0.875,0,30,10.6,3.9,0.747,1,1,2,1,0
writing,1000,90,senior,80.36,105,0.767,0.812,5.0,0.105,0.783,3,30,7.8,7.1,-1.0,1,1,3,1,4
writing,500,60,junior,18.43,12,0.734,0.566,2.95,0.195,0.662,3,20,2.9,2.1,0.526,1,0,1,0,4
data,1000,7,senior,31.26,58,0.882,0.862,4.72,0.078,0.785,3,20,2.7,6.1,0.75,1,1,3,1,0
data,5000,30,mid,29.87,16,0.88,0.648,4.15,0.113,0.857,3,30,12.7,5.8,0.239,1,0,2,0,0
data,10000,90,mid,44.67,42,0.72,0.655,3.88,0.148,0.664,14,30,1.9,5.6,0.179,1,1,2,1,0
writing,1000,90,senior,43.23,120,0.893,0.793,4.3,0.068,0.559,3,40,0.9,7.1,0.271,1,0,3,1,4
dev,2000,60,senior,67.22,26,0.905,0.825,4.5,0.105,0.628,1,30,0.7,5.7,0.656,1,1,3,1,2
marketing,500,30,senior,57.06,6,0.959,0.992,4.17,0.095,0.758,0,30,0.4,5.0,-1.0,1,1,3,1,3
marketing,500,60,mid,44.66,35,0.865,0.712,4.11,0.172,0.558,0,20,1.5,3.8,-1.0,1,0,2,1,3
data,5000,14,senior,41.21,32,0.794,0.96,4.7,0.138,0.736,0,30,8.6,5.9,0.33,1,1,3,1,0
design,5000,90,senior,70.21,15,0.951,0.901,4.42,0.137,0.712,1,20,5.9,5.6,0.562,1,1,3,1,1
marketing,500,30,mid,16.92,3,0.844,0.666,3.67,0.206,0.595,0,10,4.4,4.4,0.646,1,1,2,0,3
data,2000,60,expert,104.5,23,0.941,0.681,4.82,0.034,0.908,30,20,11.1,7.6,-0.09,0,1,4,1,0
marketing,2000,60,mid,46.36,10,0.675,0.863,4.15,0.182,0.882,3,40,5.3,4.1,0.927,1,1,2,1,3
marketing,2000,30,expert,76.88,13,0.809,0.871,5.0,0.113,0.928,3,30,1.0,7.7,0.462,1,1,4,1,3
data,2000,60,mid,30.38,109,0.826,0.688,4.32,0.154,0.605,3,40,33.1,1.8,0.608,1,0,2,1,0
dev,500,30,senior,27.63,15,1.0,0.777,3.63,0.151,0.873,0,20,14.0,5.5,-0.21,1,0,3,1,2
dev,2000,60,senior,69.1,27,0.767,0.659,4.55,0.074,0.889,14,10,7.6,4.3,0.618,1,1,3,1,2
marketing,20000,7,junior,20.32,92,0.57,0.652,3.6,0.205,0.665,0,30,2.5,0.8,0.041,1,1,1,1,3
writing,1000,7,mid,35.92,23,0.639,0.935,3.96,0.108,0.616,0,20,8.1,4.8,0.563,1,1,2,1,4
marketing,2000,60,junior,12.16,26,0.672,0.732,2.8,0.17,0.514,1,10,5.2,2.0,0.243,1,1,1,1,3
writing,5000,30,junior,14.96,25,0.686,0.657,3.58,0.148,0.812,7,20,20.7,1.1,0.12,1,1,1,0,4
marketing,500,90,mid,33.08,71,0.832,0.691,4.32,0.127,0.705,0,10,5.2,5.4,-0.646,1,1,2,1,3
design,2000,7,mid,46.19,11,0.759,0.735,3.98,0.167,0.61,0,40,0.1,2.8,0.924,1,1,2,1,1
marketing,500,60,expert,96.13,13,0.889,0.816,4.78,0.013,0.926,0,40,0.1,7.6,-1.0,1,1,4,1,3
marketing,2000,30,senior,62.39,85,0.881,0.685,3.96,0.086,0.698,14,40,2.8,7.7,0.752,1,1,3,0,3
data,1000,60,senior,85.63,8,0.896,0.806,4.37,0.124,0.579,14,30,2.0,6.0,-1.0,1,1,3,1,0
dev,1000,60,mid,24.87,38,0.621,0.756,4.01,0.05,0.618,7,40,2.7,3.0,0.995,1,1,2,0,2
writing,500,30,mid,44.67,42,0.72,0.655,3.88,0.148,0.664,14,30,1.9,5.6,-1.0,1,0,2,0,4
writing,5000,60,junior,18.15,2,0.748,0.529,2.91,0.207,0.581,30,30,1.2,3.1,0.145,0,1,1,1,4
marketing,5000,30,junior,19.45,3,0.627,0.555,3.46,0.147,0.714,0,10,4.1,1.0,0.156,1,1,1,0,3
writing,2000,60,junior,18.77,18,0.573,0.642,3.05,0.174,0.518,30,30,3.2,2.5,0.375,0,0,1,1,4
design,1000,30,junior,21.46,59,0.504,0.601,2.94,0.203,0.343,0,20,10.3,0.1,0.858,1,1,1,0,1
design,2000,90,mid,38.68,67,0.804,0.448,4.13,0.209,0.734,7,20,6.4,3.0,0.774,1,1,2,1,1
design,5000,30,expert,110.14,65,0.91,0.934,4.98,0.018,0.949,0,20,11.7,7.8,0.881,1,1,4,1,1
design,1000,90,mid,36.26,86,0.729,0.761,3.46,0.124,0.86,7,20,4.2,3.7,0.55,1,1,2,1,1
dev,1000,30,mid,22.07,137,0.73,0.889,4.26,0.165,0.607,0,40,25.8,5.6,0.883,1,1,2,0,2
design,2000,60,junior,10.73,26,0.49,0.685,3.07,0.237,0.486,0,40,3.0,3.0,0.215,1,1,1,1,1
data,1000,30,mid,34.27,3,0.73,0.681,3.77,0.123,0.608,0,10,0.7,3.3,0.629,1,1,2,1,0
writing,500,90,junior,8.0,5,0.653,0.597,2.29,0.176,0.595,14,30,2.1,2.0,0.64,1,1,1,0,4
design,1000,30,senior,43.41,56,0.91,0.813,4.46,0.116,0.832,1,30,4.8,7.3,0.264,1,1,3,1,1
writing,10000,60,senior,53.42,69,0.716,0.728,4.44,0.147,0.843,14,20,1.2,6.3,0.214,1,1,3,1,4
design,2000,30,mid,51.16,70,0.906,0.566,3.68,0.158,0.51,1,20,0.6,3.1,0.977,1,0,2,0,1
design,500,60,mid,54.5,40,0.815,0.583,4.44,0.182,0.609,3,40,13.7,5.0,-1.0,1,1,2,0,1
marketing,1000,14,junior,8.0,11,0.706,0.857,3.45,0.14,0.514,0,30,0.7,2.1,0.32,1,1,1,1,3
design,2000,30,mid,17.48,99,0.865,0.623,3.79,0.12,0.784,3,30,13.8,4.6,0.35,1,1,2,0,1
design,1000,30,mid,28.05,10,0.899,0.708,4.02,0.182,0.726,1,30,9.8,4.5,0.878,1,1,2,1,1
writing,2000,60,mid,24.61,7,0.76,0.761,4.38,0.182,0.622,0,40,2.5,2.7,0.492,1,1,2,1,4
writing,1000,30,mid,24.92,186,0.945,0.646,4.05,0.132,0.642,14,40,3.3,2.3,0.997,1,1,2,1,4
data,10000,60,junior,10.08,91,0.646,0.553,2.84,0.2,0.504,7,30,6.1,1.0,0.04,1,1,1,0,0
design,2000,30,mid,36.69,5,0.957,0.829,3.65,0.146,0.714,3,30,10.0,3.9,0.734,1,1,2,1,1
design,500,60,mid,28.05,10,0.899,0.708,4.02,0.182,0.726,1,30,9.8,4.5,-0.244,1,1,2,1,1
marketing,5000,30,mid,16.92,3,0.844,0.666,3.67,0.206,0.595,0,10,4.4,4.4,0.135,1,1,2,1,3
data,5000,60,mid,42.22,0,0.0,0.0,0.0,0.0,0.0,7,40,0.2,4.4,0.338,1,0,2,1,0
marketing,1000,60,mid,24.93,33,0.672,0.761,3.83,0.165,0.651,0,30,14.3,4.7,0.997,1,1,2,0,3
data,1000,14,mid,39.86,20,0.873,0.721,4.24,0.139,0.69,7,10,3.4,3.9,0.406,0,1,2,0,0
writing,5000,14,junior,16.76,1,0.537,0.492,3.17,0.175,0.489,14,30,12.2,0.5,0.134,0,0,1,0,4
writing,5000,30,mid,15.31,13,0.671,0.823,4.17,0.171,0.697,3,40,11.4,3.1,0.122,1,1,2,1,4
writing,5000,60,senior,56.15,5,0.953,0.736,4.95,0.108,0.675,14,30,4.7,7.9,0.449,1,0,3,1,4
writing,5000,30,expert,78.05,200,1.0,0.913,4.72,0.0,0.849,0,30,0.8,8.3,0.624,1,1,4,1,4
design,2000,90,mid,49.72,0,0.0,0.0,0.0,0.0,0.0,3,30,1.5,3.7,0.994,1,1,2,0,1
data,2000,30,junior,18.03,7,0.721,0.679,3.28,0.232,0.693,7,20,7.9,3.3,0.361,1,1,1,1,0
design,1000,30,junior,13.2,17,0.799,0.789,3.9,0.229,0.488,7,20,0.5,2.8,0.528,1,1,1,1,1
dev,5000,60,expert,85.01,84,0.95,0.917,4.7,0.078,0.908,0,30,1.6,8.5,0.68,1,1,4,1,2
dev,2000,30,senior,61.85,19,0.866,0.845,4.25,0.107,0.947,0,20,12.0,5.6,0.763,1,1,3,0,2
writing,500,30,senior,85.95,8,0.636,0.724,4.18,0.152,0.808,0,30,7.3,4.4,-1.0,1,1,3,1,4
marketing,20000,60,mid,44.6,7,0.665,0.711,3.92,0.082,0.67,7,30,0.5,4.0,0.089,1,1,2,1,3
data,2000,7,mid,37.2,17,0.798,0.689,4.38,0.168,0.876,1,20,8.5,2.6,0.744,1,1,2,1,0
design,20000,14,senior,68.73,85,0.885,0.839,4.48,0.081,0.748,7,30,0.3,6.4,0.137,0,1,3,1,1
design,20000,90,mid,36.65,153,0.815,0.808,4.08,0.2,0.679,1,10,9.3,4.7,0.073,1,1,2,1,1
data,1000,60,junior,15.05,10,0.707,0.644,3.41,0.237,0.443,7,30,1.0,2.1,0.602,1,0,1,1,0
design,20000,90,expert,104.45,60,0.945,0.793,4.57,0.054,0.923,3,40,0.4,8.2,0.209,1,1,4,1,1
dev,20000,90,senior,28.15,12,0.87,0.747,4.1,0.158,0.824,1,40,15.4,4.3,0.056,1,1,3,1,2
design,10000,14,junior,17.77,3,0.695,0.555,3.89,0.219,0.415,0,30,0.3,2.9,0.071,1,1,1,1,1
design,5000,60,mid,21.7,116,0.775,0.774,4.26,0.079,0.579,3,30,0.4,5.4,0.174,1,1,2,1,1
data,500,14,junior,12.1,18,0.522,0.535,3.09,0.251,0.377,14,10,12.6,0.8,0.968,0,1,1,0,0
data,5000,90,mid,38.56,7,0.794,0.853,4.14,0.124,0.929,1,40,10.6,4.3,0.308,1,1,2,1,0
design,5000,14,mid,35.75,11,0.917,0.817,3.74,0.221,0.895,30,20,3.9,4.6,0.286,0,1,2,1,1
design,1000,30,mid,33.19,43,0.791,0.63,4.01,0.146,0.758,0,30,13.1,2.9,0.672,1,0,2,1,1
dev,10000,30,senior,35.11,25,0.902,0.931,4.53,0.11,0.939,1,20,12.7,7.3,0.14,1,1,3,1,2
data,5000,60,junior,18.43,12,0.734,0.566,2.95,0.195,0.662,3,20,2.9,2.1,0.147,1,1,1,0,0
data,20000,90,junior,19.88,12,0.667,0.439,2.97,0.146,0.604,0,10,3.6,2.3,0.04,1,1,1,0,0
design,500,7,junior,10.73,26,0.49,0.685,3.07,0.237,0.486,0,40,3.0,3.0,0.858,1,1,1,0,1
writing,10000,60,mid,31.7,7,0.81,0.736,3.72,0.195,0.479,0,20,1.8,4.3,0.127,1,1,2,1,4
dev,1000,60,mid,39.41,24,0.813,0.711,4.03,0.209,0.677,1,10,6.4,3.5,0.424,1,0,2,1,2
dev,2000,90,expert,64.32,104,0.979,0.926,4.11,0.03,0.945,1,40,3.1,8.9,0.714,1,1,4,0,2
data,500,30,mid,38.63,1,0.866,0.743,4.26,0.153,0.69,7,30,2.1,2.7,-1.0,1,1,2,1,0
data,500,60,mid,46.19,11,0.759,0.735,3.98,0.167,0.61,0,40,0.1,2.8,-1.0,1,0,2,0,0
dev,5000,7,junior,12.83,25,0.663,0.602,3.08,0.184,0.538,30,20,0.6,0.5,0.103,0,0,1,0,2
dev,500,90,junior,15.25,2,0.643,0.593,3.35,0.197,0.783,1,20,0.1,2.2,0.78,1,1,1,1,2
writing,1000,30,senior,85.26,8,0.922,0.858,4.82,0.131,0.726,7,40,0.7,5.4,-1.0,1,1,3,1,4
marketing,500,7,junior,18.77,18,0.573,0.642,3.05,0.174,0.518,30,30,3.2,2.5,0.498,0,1,1,1,3
data,500,30,senior,49.89,2,0.896,0.681,4.75,0.105,0.754,1,20,1.6,4.5,-1.0,1,1,3,0,0
dev,1000,30,junior,15.25,2,0.643,0.593,3.35,0.197,0.783,1,20,0.1,2.2,0.61,1,1,1,1,2
marketing,20000,60,expert,115.39,112,0.909,0.969,4.44,0.07,0.791,0,30,4.7,7.8,0.231,1,1,4,1,3
writing,5000,90,mid,34.49,28,0.778,0.791,4.09,0.157,0.759,14,40,1.9,3.8,0.276,1,1,2,1,4
marketing,500,30,junior,15.64,34,0.597,0.588,3.71,0.179,0.397,14,20,14.7,2.6,0.749,1,1,1,1,3
dev,2000,60,senior,35.11,25,0.902,0.931,4.53,0.11,0.939,1,20,12.7,7.3,0.702,1,1,3,1,2
design,1000,60,expert,106.57,17,0.858,0.98,4.77,0.052,0.949,0,20,0.4,7.9,-1.0,1,1,4,1,1
dev,1000,14,mid,29.79,35,0.753,0.804,4.16,0.151,0.681,3,40,17.5,3.8,0.808,1,0,2,1,2
writing,1000,30,senior,29.47,116,0.814,0.813,3.8,0.09,0.877,0,40,3.3,5.3,0.821,1,0,3,1,4
writing,5000,30,junior,13.85,1,0.67,0.557,4.12,0.193,0.624,0,30,3.7,3.3,0.111,1,1,1,1,4
marketing,10000,30,mid,29.48,67,0.794,0.747,4.1,0.223,0.626,3,20,2.5,3.7,0.118,1,0,2,0,3
dev,1000,60,junior,8.49,13,0.613,0.639,3.52,0.175,0.566,3,10,9.3,1.5,0.34,1,0,1,1,2
marketing,500,90,junior,18.77,18,0.573,0.642,3.05,0.174,0.518,30,30,3.2,2.5,0.498,1,1,1,1,3
writing,5000,14,senior,87.16,72,0.897,1.0,5.0,0.058,0.611,1,40,1.1,6.8,0.697,1,1,3,1,4
data,1000,30,junior,12.66,32,0.669,0.444,3.38,0.225,0.351,1,30,30.8,2.4,0.506,1,1,1,1,0
data,20000,60,mid,38.63,1,0.866,0.743,4.26,0.153,0.69,7,30,2.1,2.7,0.077,1,1,2,1,0
design,1000,30,mid,18.11,52,0.739,0.817,3.94,0.16,0.7,1,20,4.8,4.5,0.724,1,0,2,1,1
dev,1000,60,expert,127.78,6,1.0,0.975,4.5,0.037,0.801,1,20,15.6,8.0,-1.0,1,1,4,1,2
writing,1000,30,senior,35.7,36,0.859,0.805,4.29,0.019,0.775,14,20,5.2,5.0,0.572,1,0,3,1,4
dev,2000,30,senior,87.94,62,0.818,0.91,5.0,0.117,0.764,7,30,1.7,5.4,0.241,1,1,3,1,2
dev,2000,14,expert,85.63,27,0.861,0.918,4.97,0.031,0.907,3,30,10.7,7.6,0.287,1,1,4,1,2
marketing,1000,60,junior,18.77,18,0.573,0.642,3.05,0.174,0.518,30,30,3.2,2.5,0.751,0,1,1,1,3
design,1000,30,senior,79.55,17,0.851,1.0,4.68,0.111,0.94,0,10,2.3,5.2,-1.0,1,1,3,1,1
design,10000,60,junior,15.05,10,0.707,0.644,3.41,0.237,0.443,7,30,1.0,2.1,0.06,1,1,1,0,1
writing,1000,7,senior,69.99,55,0.959,0.73,4.6,0.095,0.861,1,30,0.3,6.5,-0.8,1,0,3,1,4
design,5000,60,senior,46.14,108,0.959,0.944,4.03,0.126,0.613,3,20,0.5,7.5,0.369,1,1,3,1,1
design,5000,14,mid,37.38,24,0.869,0.713,3.43,0.155,0.671,14,10,4.4,3.5,0.299,0,0,2,1,1
data,1000,14,junior,13.38,7,0.486,0.688,3.47,0.219,0.512,7,20,7.9,2.2,0.535,0,1,1,0,0
writing,500,14,mid,24.26,31,0.987,0.771,3.87,0.139,0.831,7,30,29.1,5.6,0.059,0,1,2,1,4
design,500,14,junior,8.23,90,0.66,0.492,3.34,0.219,0.581,7,10,13.6,1.5,0.658,0,1,1,0,1
design,1000,90,expert,126.84,85,0.988,0.891,4.95,0.125,0.91,0,20,3.8,9.0,-1.0,1,1,4,1,1
data,2000,60,expert,112.75,1,0.846,0.965,4.61,0.035,0.834,14,10,6.9,10.0,-0.255,1,1,4,1,0
writing,2000,14,expert,107.25,200,0.954,0.853,4.46,0.086,0.828,3,30,0.9,8.9,-0.145,1,1,4,1,4
marketing,2000,60,junior,15.64,34,0.597,0.588,3.71,0.179,0.397,14,20,14.7,2.6,0.313,1,1,1,1,3
dev,500,60,mid,20.08,10,0.893,0.75,4.0,0.129,0.617,7,20,2.2,3.5,0.394,1,1,2,1,2
dev,2000,60,mid,39.94,54,0.751,0.653,2.9,0.171,0.665,1,40,14.5,5.1,0.799,1,1,2,1,2
dev,500,14,mid,21.02,15,0.814,0.816,4.02,0.198,0.7,7,30,1.7,3.8,0.318,0,1,2,1,2
writing,500,30,mid,32.55,11,0.824,0.86,3.96,0.133,0.731,7,20,3.1,3.8,-0.604,1,0,2,1,4
writing,20000,30,senior,85.95,8,0.636,0.724,4.18,0.152,0.808,0,30,7.3,4.4,0.172,1,1,3,1,4
writing,2000,60,senior,50.81,79,0.867,0.906,3.86,0.133,0.766,14,40,1.0,5.6,0.984,1,0,3,1,4
data,10000,7,junior,12.83,25,0.663,0.602,3.08,0.184,0.538,30,20,0.6,0.5,0.051,0,1,1,1,0
writing,2000,14,senior,93.44,11,0.843,0.831,4.53,0.101,0.855,0,20,15.9,6.3,0.131,1,1,3,1,4
design,5000,30,junior,12.19,5,0.744,0.732,2.72,0.249,0.582,1,20,0.6,1.9,0.098,1,1,1,0,1
dev,2000,90,senior,45.25,10,0.739,0.894,4.01,0.094,0.855,0,20,3.6,5.0,0.905,1,1,3,1,2
marketing,10000,14,senior,70.76,10,0.879,0.935,4.59,0.147,0.877,0,20,7.5,6.7,0.283,1,0,3,1,3
dev,2000,90,junior,9.8,15,0.726,0.507,3.46,0.224,0.56,7,20,6.3,3.8,0.196,1,1,1,1,2
design,1000,7,junior,17.68,31,0.657,0.785,3.65,0.196,0.623,1,40,11.9,1.6,0.707,1,1,1,0,1
dev,5000,14,mid,42.22,0,0.0,0.0,0.0,0.0,0.0,7,40,0.2,4.4,0.338,0,1,2,0,2
marketing,500,30,senior,67.06,6,0.79,1.0,5.0,0.118,0.787,3,10,1.1,5.8,-1.0,1,1,3,1,3
design,500,14,senior,49.19,174,0.909,0.865,4.21,0.106,0.769,7,30,1.5,8.1,-1.0,0,1,3,1,1
dev,1000,7,expert,96.13,13,0.889,0.816,4.78,0.013,0.926,0,40,0.1,7.6,-1.0,1,0,4,1,2
writing,2000,60,senior,111.41,38,0.893,0.987,4.35,0.143,0.918,1,30,8.2,6.5,-0.228,1,1,3,1,4
dev,500,30,mid,28.93,6,0.821,0.51,4.05,0.173,0.547,0,40,0.1,3.7,-0.314,1,0,2,1,2
writing,500,7,senior,70.69,109,0.865,0.848,4.43,0.12,0.752,0,30,12.6,5.9,-1.0,1,1,3,0,4
dev,2000,7,expert,90.27,1,0.972,0.88,4.95,0.108,0.871,3,40,17.3,8.3,0.195,1,1,4,1,2
writing,5000,7,junior,10.73,26,0.49,0.685,3.07,0.237,0.486,0,40,3.0,3.0,0.086,1,0,1,0,4
marketing,1000,30,senior,82.33,33,0.841,0.838,5.0,0.058,0.942,7,20,3.7,7.3,-1.0,1,0,3,0,3
marketing,1000,30,junior,20.32,92,0.57,0.652,3.6,0.205,0.665,0,30,2.5,0.8,0.813,1,1,1,1,3
writing,500,90,mid,38.36,40,0.796,0.722,3.93,0.136,0.732,0,20,4.1,3.2,-1.0,1,0,2,1,4
writing,1000,30,mid,24.26,31,0.987,0.771,3.87,0.139,0.831,7,30,29.1,5.6,0.97,1,1,2,1,4
data,1000,14,expert,101.71,65,0.959,1.0,4.29,0.053,0.702,1,30,2.8,7.1,-1.0,1,1,4,1,0
data,2000,14,junior,18.43,12,0.734,0.566,2.95,0.195,0.662,3,20,2.9,2.1,0.369,1,1,1,1,0
marketing,2000,90,mid,35.24,32,0.673,0.69,4.8,0.122,0.587,14,30,3.5,5.5,0.705,1,0,2,1,3
design,5000,90,mid,26.22,27,0.759,0.875,4.65,0.166,0.74,14,30,20.6,4.0,0.21,1,1,2,1,1
design,20000,7,mid,26.22,27,0.759,0.875,4.65,0.166,0.74,14,30,20.6,4.0,0.052,0,1,2,1,1
dev,10000,30,mid,22.01,53,0.807,0.717,3.86,0.204,0.72,0,10,9.7,3.4,0.088,1,1,2,1,2
writing,20000,7,mid,50.07,20,0.821,0.665,4.08,0.16,0.686,0,20,9.2,3.6,0.1,1,1,2,1,4
writing,1000,14,junior,14.1,0,0.0,0.0,0.0,0.0,0.0,0,40,2.6,1.7,0.564,1,1,1,0,4
dev,1000,7,mid,37.62,27,0.66,0.772,3.87,0.194,0.607,0,40,2.2,3.7,0.495,1,1,2,1,2
design,2000,30,expert,76.54,45,0.881,0.96,4.65,0.045,0.855,0,20,0.5,7.6,0.469,1,0,4,1,1
dev,1000,30,junior,15.83,44,0.644,0.721,3.21,0.16,0.207,3,20,2.7,0.2,0.633,1,1,1,0,2
writing,10000,30,mid,45.24,5,0.801,0.816,3.86,0.153,0.816,7,30,1.0,3.8,0.181,1,1,2,0,4
design,1000,30,expert,109.73,60,0.786,0.762,4.52,0.125,0.826,0,30,7.1,8.3,-1.0,1,1,4,1,1
marketing,20000,14,junior,21.88,30,0.733,0.801,3.56,0.171,0.603,7,30,1.6,2.9,0.044,0,1,1,1,3
design,2000,60,senior,75.06,12,0.918,0.895,3.88,0.092,0.841,3,30,3.6,6.6,0.499,1,1,3,1,1
marketing,2000,30,senior,57.06,6,0.959,0.992,4.17,0.095,0.758,0,30,0.4,5.0,0.859,1,1,3,1,3
dev,5000,30,expert,97.34,4,0.94,0.899,3.98,0.039,0.793,1,10,0.8,7.3,0.779,1,1,4,1,2
writing,1000,30,junior,22.31,9,0.628,0.694,3.45,0.201,0.569,0,20,9.8,1.4,0.892,1,1,1,1,4
dev,1000,60,junior,15.83,44,0.644,0.721,3.21,0.16,0.207,3,20,2.7,0.2,0.633,1,1,1,0,2
data,10000,14,expert,154.05,25,0.968,0.855,4.39,0.057,0.968,14,40,1.4,8.8,0.616,0,1,4,1,0
design,2000,30,expert,99.3,24,0.852,0.884,5.0,0.064,0.849,0,40,7.3,9.8,0.014,1,0,4,0,1
writing,1000,30,mid,42.45,9,0.795,0.76,3.42,0.182,0.737,1,20,5.8,3.3,0.302,1,1,2,1,4
design,2000,30,senior,80.08,21,0.951,0.876,3.97,0.06,0.778,3,40,8.3,6.3,0.398,1,0,3,0,1
dev,1000,60,junior,9.8,15,0.726,0.507,3.46,0.224,0.56,7,20,6.3,3.8,0.392,1,1,1,1,2
marketing,2000,60,mid,48.25,20,0.79,0.795,4.05,0.169,0.623,7,20,27.3,3.1,0.965,1,1,2,1,3
design,10000,30,junior,12.31,47,0.781,0.522,3.49,0.166,0.751,3,30,9.8,1.5,0.049,1,1,1,1,1
dev,500,30,mid,38.36,40,0.796,0.722,3.93,0.136,0.732,0,20,4.1,3.2,-1.0,1,1,2,0,2
data,20000,60,mid,44.55,14,0.925,0.792,4.03,0.177,0.618,1,10,1.7,4.5,0.089,1,0,2,1,0
writing,2000,7,senior,69.5,31,0.694,0.819,4.11,0.094,0.695,3,30,6.5,6.3,0.61,1,1,3,0,4
dev,2000,7,mid,35.24,32,0.673,0.69,4.8,0.122,0.587,14,30,3.5,5.5,0.705,0,1,2,1,2
design,10000,30,expert,82.97,1,1.0,0.732,5.0,0.084,0.733,14,10,1.6,9.0,0.332,1,0,4,0,1
marketing,5000,30,expert,69.5,200,0.902,0.851,4.38,0.015,0.831,0,20,2.4,8.3,0.556,1,1,4,1,3
writing,5000,7,mid,31.7,7,0.81,0.736,3.72,0.195,0.479,0,20,1.8,4.3,0.254,1,1,2,1,4
design,5000,30,mid,47.84,5,0.759,0.753,4.59,0.148,0.495,0,30,3.4,4.9,0.383,1,0,2,0,1
marketing,2000,30,senior,79.1,41,0.954,0.84,4.19,0.104,0.726,7,30,34.9,7.6,0.418,1,1,3,1,3
marketing,10000,30,expert,101.64,200,0.948,0.949,4.14,0.101,0.85,3,20,7.9,9.6,0.407,1,1,4,1,3
design,1000,7,mid,51.6,44,0.832,0.841,3.78,0.166,0.74,1,20,4.2,6.0,-0.064,1,1,2,1,1
data,1000,14,expert,152.55,161,0.894,0.889,4.43,0.041,0.936,1,30,2.5,9.2,-1.0,1,1,4,1,0
marketing,2000,14,junior,20.32,92,0.57,0.652,3.6,0.205,0.665,0,30,2.5,0.8,0.406,1,1,1,1,3
design,5000,30,mid,23.37,18,0.762,0.717,3.94,0.141,0.743,1,20,4.4,3.6,0.187,1,0,2,1,1
design,1000,30,mid,21.86,13,0.858,0.727,3.77,0.19,0.896,0,10,10.8,4.7,0.874,1,1,2,1,1
design,2000,14,mid,36.26,86,0.729,0.761,3.46,0.124,0.86,7,20,4.2,3.7,0.725,0,1,2,1,1
design,1000,60,expert,126.84,85,0.988,0.891,4.95,0.125,0.91,0,20,3.8,9.0,-1.0,1,1,4,1,1
writing,1000,7,expert,152.55,161,0.894,0.889,4.43,0.041,0.936,1,30,2.5,9.2,-1.0,1,0,4,0,4
dev,2000,14,expert,71.04,59,0.909,0.863,4.56,0.048,0.879,0,40,7.5,8.7,0.579,1,0,4,0,2
design,2000,90,mid,48.19,6,0.555,0.567,3.93,0.138,0.83,3,30,6.8,1.7,0.964,1,1,2,1,1
writing,500,60,mid,34.56,1,0.954,0.588,3.16,0.174,0.612,1,10,8.7,3.7,-0.765,1,1,2,1,4
writing,2000,7,junior,14.81,40,0.699,0.609,3.17,0.188,0.574,1,10,6.2,0.6,0.296,1,0,1,0,4
writing,1000,90,mid,44.66,35,0.865,0.712,4.11,0.172,0.558,0,20,1.5,3.8,0.214,1,1,2,1,4
writing,2000,60,mid,21.84,38,0.82,0.793,3.4,0.105,0.605,0,40,2.0,3.3,0.437,1,0,2,1,4
data,1000,90,junior,9.25,36,0.612,0.517,2.98,0.159,0.542,1,40,0.3,0.3,0.37,1,1,1,1,0
writing,500,60,junior,16.76,26,0.846,0.68,4.09,0.175,0.594,3,10,15.6,1.9,0.659,1,1,1,1,4
marketing,2000,60,junior,19.23,10,0.619,0.566,2.71,0.222,0.53,7,30,26.7,1.3,0.385,1,1,1,1,3
data,2000,14,junior,13.96,0,0.0,0.0,0.0,0.0,0.0,3,40,1.2,1.8,0.279,1,1,1,0,0
dev,2000,60,expert,85.01,84,0.95,0.917,4.7,0.078,0.908,0,30,1.6,8.5,0.3,1,1,4,1,2
writing,2000,60,junior,13.3,21,0.514,0.556,3.55,0.187,0.433,14,10,6.8,0.8,0.266,1,1,1,1,4
data,2000,60,junior,9.25,36,0.612,0.517,2.98,0.159,0.542,1,40,0.3,0.3,0.185,1,1,1,1,0
dev,500,30,mid,30.57,139,0.962,0.771,3.73,0.206,0.8,14,10,2.0,5.8,-0.446,1,1,2,1,2
writing,20000,90,mid,18.82,41,0.83,0.746,4.29,0.088,0.66,0,20,10.7,4.8,0.038,1,1,2,0,4
data,5000,60,expert,96.51,46,0.907,1.0,4.51,0.12,1.0,0,20,2.0,7.5,0.772,1,0,4,0,0
design,1000,14,junior,10.73,26,0.49,0.685,3.07,0.237,0.486,0,40,3.0,3.0,0.429,1,1,1,1,1
marketing,5000,90,mid,51.54,111,0.711,0.884,4.0,0.138,0.68,0,30,0.1,4.1,0.412,1,1,2,1,3
design,10000,14,mid,21.86,13,0.858,0.727,3.77,0.19,0.896,0,10,10.8,4.7,0.087,1,1,2,1,1
dev,1000,30,junior,11.79,3,0.624,0.808,3.4,0.213,0.653,0,10,1.9,2.2,0.472,1,1,1,1,2
writing,1000,30,mid,38.29,4,0.779,0.796,4.85,0.152,0.557,0,20,9.8,2.3,0.468,1,1,2,1,4
design,1000,30,junior,27.78,10,0.781,0.704,2.79,0.218,0.491,7,20,2.0,1.9,0.889,1,0,1,0,1
design,1000,60,senior,67.16,41,0.957,0.772,4.56,0.125,0.789,7,10,1.6,5.4,-0.686,1,1,3,1,1
data,1000,14,senior,62.95,42,0.785,0.871,5.0,0.037,0.775,0,10,3.4,6.2,-0.518,1,1,3,1,0
design,2000,60,mid,34.12,8,0.829,0.619,3.83,0.174,0.739,14,30,12.2,2.8,0.682,1,1,2,1,1
marketing,500,30,junior,19.65,21,0.685,0.721,3.13,0.231,0.579,14,40,0.5,1.3,0.428,1,0,1,1,3
marketing,1000,7,mid,32.59,23,0.801,0.803,3.58,0.133,0.615,14,30,3.7,3.7,0.696,0,0,2,1,3
design,2000,14,junior,12.48,17,0.591,0.636,3.32,0.169,0.48,1,10,0.0,0.5,0.25,1,1,1,0,1
dev,20000,30,junior,19.21,2,0.654,0.464,3.27,0.178,0.433,14,20,31.3,2.0,0.038,1,1,1,1,2
marketing,20000,90,mid,24.93,33,0.672,0.761,3.83,0.165,0.651,0,30,14.3,4.7,0.05,1,1,2,1,3
data,10000,7,mid,18.68,34,0.768,0.695,3.3,0.15,0.875,0,30,10.6,3.9,0.075,1,1,2,1,0
writing,1000,14,mid,17.47,36,0.632,0.742,3.9,0.143,0.779,0,30,17.0,3.1,0.699,1,1,2,1,4
marketing,5000,14,senior,75.06,12,0.918,0.895,3.88,0.092,0.841,3,30,3.6,6.6,0.6,1,0,3,1,3
design,1000,14,expert,56.97,110,0.845,0.797,4.59,0.032,0.666,0,20,2.1,8.1,-0.279,1,1,4,0,1
dev,5000,7,mid,36.96,48,0.618,0.753,3.59,0.143,0.73,3,40,4.3,3.0,0.296,1,1,2,1,2
design,2000,30,expert,127.78,6,1.0,0.975,4.5,0.037,0.801,1,20,15.6,8.0,-0.556,1,0,4,1,1
dev,5000,14,junior,21.39,23,0.604,0.634,3.1,0.179,0.48,3,30,5.2,1.4,0.171,1,0,1,1,2
dev,10000,60,mid,41.62,25,0.703,0.848,3.68,0.093,0.579,0,40,1.8,4.4,0.166,1,1,2,1,2
data,500,60,senior,62.95,42,0.785,0.871,5.0,0.037,0.775,0,10,3.4,6.2,-1.0,1,1,3,1,0
design,1000,30,mid,21.7,116,0.775,0.774,4.26,0.079,0.579,3,30,0.4,5.4,0.868,1,1,2,0,1
marketing,1000,30,expert,96.51,46,0.907,1.0,4.51,0.12,1.0,0,20,2.0,7.5,-1.0,1,1,4,1,3
writing,2000,30,junior,12.53,11,0.719,0.531,3.25,0.224,0.548,0,30,3.2,0.7,0.251,1,0,1,0,4
writing,10000,30,mid,37.39,15,0.702,0.848,4.09,0.104,0.764,0,20,1.1,4.5,0.15,1,1,2,1,4
writing,500,30,senior,93.44,11,0.843,0.831,4.53,0.101,0.855,0,20,15.9,6.3,-1.0,1,1,3,1,4
dev,2000,30,junior,11.02,30,0.562,0.479,3.36,0.189,0.7,3,10,8.7,2.0,0.22,1,1,1,0,2
marketing,1000,14,expert,71.04,59,0.909,0.863,4.56,0.048,0.879,0,40,7.5,8.7,-0.842,1,0,4,0,3
design,1000,14,mid,34.43,4,0.787,0.623,4.28,0.22,0.678,0,30,11.0,4.5,0.623,1,1,2,1,1
data,5000,60,senior,92.89,109,0.862,0.711,4.67,0.072,0.667,0,20,1.4,6.9,0.743,1,0,3,1,0
marketing,5000,30,mid,38.72,25,0.808,0.643,3.82,0.13,0.494,0,10,17.0,4.8,0.31,1,1,2,1,3
data,10000,30,mid,38.56,7,0.794,0.853,4.14,0.124,0.929,1,40,10.6,4.3,0.154,1,1,2,1,0
data,5000,90,mid,17.14,33,0.763,0.813,4.79,0.155,0.703,3,40,9.6,4.0,0.137,1,1,2,1,0
data,2000,7,junior,14.81,40,0.699,0.609,3.17,0.188,0.574,1,10,6.2,0.6,0.296,1,1,1,1,0
marketing,2000,90,mid,34.68,1,0.801,0.839,4.13,0.077,0.699,1,40,21.2,2.9,0.694,1,1,2,0,3
writing,20000,30,expert,85.84,169,1.0,1.0,4.16,0.065,0.783,1,30,1.6,7.9,0.172,1,1,4,1,4
marketing,500,14,expert,79.27,22,0.823,0.965,5.0,0.051,0.678,3,30,0.1,8.5,-1.0,1,0,4,1,3
marketing,10000,60,mid,46.36,10,0.675,0.863,4.15,0.182,0.882,3,40,5.3,4.1,0.185,1,1,2,1,3
dev,2000,60,mid,30.57,139,0.962,0.771,3.73,0.206,0.8,14,10,2.0,5.8,0.611,1,1,2,0,2
data,500,60,mid,15.29,175,0.858,0.655,3.35,0.14,0.62,14,40,11.8,5.1,0.777,1,0,2,1,0
data,2000,30,senior,54.59,9,0.767,0.951,4.46,0.17,0.819,0,30,0.8,6.5,0.908,1,1,3,0,0
data,500,14,mid,29.65,9,0.827,0.806,3.43,0.172,0.697,3,10,0.3,3.1,-0.372,1,1,2,1,0
marketing,5000,90,junior,29.64,1,0.74,0.814,3.11,0.207,0.582,7,40,7.0,3.7,0.237,1,1,1,1,3
data,1000,7,junior,8.26,31,0.752,0.666,2.74,0.223,0.453,14,10,12.1,1.0,0.33,0,1,1,0,0
design,1000,14,mid,33.23,43,0.828,0.674,3.75,0.145,0.645,0,10,8.6,4.0,0.671,1,1,2,1,1
marketing,500,60,junior,18.15,2,0.748,0.529,2.91,0.207,0.581,30,30,1.2,3.1,0.548,0,0,1,0,3
design,2000,90,mid,36.81,36,0.783,0.743,4.61,0.176,0.557,3,30,1.0,4.9,0.736,1,1,2,0,1
design,2000,30,senior,70.21,15,0.951,0.901,4.42,0.137,0.712,1,20,5.9,5.6,0.596,1,1,3,1,1
dev,1000,14,mid,24.87,38,0.621,0.756,4.01,0.05,0.618,7,40,2.7,3.0,0.995,0,1,2,1,2
marketing,500,30,junior,9.27,14,0.775,0.429,3.19,0.175,0.733,1,10,22.3,2.6,0.742,1,1,1,1,3
marketing,5000,30,mid,18.11,52,0.739,0.817,3.94,0.16,0.7,1,20,4.8,4.5,0.145,1,1,2,1,3
dev,2000,90,junior,15.25,2,0.643,0.593,3.35,0.197,0.783,1,20,0.1,2.2,0.305,1,1,1,1,2
dev,2000,30,junior,19.47,8,0.733,0.529,3.75,0.205,0.818,3,30,10.0,1.3,0.389,1,0,1,0,2
marketing,5000,60,junior,12.53,11,0.719,0.531,3.25,0.224,0.548,0,30,3.2,0.7,0.1,1,1,1,1,3
data,2000,7,expert,122.36,0,0.0,0.0,0.0,0.0,0.0,7,40,0.9,8.1,-0.447,0,1,4,1,0
marketing,20000,30,mid,29.87,16,0.88,0.648,4.15,0.113,0.857,3,30,12.7,5.8,0.06,1,1,2,1,3
dev,2000,30,mid,42.22,0,0.0,0.0,0.0,0.0,0.0,7,40,0.2,4.4,0.844,1,1,2,1,2
design,10000,60,junior,21.46,59,0.504,0.601,2.94,0.203,0.343,0,20,10.3,0.1,0.086,1,1,1,1,1
marketing,10000,90,mid,34.68,1,0.801,0.839,4.13,0.077,0.699,1,40,21.2,2.9,0.139,1,1,2,0,3
dev,2000,14,expert,103.04,54,1.0,0.799,4.44,0.01,0.871,1,20,2.6,8.7,-0.061,1,1,4,0,2
writing,10000,30,junior,18.73,0,0.0,0.0,0.0,0.0,0.0,30,10,9.5,1.4,0.075,0,1,1,0,4
marketing,2000,30,junior,19.23,10,0.619,0.566,2.71,0.222,0.53,7,30,26.7,1.3,0.385,1,1,1,1,3
writing,1000,90,mid,11.87,88,0.762,0.704,3.8,0.205,0.77,0,20,17.6,4.8,0.475,1,1,2,1,4
writing,500,60,expert,85.84,169,1.0,1.0,4.16,0.065,0.783,1,30,1.6,7.9,-1.0,1,1,4,1,4
writing,1000,30,senior,69.5,31,0.694,0.819,4.11,0.094,0.695,3,30,6.5,6.3,-0.78,1,1,3,0,4
marketing,1000,90,senior,63.5,84,0.84,0.898,4.45,0.089,0.864,0,40,4.4,6.3,-0.54,1,1,3,0,3
data,500,90,junior,17.11,31,0.643,0.651,2.78,0.201,0.436,3,40,1.3,2.2,0.631,1,0,1,1,0
marketing,10000,60,senior,58.15,4,0.746,0.86,3.78,0.117,0.699,14,30,7.9,5.1,0.233,1,1,3,1,3
data,500,7,mid,38.63,1,0.866,0.743,4.26,0.153,0.69,7,30,2.1,2.7,-1.0,0,1,2,1,0
data,10000,14,expert,93.67,29,0.959,0.93,4.77,0.035,0.779,3,30,0.7,6.8,0.375,1,1,4,1,0
writing,5000,7,mid,39.99,38,0.796,0.576,3.34,0.137,0.59,0,10,20.2,5.9,0.32,1,1,2,0,4
data,5000,14,junior,14.96,25,0.686,0.657,3.58,0.148,0.812,7,20,20.7,1.1,0.12,0,0,1,1,0
data,20000,60,mid,49.38,13,0.708,0.811,3.95,0.111,0.768,0,30,2.0,2.6,0.099,1,1,2,1,0
dev,2000,30,junior,21.46,59,0.504,0.601,2.94,0.203,0.343,0,20,10.3,0.1,0.429,1,0,1,1,2
design,500,30,junior,8.0,24,0.562,0.664,3.14,0.231,0.471,0,10,5.3,1.5,0.64,1,1,1,0,1
dev,20000,7,mid,29.48,67,0.794,0.747,4.1,0.223,0.626,3,20,2.5,3.7,0.059,1,1,2,1,2
writing,1000,60,mid,43.54,14,0.788,0.564,3.04,0.166,0.785,7,20,14.7,3.5,0.258,1,1,2,1,4
dev,500,30,senior,74.2,1,0.932,0.794,4.76,0.074,0.757,7,10,5.0,4.4,-1.0,1,1,3,1,2
dev,1000,30,senior,61.85,19,0.866,0.845,4.25,0.107,0.947,0,20,12.0,5.6,-0.474,1,1,3,0,2
marketing,2000,90,senior,93.43,63,0.952,0.759,4.37,0.158,0.755,3,30,3.8,5.0,0.131,1,1,3,1,3
marketing,1000,14,junior,8.0,18,0.72,0.461,3.01,0.192,0.488,0,10,26.2,3.4,0.32,1,0,1,0,3
marketing,500,90,junior,10.08,5,0.69,0.53,3.53,0.207,0.53,1,10,11.9,3.1,0.806,1,1,1,1,3
data,1000,30,mid,47.35,6,0.893,0.807,3.84,0.159,0.62,14,30,6.6,4.1,0.106,1,0,2,1,0
dev,20000,14,expert,100.27,4,0.899,0.968,5.0,0.087,0.954,30,30,5.8,7.8,0.201,0,1,4,1,2
marketing,500,30,expert,96.51,46,0.907,1.0,4.51,0.12,1.0,0,20,2.0,7.5,-1.0,1,1,4,1,3
writing,500,30,junior,13.2,17,0.799,0.789,3.9,0.229,0.488,7,20,0.5,2.8,0.944,1,0,1,1,4
design,20000,30,mid,49.72,0,0.0,0.0,0.0,0.0,0.0,3,30,1.5,3.7,0.099,1,1,2,0,1
marketing,2000,14,expert,72.72,112,0.932,0.688,4.62,0.148,0.706,3,20,5.6,7.8,0.546,1,1,4,1,3
writing,20000,90,senior,62.48,8,0.896,0.884,4.06,0.133,0.733,0,20,5.1,6.7,0.125,1,1,3,1,4
writing,10000,14,expert,78.05,200,1.0,0.913,4.72,0.0,0.849,0,30,0.8,8.3,0.312,1,1,4,1,4
design,2000,60,junior,15.64,34,0.597,0.588,3.71,0.179,0.397,14,20,14.7,2.6,0.313,1,0,1,0,1
dev,2000,60,mid,21.02,15,0.814,0.816,4.02,0.198,0.7,7,30,1.7,3.8,0.42,1,1,2,1,2
design,10000,30,senior,92.33,8,0.969,0.903,4.13,0.094,0.605,30,20,3.1,6.1,0.369,0,0,3,1,1
dev,20000,90,senior,55.67,3,0.921,0.788,3.8,0.123,0.922,0,30,15.6,5.4,0.111,1,1,3,1,2
data,500,60,expert,85.84,169,1.0,1.0,4.16,0.065,0.783,1,30,1.6,7.9,-1.0,1,0,4,1,0
marketing,500,14,senior,62.39,85,0.881,0.685,3.96,0.086,0.698,14,40,2.8,7.7,-1.0,0,1,3,0,3
design,5000,14,junior,12.4,28,0.581,0.632,4.04,0.195,0.567,7,40,1.3,2.9,0.099,0,1,1,1,1
design,500,30,mid,36.29,7,0.785,0.555,4.03,0.119,0.851,14,40,17.5,4.5,-0.903,1,1,2,1,1
data,500,90,junior,21.39,23,0.604,0.634,3.1,0.179,0.48,3,30,5.2,1.4,0.289,1,0,1,0,0
writing,20000,60,mid,39.46,17,0.98,0.685,4.66,0.142,0.543,0,10,2.1,3.7,0.079,1,1,2,1,4
writing,500,30,senior,92.89,109,0.862,0.711,4.67,0.072,0.667,0,20,1.4,6.9,-1.0,1,1,3,1,4
dev,500,60,mid,23.56,29,0.921,0.742,4.13,0.135,0.699,0,20,4.7,3.3,0.115,1,1,2,1,2
marketing,2000,30,mid,30.31,10,0.735,0.736,3.79,0.18,0.845,0,10,1.4,4.9,0.606,1,1,2,1,3
dev,10000,14,expert,88.37,67,0.974,1.0,4.81,0.069,0.94,0,10,1.0,8.1,0.353,1,1,4,1,2
marketing,1000,7,expert,96.13,13,0.889,0.816,4.78,0.013,0.926,0,40,0.1,7.6,-1.0,1,1,4,1,3
design,2000,14,mid,36.69,5,0.957,0.829,3.65,0.146,0.714,3,30,10.0,3.9,0.734,1,1,2,1,1
dev,1000,30,senior,50.67,133,0.885,1.0,4.29,0.136,0.911,3,10,3.5,6.9,-0.027,1,1,3,1,2
dev,2000,7,junior,11.17,9,0.607,0.622,3.56,0.22,0.536,0,20,5.0,1.6,0.223,1,1,1,1,2
writing,20000,30,mid,33.03,100,0.77,0.822,3.61,0.105,0.529,0,40,0.4,3.2,0.066,1,1,2,0,4
design,500,60,mid,38.68,67,0.804,0.448,4.13,0.209,0.734,7,20,6.4,3.0,-1.0,1,1,2,1,1
design,500,30,mid,40.25,48,0.717,0.69,4.52,0.189,0.704,0,20,8.9,3.1,-1.0,1,1,2,0,1
writing,5000,60,mid,37.39,15,0.702,0.848,4.09,0.104,0.764,0,20,1.1,4.5,0.299,1,1,2,1,4
design,20000,7,expert,104.45,60,0.945,0.793,4.57,0.054,0.923,3,40,0.4,8.2,0.209,1,1,4,1,1
data,5000,90,junior,12.83,25,0.663,0.602,3.08,0.184,0.538,30,20,0.6,0.5,0.103,1,1,1,0,0
writing,500,7,junior,21.39,23,0.604,0.634,3.1,0.179,0.48,3,30,5.2,1.4,0.289,1,1,1,1,4
data,2000,60,junior,10.08,91,0.646,0.553,2.84,0.2,0.504,7,30,6.1,1.0,0.202,1,1,1,0,0
design,1000,30,junior,10.02,11,0.675,0.712,2.92,0.218,0.541,3,10,0.8,2.5,0.401,1,1,1,1,1
dev,5000,90,junior,16.55,3,0.677,0.599,3.56,0.166,0.472,7,20,6.0,2.8,0.132,1,1,1,1,2
design,20000,30,junior,15.05,10,0.707,0.644,3.41,0.237,0.443,7,30,1.0,2.1,0.03,1,1,1,1,1
writing,1000,60,mid,41.9,118,0.722,0.793,4.04,0.112,0.838,1,10,0.2,3.4,0.324,1,1,2,0,4
design,2000,14,mid,32.13,15,0.864,0.886,3.79,0.143,0.65,30,10,5.0,3.6,0.643,0,0,2,0,1
marketing,10000,14,mid,42.65,24,0.798,0.674,3.68,0.171,0.797,14,20,4.8,3.7,0.171,0,1,2,0,3
data,10000,60,mid,18.68,34,0.768,0.695,3.3,0.15,0.875,0,30,10.6,3.9,0.075,1,1,2,1,0
marketing,10000,7,junior,20.47,0,0.0,0.0,0.0,0.0,0.0,1,30,6.8,0.0,0.082,1,0,1,0,3
marketing,2000,7,junior,9.27,14,0.775,0.429,3.19,0.175,0.733,1,10,22.3,2.6,0.185,1,1,1,0,3
design,500,60,junior,12.48,17,0.591,0.636,3.32,0.169,0.48,1,10,0.0,0.5,0.998,1,1,1,1,1
data,5000,30,expert,122.36,0,0.0,0.0,0.0,0.0,0.0,7,40,0.9,8.1,0.979,1,1,4,0,0
writing,1000,60,expert,116.92,3,0.85,0.709,4.91,0.01,0.928,7,30,6.4,8.4,-1.0,1,1,4,1,4
writing,5000,14,mid,38.36,38,0.84,0.584,4.26,0.19,0.642,1,20,0.1,3.4,0.307,1,1,2,0,4
data,1000,7,expert,135.23,200,0.923,0.811,4.62,0.009,0.688,3,20,14.4,9.3,-1.0,1,1,4,1,0
marketing,10000,30,senior,56.15,5,0.953,0.736,4.95,0.108,0.675,14,30,4.7,7.9,0.225,1,1,3,1,3
writing,1000,14,mid,8.88,5,0.707,0.763,4.59,0.171,0.784,14,20,7.9,4.8,0.355,0,1,2,1,4
data,2000,7,mid,38.63,1,0.866,0.743,4.26,0.153,0.69,7,30,2.1,2.7,0.773,0,1,2,1,0
dev,10000,7,expert,102.04,22,0.973,0.897,5.0,0.076,0.938,0,30,1.9,7.5,0.408,1,0,4,1,2
data,2000,14,senior,48.57,61,0.91,0.881,4.55,0.07,0.818,7,10,10.5,6.9,0.971,0,1,3,1,0
data,500,90,expert,44.21,62,0.977,0.836,4.09,0.058,0.681,7,20,7.8,9.3,-1.0,1,1,4,1,0
marketing,1000,14,expert,115.39,112,0.909,0.969,4.44,0.07,0.791,0,30,4.7,7.8,-1.0,1,1,4,1,3
writing,1000,7,senior,53.42,69,0.716,0.728,4.44,0.147,0.843,14,20,1.2,6.3,-0.137,0,1,3,1,4
data,500,30,senior,68.52,22,0.993,0.874,4.14,0.15,0.889,0,40,0.4,4.8,-1.0,1,0,3,0,0
design,1000,60,senior,65.74,13,0.99,0.85,4.76,0.102,0.793,3,30,10.8,5.4,-0.63,1,1,3,0,1
dev,1000,14,senior,29.47,116,0.814,0.813,3.8,0.09,0.877,0,40,3.3,5.3,0.821,1,1,3,1,2
writing,10000,90,junior,19.74,7,0.568,0.525,3.74,0.225,0.525,1,20,7.5,3.1,0.079,1,1,1,1,4
design,2000,60,senior,87.94,62,0.818,0.91,5.0,0.117,0.764,7,30,1.7,5.4,0.241,1,0,3,1,1
marketing,2000,14,senior,67.06,6,0.79,1.0,5.0,0.118,0.787,3,10,1.1,5.8,0.659,1,1,3,1,3
marketing,2000,30,senior,28.15,12,0.87,0.747,4.1,0.158,0.824,1,40,15.4,4.3,0.563,1,0,3,1,3
design,1000,60,junior,8.0,2,0.617,0.677,3.04,0.192,0.537,0,20,16.1,1.4,0.32,1,1,1,1,1
data,10000,30,mid,29.18,78,0.819,0.599,3.99,0.13,0.727,0,10,0.8,5.5,0.117,1,1,2,1,0
writing,2000,30,expert,112.93,37,0.914,0.807,4.79,0.125,0.798,0,40,0.5,8.1,-0.259,1,1,4,1,4
data,500,60,mid,24.0,57,0.812,0.639,3.82,0.152,0.695,0,40,0.5,4.1,0.08,1,1,2,1,0
marketing,1000,60,mid,29.66,49,0.711,0.843,3.79,0.127,0.753,1,30,13.3,3.5,0.814,1,1,2,1,3
dev,2000,30,mid,37.64,56,0.873,0.692,3.53,0.121,0.416,3,20,1.6,4.9,0.753,1,0,2,0,2
dev,2000,90,mid,36.96,48,0.618,0.753,3.59,0.143,0.73,3,40,4.3,3.0,0.739,1,1,2,1,2
dev,10000,90,senior,87.94,62,0.818,0.91,5.0,0.117,0.764,7,30,1.7,5.4,0.352,1,1,3,1,2
dev,2000,30,senior,61.85,19,0.866,0.845,4.25,0.107,0.947,0,20,12.0,5.6,0.763,1,1,3,1,2
marketing,1000,7,junior,12.53,11,0.719,0.531,3.25,0.224,0.548,0,30,3.2,0.7,0.501,1,1,1,1,3
writing,500,60,expert,85.84,169,1.0,1.0,4.16,0.065,0.783,1,30,1.6,7.9,-1.0,1,1,4,1,4
data,2000,14,expert,104.5,23,0.941,0.681,4.82,0.034,0.908,30,20,11.1,7.6,-0.09,0,1,4,1,0
data,2000,30,mid,29.87,16,0.88,0.648,4.15,0.113,0.857,3,30,12.7,5.8,0.597,1,0,2,0,0
writing,2000,14,mid,8.88,5,0.707,0.763,4.59,0.171,0.784,14,20,7.9,4.8,0.178,0,1,2,1,4
dev,1000,30,junior,16.55,3,0.677,0.599,3.56,0.166,0.472,7,20,6.0,2.8,0.662,1,1,1,0,2
dev,500,14,senior,68.7,84,0.772,0.766,4.14,0.077,0.693,14,30,0.3,5.3,-1.0,0,1,3,0,2
dev,1000,7,mid,44.86,167,0.893,0.709,3.47,0.096,0.516,3,20,4.4,4.2,0.206,1,0,2,0,2
marketing,10000,14,junior,19.44,65,0.602,0.666,3.65,0.174,0.554,30,30,6.1,2.8,0.078,0,1,1,0,3
design,20000,30,senior,52.17,70,0.948,0.84,4.38,0.057,0.891,0,10,7.1,6.5,0.104,1,1,3,1,1
marketing,2000,7,senior,77.28,99,0.868,0.872,4.52,0.152,0.797,3,40,4.1,5.6,0.454,1,1,3,1,3
design,500,14,senior,43.41,56,0.91,0.813,4.46,0.116,0.832,1,30,4.8,7.3,-1.0,1,1,3,1,1
dev,1000,30,mid,28.79,17,0.904,0.568,3.24,0.211,0.886,1,10,4.1,3.9,0.848,1,1,2,1,2
design,1000,30,senior,75.68,106,0.805,0.997,4.08,0.129,0.738,14,40,0.4,5.2,-1.0,1,1,3,1,1
writing,1000,14,junior,13.85,1,0.67,0.557,4.12,0.193,0.624,0,30,3.7,3.3,0.554,1,1,1,1,4
writing,1000,30,junior,20.38,2,0.705,0.414,3.35,0.21,0.473,0,20,5.8,2.1,0.815,1,1,1,1,4
data,1000,90,expert,61.5,53,0.959,0.818,4.81,0.027,0.78,1,40,2.5,8.6,-0.46,1,1,4,1,0
dev,5000,60,mid,36.96,48,0.618,0.753,3.59,0.143,0.73,3,40,4.3,3.0,0.296,1,1,2,1,2
marketing,500,30,mid,25.4,15,0.783,0.775,4.07,0.169,0.765,7,30,6.6,4.2,-0.032,1,0,2,1,3
dev,1000,14,expert,103.04,54,1.0,0.799,4.44,0.01,0.871,1,20,2.6,8.7,-1.0,1,1,4,1,2
design,2000,14,mid,36.81,36,0.783,0.743,4.61,0.176,0.557,3,30,1.0,4.9,0.736,1,1,2,0,1
marketing,5000,30,junior,29.64,1,0.74,0.814,3.11,0.207,0.582,7,40,7.0,3.7,0.237,1,1,1,1,3
writing,5000,60,senior,43.18,99,0.989,0.807,3.77,0.037,0.744,30,30,4.6,4.8,0.345,0,1,3,1,4
writing,10000,60,senior,81.96,71,0.988,0.667,4.51,0.068,0.729,14,30,3.1,6.7,0.328,1,1,3,1,4
data,1000,14,senior,42.1,4,0.806,0.884,4.86,0.11,0.861,3,40,5.3,6.8,0.316,1,1,3,1,0
writing,500,60,senior,51.22,66,0.877,0.845,4.41,0.106,0.621,3,30,4.9,5.3,-1.0,1,1,3,1,4
design,2000,30,senior,85.04,67,0.906,0.924,4.31,0.122,0.686,14,30,7.2,5.8,0.299,1,1,3,1,1
data,1000,30,junior,10.64,20,0.854,0.641,3.48,0.235,0.504,14,30,4.9,0.9,0.426,1,1,1,0,0
design,20000,60,expert,90.27,1,0.972,0.88,4.95,0.108,0.871,3,40,17.3,8.3,0.181,1,0,4,0,1
dev,1000,60,junior,8.0,3,0.52,0.617,2.28,0.184,0.712,7,30,10.4,2.3,0.32,1,1,1,1,2
design,10000,14,senior,69.99,55,0.959,0.73,4.6,0.095,0.861,1,30,0.3,6.5,0.28,1,1,3,1,1
writing,1000,14,junior,10.02,44,0.633,0.504,3.08,0.201,0.534,3,20,0.4,0.3,0.401,1,0,1,0,4
marketing,1000,14,expert,78.23,105,0.979,0.728,4.65,0.03,0.661,7,10,0.5,9.0,-1.0,0,1,4,1,3
writing,20000,60,senior,45.8,18,0.925,0.809,4.96,0.063,0.894,1,40,1.7,7.2,0.092,1,1,3,1,4
design,5000,7,senior,98.51,2,0.681,0.763,4.49,0.048,0.725,3,10,7.1,5.5,0.788,1,1,3,1,1
data,10000,60,junior,13.64,0,0.0,0.0,0.0,0.0,0.0,0,40,1.7,3.0,0.055,1,1,1,1,0
data,10000,30,expert,111.96,76,0.891,0.964,4.51,0.0,0.917,3,10,0.7,7.8,0.448,1,0,4,1,0
writing,500,30,mid,49.38,13,0.708,0.811,3.95,0.111,0.768,0,30,2.0,2.6,-1.0,1,0,2,0,4
design,500,60,senior,65.16,21,0.749,0.842,4.53,0.104,0.747,3,10,0.0,5.0,-1.0,1,1,3,1,1
design,2000,30,mid,38.68,67,0.804,0.448,4.13,0.209,0.734,7,20,6.4,3.0,0.774,1,1,2,1,1
writing,1000,7,junior,21.39,23,0.604,0.634,3.1,0.179,0.48,3,30,5.2,1.4,0.856,1,1,1,0,4
data,5000,30,senior,80.08,21,0.951,0.876,3.97,0.06,0.778,3,40,8.3,6.3,0.641,1,1,3,1,0
dev,1000,14,senior,77.72,103,0.776,0.852,4.6,0.099,0.853,0,20,6.2,6.6,-1.0,1,1,3,1,2
marketing,5000,14,mid,49.72,0,0.0,0.0,0.0,0.0,0.0,3,30,1.5,3.7,0.398,1,0,2,0,3
design,1000,14,junior,23.02,24,0.679,0.477,2.85,0.193,0.558,7,40,4.0,1.7,0.921,0,0,1,1,1
design,5000,7,mid,43.54,14,0.788,0.564,3.04,0.166,0.785,7,20,14.7,3.5,0.348,0,0,2,1,1
writing,2000,30,mid,36.77,27,0.613,0.902,3.79,0.159,0.675,0,10,7.7,3.6,0.735,1,1,2,1,4
design,500,30,expert,104.45,60,0.945,0.793,4.57,0.054,0.923,3,40,0.4,8.2,-1.0,1,1,4,0,1
marketing,1000,60,mid,29.87,16,0.88,0.648,4.15,0.113,0.857,3,30,12.7,5.8,0.805,1,1,2,1,3
marketing,500,7,senior,55.62,69,0.684,0.837,4.56,0.104,0.613,1,30,0.8,6.1,-1.0,1,1,3,0,3
data,10000,30,mid,30.44,14,0.913,0.653,3.87,0.131,0.754,7,10,18.6,4.2,0.122,1,1,2,1,0
marketing,2000,14,junior,15.64,34,0.597,0.588,3.71,0.179,0.397,14,20,14.7,2.6,0.313,0,1,1,1,3
design,10000,30,senior,43.41,56,0.91,0.813,4.46,0.116,0.832,1,30,4.8,7.3,0.174,1,1,3,1,1
marketing,2000,90,mid,30.99,26,0.9,0.849,4.52,0.133,0.655,0,40,7.0,3.7,0.62,1,0,2,1,3
design,500,14,expert,91.34,35,1.0,0.785,4.58,0.058,0.803,30,20,18.4,8.6,-1.0,0,0,4,1,1
design,5000,60,senior,59.84,59,0.917,0.965,4.61,0.097,1.0,0,30,5.1,6.9,0.479,1,1,3,1,1
marketing,2000,30,junior,9.34,25,0.709,0.669,3.69,0.226,0.575,0,20,1.7,2.9,0.187,1,1,1,0,3
writing,1000,7,senior,76.09,2,0.888,0.895,3.8,0.132,0.68,7,10,4.3,3.7,-1.0,0,1,3,1,4
data,5000,30,senior,62.95,42,0.785,0.871,5.0,0.037,0.775,0,10,3.4,6.2,0.504,1,1,3,1,0
design,2000,30,senior,43.41,56,0.91,0.813,4.46,0.116,0.832,1,30,4.8,7.3,0.868,1,1,3,1,1
design,1000,7,senior,58.69,39,0.884,0.769,3.94,0.102,0.702,14,10,10.4,4.6,-0.348,0,1,3,0,1
marketing,1000,30,senior,85.26,8,0.922,0.858,4.82,0.131,0.726,7,40,0.7,5.4,-1.0,1,0,3,1,3
writing,2000,60,senior,81.96,71,0.988,0.667,4.51,0.068,0.729,14,30,3.1,6.7,0.361,1,1,3,1,4
writing,1000,60,mid,49.96,1,0.751,0.811,4.35,0.158,0.646,0,30,20.9,4.0,0.002,1,1,2,1,4
design,500,7,senior,73.22,87,0.832,0.949,4.68,0.111,0.887,0,20,0.5,4.4,-1.0,1,1,3,1,1
writing,2000,30,mid,41.9,118,0.722,0.793,4.04,0.112,0.838,1,10,0.2,3.4,0.838,1,1,2,1,4
data,500,60,senior,49.89,2,0.896,0.681,4.75,0.105,0.754,1,20,1.6,4.5,-1.0,1,1,3,1,0
design,2000,30,mid,28.05,10,0.899,0.708,4.02,0.182,0.726,1,30,9.8,4.5,0.561,1,1,2,1,1
marketing,1000,60,mid,25.96,24,0.715,0.656,4.16,0.193,0.638,1,30,1.4,3.6,0.962,1,1,2,1,3
marketing,10000,14,senior,99.75,62,0.795,0.853,4.77,0.066,0.781,0,10,1.1,7.3,0.399,1,1,3,1,3
marketing,10000,7,expert,76.88,13,0.809,0.871,5.0,0.113,0.928,3,30,1.0,7.7,0.308,1,1,4,1,3
dev,2000,30,junior,8.0,5,0.653,0.597,2.29,0.176,0.595,14,30,2.1,2.0,0.16,1,0,1,0,2
marketing,5000,14,mid,41.62,25,0.703,0.848,3.68,0.093,0.579,0,40,1.8,4.4,0.333,1,0,2,1,3
dev,500,30,expert,90.27,1,0.972,0.88,4.95,0.108,0.871,3,40,17.3,8.3,-1.0,1,1,4,1,2
marketing,500,30,mid,33.08,71,0.832,0.691,4.32,0.127,0.705,0,10,5.2,5.4,-0.646,1,1,2,1,3
dev,10000,30,junior,11.75,3,0.639,0.499,2.73,0.215,0.61,1,10,5.9,3.3,0.047,1,0,1,0,2
dev,2000,60,junior,16.55,3,0.677,0.599,3.56,0.166,0.472,7,20,6.0,2.8,0.331,1,1,1,1,2
data,1000,60,expert,154.05,25,0.968,0.855,4.39,0.057,0.968,14,40,1.4,8.8,-1.0,1,1,4,0,0
dev,500,30,senior,57.18,17,0.757,0.715,4.74,0.043,0.757,1,20,8.4,7.4,-1.0,1,1,3,1,2
dev,500,60,junior,9.03,19,0.71,0.667,2.63,0.181,0.74,1,30,0.1,3.0,0.722,1,1,1,1,2
data,1000,14,expert,61.5,53,0.959,0.818,4.81,0.027,0.78,1,40,2.5,8.6,-0.46,1,1,4,1,0
dev,2000,90,senior,82.33,33,0.841,0.838,5.0,0.058,0.942,7,20,3.7,7.3,0.353,1,1,3,1,2
data,500,30,junior,9.32,17,0.691,0.567,2.95,0.19,0.695,3,30,11.1,3.2,0.746,1,1,1,1,0
design,500,30,mid,20.05,2,0.759,0.775,4.05,0.151,0.713,0,20,5.4,4.2,0.396,1,1,2,1,1
data,2000,60,mid,38.56,7,0.794,0.853,4.14,0.124,0.929,1,40,10.6,4.3,0.771,1,1,2,1,0
data,1000,7,mid,29.65,9,0.827,0.806,3.43,0.172,0.697,3,10,0.3,3.1,0.814,1,1,2,0,0
writing,500,60,junior,18.73,0,0.0,0.0,0.0,0.0,0.0,30,10,9.5,1.4,0.502,0,1,1,0,4
dev,5000,30,expert,109.73,60,0.786,0.762,4.52,0.125,0.826,0,30,7.1,8.3,0.878,1,0,4,1,2
marketing,1000,30,junior,19.47,8,0.733,0.529,3.75,0.205,0.818,3,30,10.0,1.3,0.779,1,1,1,1,3
marketing,1000,90,mid,37.64,56,0.873,0.692,3.53,0.121,0.416,3,20,1.6,4.9,0.494,1,1,2,1,3
writing,1000,7,junior,18.73,0,0.0,0.0,0.0,0.0,0.0,30,10,9.5,1.4,0.749,0,1,1,0,4
marketing,1000,30,mid,30.31,10,0.735,0.736,3.79,0.18,0.845,0,10,1.4,4.9,0.788,1,1,2,1,3
data,2000,30,junior,8.26,31,0.752,0.666,2.74,0.223,0.453,14,10,12.1,1.0,0.165,1,1,1,1,0
marketing,1000,14,mid,44.6,7,0.665,0.711,3.92,0.082,0.67,7,30,0.5,4.0,0.216,0,1,2,1,3
marketing,5000,60,junior,21.88,30,0.733,0.801,3.56,0.171,0.603,7,30,1.6,2.9,0.175,1,1,1,1,3
writing,500,7,mid,8.88,5,0.707,0.763,4.59,0.171,0.784,14,20,7.9,4.8,0.71,0,1,2,1,4
writing,1000,60,mid,38.36,38,0.84,0.584,4.26,0.19,0.642,1,20,0.1,3.4,0.466,1,1,2,1,4
writing,2000,30,mid,18.37,33,0.621,0.58,4.26,0.184,0.629,3,30,2.8,4.7,0.367,1,1,2,0,4
marketing,10000,14,senior,99.75,62,0.795,0.853,4.77,0.066,0.781,0,10,1.1,7.3,0.399,1,1,3,0,3
writing,2000,30,mid,35.92,23,0.639,0.935,3.96,0.108,0.616,0,20,8.1,4.8,0.718,1,1,2,1,4
design,10000,60,senior,70.76,10,0.879,0.935,4.59,0.147,0.877,0,20,7.5,6.7,0.283,1,1,3,1,1
data,1000,60,junior,11.37,51,0.509,0.455,2.91,0.187,0.44,7,20,2.8,2.0,0.455,1,1,1,0,0
writing,10000,14,senior,92.89,109,0.862,0.711,4.67,0.072,0.667,0,20,1.4,6.9,0.372,1,1,3,1,4
marketing,5000,30,mid,23.55,1,0.769,0.767,4.48,0.132,0.724,3,20,1.6,3.3,0.188,1,0,2,1,3
writing,10000,30,mid,35.53,11,0.698,0.612,4.08,0.203,0.613,0,30,0.5,2.3,0.142,1,0,2,1,4
design,1000,7,junior,13.46,12,0.509,0.67,3.57,0.236,0.535,0,20,10.6,2.2,0.538,1,1,1,1,1
dev,1000,60,junior,8.0,3,0.52,0.617,2.28,0.184,0.712,7,30,10.4,2.3,0.32,1,1,1,0,2
design,2000,30,senior,79.55,17,0.851,1.0,4.68,0.111,0.94,0,10,2.3,5.2,0.409,1,1,3,1,1
dev,5000,14,senior,61.85,19,0.866,0.845,4.25,0.107,0.947,0,20,12.0,5.6,0.495,1,1,3,0,2
design,20000,60,mid,40.25,48,0.717,0.69,4.52,0.189,0.704,0,20,8.9,3.1,0.081,1,1,2,0,1
marketing,1000,30,junior,9.19,1,0.793,0.532,2.63,0.19,0.568,3,30,3.4,2.6,0.368,1,1,1,1,3
writing,500,60,senior,80.36,105,0.767,0.812,5.0,0.105,0.783,3,30,7.8,7.1,-1.0,1,1,3,1,4
data,5000,60,mid,31.0,20,0.785,0.838,3.5,0.149,0.611,3,30,3.1,5.1,0.248,1,0,2,0,0
marketing,20000,7,mid,36.81,36,0.783,0.743,4.61,0.176,0.557,3,30,1.0,4.9,0.074,1,0,2,0,3
marketing,2000,14,senior,75.82,29,0.764,0.796,4.63,0.097,0.641,0,10,4.8,6.2,0.484,1,1,3,1,3
marketing,500,60,mid,25.0,57,0.726,0.789,3.74,0.136,0.769,3,30,5.5,4.7,0.0,1,0,2,0,3
dev,500,60,expert,85.01,84,0.95,0.917,4.7,0.078,0.908,0,30,1.6,8.5,-1.0,1,1,4,1,2
writing,10000,60,junior,14.1,0,0.0,0.0,0.0,0.0,0.0,0,40,2.6,1.7,0.056,1,1,1,0,4
data,5000,7,senior,31.26,58,0.882,0.862,4.72,0.078,0.785,3,20,2.7,6.1,0.25,1,1,3,1,0
design,2000,7,expert,109.73,60,0.786,0.762,4.52,0.125,0.826,0,30,7.1,8.3,-0.195,1,1,4,1,1
design,500,30,senior,79.18,57,0.924,0.934,4.18,0.094,0.944,0,30,2.0,6.6,-1.0,1,1,3,1,1
dev,1000,90,junior,11.83,14,0.708,0.821,2.71,0.19,0.547,1,30,4.9,1.0,0.473,1,1,1,1,2
dev,5000,14,junior,16.97,26,0.717,0.464,2.89,0.171,0.658,7,40,22.3,2.9,0.136,0,1,1,1,2
writing,2000,60,mid,17.47,36,0.632,0.742,3.9,0.143,0.779,0,30,17.0,3.1,0.349,1,1,2,1,4
design,500,60,senior,79.55,17,0.851,1.0,4.68,0.111,0.94,0,10,2.3,5.2,-1.0,1,1,3,1,1
marketing,5000,14,mid,49.36,2,0.643,0.652,3.65,0.151,0.646,3,20,1.9,3.1,0.395,1,1,2,1,3
data,2000,30,mid,39.46,56,0.81,0.809,4.5,0.134,0.618,3,30,0.1,2.9,0.789,1,1,2,1,0
writing,1000,90,expert,78.05,200,1.0,0.913,4.72,0.0,0.849,0,30,0.8,8.3,-1.0,1,1,4,1,4
writing,10000,14,expert,96.65,60,0.868,0.839,4.46,0.012,0.889,0,40,2.7,6.6,0.387,1,0,4,1,4
writing,1000,90,senior,75.06,12,0.918,0.895,3.88,0.092,0.841,3,30,3.6,6.6,-1.0,1,0,3,1,4
marketing,5000,30,senior,79.1,41,0.954,0.84,4.19,0.104,0.726,7,30,34.9,7.6,0.633,1,1,3,1,3
design,10000,14,mid,39.06,23,0.847,0.585,3.88,0.106,0.811,30,20,4.0,4.8,0.156,0,1,2,1,1
data,2000,7,expert,128.12,17,1.0,1.0,4.78,0.054,0.733,3,10,8.3,10.0,-0.562,1,1,4,1,0
design,500,60,junior,19.19,23,0.686,0.579,3.7,0.198,0.503,7,10,5.4,2.9,0.465,1,1,1,1,1
design,2000,14,junior,12.48,17,0.591,0.636,3.32,0.169,0.48,1,10,0.0,0.5,0.25,1,1,1,0,1
dev,1000,90,junior,16.85,59,0.747,0.525,3.13,0.174,0.551,30,10,8.4,0.0,0.674,1,1,1,1,2
writing,1000,7,mid,37.39,15,0.702,0.848,4.09,0.104,0.764,0,20,1.1,4.5,0.504,1,1,2,0,4
design,10000,14,senior,67.8,60,0.851,0.697,4.23,0.108,0.684,1,40,0.4,5.0,0.271,1,0,3,0,1
data,500,60,expert,132.1,51,0.972,0.839,4.31,0.018,0.779,1,20,0.7,8.9,-1.0,1,1,4,1,0
data,500,60,mid,32.13,15,0.864,0.886,3.79,0.143,0.65,30,10,5.0,3.6,-0.57,0,1,2,1,0
writing,5000,60,senior,93.44,11,0.843,0.831,4.53,0.101,0.855,0,20,15.9,6.3,0.748,1,1,3,1,4
dev,1000,7,senior,35.7,36,0.859,0.805,4.29,0.019,0.775,14,20,5.2,5.0,0.572,0,0,3,1,2
marketing,2000,14,senior,76.45,22,0.855,0.967,4.72,0.012,0.68,0,30,2.4,6.9,0.471,1,1,3,1,3
dev,10000,30,senior,61.85,19,0.866,0.845,4.25,0.107,0.947,0,20,12.0,5.6,0.247,1,1,3,1,2
dev,2000,30,mid,25.4,15,0.783,0.775,4.07,0.169,0.765,7,30,6.6,4.2,0.508,1,1,2,1,2
data,1000,60,junior,13.92,25,0.62,0.623,3.35,0.249,0.449,0,20,13.6,2.3,0.557,1,0,1,0,0
data,500,60,expert,132.1,51,0.972,0.839,4.31,0.018,0.779,1,20,0.7,8.9,-1.0,1,1,4,1,0
data,1000,30,junior,8.0,4,0.634,0.56,3.66,0.259,0.645,0,20,0.9,4.2,0.32,1,1,1,1,0
marketing,1000,14,expert,104.5,23,0.941,0.681,4.82,0.034,0.908,30,20,11.1,7.6,-1.0,0,0,4,1,3
writing,2000,7,junior,8.0,2,0.617,0.677,3.04,0.192,0.537,0,20,16.1,1.4,0.16,1,0,1,1,4
marketing,1000,30,senior,76.45,22,0.855,0.967,4.72,0.012,0.68,0,30,2.4,6.9,-1.0,1,1,3,0,3
dev,500,30,senior,75.08,6,0.835,0.808,4.07,0.128,0.786,7,40,11.0,7.0,-1.0,1,1,3,1,2
data,10000,30,expert,96.25,104,1.0,0.937,4.92,0.045,0.867,30,10,6.9,7.4,0.385,0,1,4,1,0
dev,1000,60,junior,14.96,25,0.686,0.657,3.58,0.148,0.812,7,20,20.7,1.1,0.598,1,0,1,0,2
marketing,1000,30,mid,51.54,111,0.711,0.884,4.0,0.138,0.68,0,30,0.1,4.1,-0.062,1,1,2,1,3
dev,2000,7,mid,39.94,54,0.751,0.653,2.9,0.171,0.665,1,40,14.5,5.1,0.799,1,1,2,1,2
marketing,1000,60,junior,9.8,15,0.726,0.507,3.46,0.224,0.56,7,20,6.3,3.8,0.392,1,0,1,0,3
writing,2000,90,junior,13.91,19,0.487,0.73,3.54,0.262,0.49,1,40,19.5,0.5,0.278,1,1,1,1,4
marketing,5000,14,senior,43.23,120,0.893,0.793,4.3,0.068,0.559,3,40,0.9,7.1,0.346,1,1,3,1,3
design,2000,30,junior,20.79,19,0.593,0.497,2.35,0.238,0.517,1,30,13.7,1.7,0.416,1,0,1,0,1
design,2000,30,junior,8.0,24,0.562,0.664,3.14,0.231,0.471,0,10,5.3,1.5,0.16,1,1,1,1,1
design,5000,30,expert,167.0,23,0.859,1.0,4.3,0.065,0.692,3,10,4.1,8.9,0.664,1,1,4,1,1
marketing,5000,60,senior,57.06,6,0.959,0.992,4.17,0.095,0.758,0,30,0.4,5.0,0.456,1,1,3,1,3
data,2000,60,mid,33.08,71,0.832,0.691,4.32,0.127,0.705,0,10,5.2,5.4,0.662,1,0,2,1,0
marketing,2000,60,junior,17.87,1,0.602,0.676,3.69,0.223,0.478,1,20,15.9,4.4,0.357,1,1,1,1,3
marketing,500,60,expert,115.39,112,0.909,0.969,4.44,0.07,0.791,0,30,4.7,7.8,-1.0,1,1,4,1,3
marketing,2000,60,junior,15.64,34,0.597,0.588,3.71,0.179,0.397,14,20,14.7,2.6,0.313,1,1,1,1,3
dev,5000,60,junior,13.92,25,0.62,0.623,3.35,0.249,0.449,0,20,13.6,2.3,0.111,1,0,1,0,2
design,10000,90,senior,54.59,9,0.767,0.951,4.46,0.17,0.819,0,30,0.8,6.5,0.218,1,0,3,0,1
dev,2000,30,senior,54.59,9,0.767,0.951,4.46,0.17,0.819,0,30,0.8,6.5,0.908,1,0,3,1,2
writing,10000,30,senior,85.95,8,0.636,0.724,4.18,0.152,0.808,0,30,7.3,4.4,0.344,1,1,3,1,4
writing,5000,14,expert,112.93,37,0.914,0.807,4.79,0.125,0.798,0,40,0.5,8.1,0.903,1,1,4,1,4
dev,500,14,senior,87.94,62,0.818,0.91,5.0,0.117,0.764,7,30,1.7,5.4,-1.0,0,1,3,1,2
design,500,14,expert,104.45,60,0.945,0.793,4.57,0.054,0.923,3,40,0.4,8.2,-1.0,1,1,4,1,1
marketing,500,30,senior,57.06,6,0.959,0.992,4.17,0.095,0.758,0,30,0.4,5.0,-1.0,1,1,3,1,3
writing,1000,60,mid,18.37,33,0.621,0.58,4.26,0.184,0.629,3,30,2.8,4.7,0.735,1,1,2,0,4
marketing,500,90,junior,19.45,3,0.627,0.555,3.46,0.147,0.714,0,10,4.1,1.0,0.444,1,1,1,0,3
dev,5000,14,mid,37.92,55,0.776,0.785,3.55,0.157,0.682,14,30,1.8,6.8,0.303,0,1,2,1,2
writing,2000,14,mid,30.44,14,0.913,0.653,3.87,0.131,0.754,7,10,18.6,4.2,0.609,0,0,2,1,4
marketing,20000,30,mid,28.05,10,0.899,0.708,4.02,0.182,0.726,1,30,9.8,4.5,0.056,1,0,2,1,3
data,1000,30,mid,38.57,5,0.66,0.789,3.8,0.195,0.625,0,20,9.9,3.4,0.457,1,1,2,1,0
marketing,2000,30,junior,19.47,8,0.733,0.529,3.75,0.205,0.818,3,30,10.0,1.3,0.389,1,1,1,1,3
marketing,20000,30,expert,76.88,13,0.809,0.871,5.0,0.113,0.928,3,30,1.0,7.7,0.154,1,1,4,1,3
marketing,5000,90,expert,151.62,76,0.923,1.0,4.38,0.104,0.826,0,30,1.9,6.6,0.787,1,1,4,1,3
data,2000,30,junior,8.26,31,0.752,0.666,2.74,0.223,0.453,14,10,12.1,1.0,0.165,1,1,1,1,0
data,5000,30,mid,38.07,17,0.84,0.587,4.26,0.195,0.569,0,20,7.5,1.5,0.305,1,0,2,1,0
design,2000,30,junior,21.46,59,0.504,0.601,2.94,0.203,0.343,0,20,10.3,0.1,0.429,1,1,1,1,1
writing,10000,30,junior,14.1,0,0.0,0.0,0.0,0.0,0.0,0,40,2.6,1.7,0.056,1,1,1,0,4
marketing,5000,30,senior,68.52,22,0.993,0.874,4.14,0.15,0.889,0,40,0.4,4.8,0.548,1,1,3,1,3
data,1000,7,senior,62.95,42,0.785,0.871,5.0,0.037,0.775,0,10,3.4,6.2,-0.518,1,1,3,1,0
marketing,1000,60,mid,24.93,33,0.672,0.761,3.83,0.165,0.651,0,30,14.3,4.7,0.997,1,1,2,1,3
dev,1000,60,senior,55.67,3,0.921,0.788,3.8,0.123,0.922,0,30,15.6,5.4,-0.227,1,1,3,0,2
design,500,7,expert,78.23,105,0.979,0.728,4.65,0.03,0.661,7,10,0.5,9.0,-1.0,0,0,4,1,1
dev,5000,30,senior,83.65,61,0.863,0.823,4.79,0.077,0.846,3,10,1.8,5.1,0.669,1,1,3,1,2
dev,500,14,mid,14.78,50,0.72,0.631,3.56,0.118,0.632,3,30,4.0,4.8,0.818,1,1,2,1,2
marketing,5000,60,junior,19.68,2,0.605,0.488,3.58,0.266,0.512,0,20,3.2,1.3,0.157,1,1,1,0,3
dev,2000,90,mid,42.41,12,0.773,0.891,3.52,0.096,0.742,1,20,5.7,4.3,0.848,1,1,2,1,2
writing,10000,90,mid,22.46,32,0.791,0.887,4.0,0.143,0.803,1,20,1.3,3.8,0.09,1,1,2,0,4
data,500,7,mid,17.14,33,0.763,0.813,4.79,0.155,0.703,3,40,9.6,4.0,0.629,1,1,2,1,0
design,1000,60,mid,20.05,2,0.759,0.775,4.05,0.151,0.713,0,20,5.4,4.2,0.802,1,1,2,1,1
marketing,500,14,senior,43.23,120,0.893,0.793,4.3,0.068,0.559,3,40,0.9,7.1,-1.0,1,1,3,1,3
dev,500,60,expert,88.37,67,0.974,1.0,4.81,0.069,0.94,0,10,1.0,8.1,-1.0,1,1,4,1,2
marketing,20000,60,junior,20.79,19,0.593,0.497,2.35,0.238,0.517,1,30,13.7,1.7,0.042,1,1,1,0,3
dev,500,14,senior,45.25,10,0.739,0.894,4.01,0.094,0.855,0,20,3.6,5.0,-1.0,1,1,3,0,2
marketing,2000,90,junior,12.16,26,0.672,0.732,2.8,0.17,0.514,1,10,5.2,2.0,0.243,1,1,1,0,3
writing,2000,30,mid,36.77,27,0.613,0.902,3.79,0.159,0.675,0,10,7.7,3.6,0.735,1,1,2,1,4
writing,1000,30,junior,19.74,7,0.568,0.525,3.74,0.225,0.525,1,20,7.5,3.1,0.79,1,1,1,1,4
writing,500,14,mid,24.92,186,0.945,0.646,4.05,0.132,0.642,14,40,3.3,2.3,0.006,0,1,2,1,4
dev,10000,90,expert,64.32,104,0.979,0.926,4.11,0.03,0.945,1,40,3.1,8.9,0.257,1,1,4,1,2
dev,1000,30,expert,88.37,67,0.974,1.0,4.81,0.069,0.94,0,10,1.0,8.1,-1.0,1,1,4,1,2
marketing,5000,7,junior,13.81,12,0.726,0.607,3.71,0.203,0.542,0,40,0.3,1.5,0.11,1,1,1,1,3
marketing,1000,14,junior,21.88,30,0.733,0.801,3.56,0.171,0.603,7,30,1.6,2.9,0.875,0,1,1,0,3
marketing,1000,90,senior,43.23,120,0.893,0.793,4.3,0.068,0.559,3,40,0.9,7.1,0.271,1,1,3,1,3
marketing,1000,7,expert,91.34,35,1.0,0.785,4.58,0.058,0.803,30,20,18.4,8.6,-1.0,0,1,4,0,3
data,1000,60,expert,93.67,29,0.959,0.93,4.77,0.035,0.779,3,30,0.7,6.8,-1.0,1,1,4,1,0
design,2000,30,junior,14.1,0,0.0,0.0,0.0,0.0,0.0,0,40,2.6,1.7,0.282,1,0,1,0,1
dev,1000,90,mid,32.62,49,0.716,0.615,4.34,0.133,0.684,1,10,12.7,5.0,0.695,1,1,2,0,2
dev,500,60,expert,82.97,1,1.0,0.732,5.0,0.084,0.733,14,10,1.6,9.0,-1.0,1,1,4,1,2
marketing,1000,14,mid,22.46,32,0.791,0.887,4.0,0.143,0.803,1,20,1.3,3.8,0.898,1,0,2,1,3
marketing,1000,60,mid,38.72,25,0.808,0.643,3.82,0.13,0.494,0,10,17.0,4.8,0.451,1,1,2,1,3
design,1000,14,senior,58.69,39,0.884,0.769,3.94,0.102,0.702,14,10,10.4,4.6,-0.348,0,1,3,1,1
writing,1000,30,junior,15.25,2,0.643,0.593,3.35,0.197,0.783,1,20,0.1,2.2,0.61,1,0,1,1,4
marketing,1000,30,expert,76.88,13,0.809,0.871,5.0,0.113,0.928,3,30,1.0,7.7,-1.0,1,1,4,0,3
data,20000,60,mid,21.7,116,0.775,0.774,4.26,0.079,0.579,3,30,0.4,5.4,0.043,1,0,2,1,0
design,5000,7,expert,71.04,59,0.909,0.863,4.56,0.048,0.879,0,40,7.5,8.7,0.568,1,1,4,0,1
dev,5000,14,mid,20.08,10,0.893,0.75,4.0,0.129,0.617,7,20,2.2,3.5,0.161,0,1,2,1,2
writing,5000,30,senior,86.85,34,0.906,0.828,5.0,0.059,0.669,0,30,0.1,7.7,0.695,1,0,3,1,4
design,2000,14,senior,91.75,135,0.894,0.76,4.27,0.088,0.634,7,40,0.0,3.3,0.165,0,0,3,1,1
design,10000,30,junior,13.2,17,0.799,0.789,3.9,0.229,0.488,7,20,0.5,2.8,0.053,1,1,1,1,1
marketing,5000,30,mid,42.65,24,0.798,0.674,3.68,0.171,0.797,14,20,4.8,3.7,0.341,1,1,2,1,3
writing,2000,7,mid,31.7,7,0.81,0.736,3.72,0.195,0.479,0,20,1.8,4.3,0.634,1,1,2,0,4
writing,5000,30,mid,18.11,52,0.739,0.817,3.94,0.16,0.7,1,20,4.8,4.5,0.145,1,0,2,0,4
design,20000,30,expert,116.27,84,0.954,0.954,4.95,0.041,0.883,0,40,0.9,6.3,0.233,1,1,4,1,1
design,10000,30,junior,18.0,8,0.767,0.548,3.17,0.209,0.578,14,10,1.1,2.7,0.072,1,0,1,1,1
design,10000,30,junior,8.66,17,0.749,0.696,3.13,0.226,0.75,3,30,1.4,0.9,0.035,1,1,1,1,1
design,10000,60,junior,12.31,47,0.781,0.522,3.49,0.166,0.751,3,30,9.8,1.5,0.049,1,1,1,1,1
dev,2000,60,senior,77.72,103,0.776,0.852,4.6,0.099,0.853,0,20,6.2,6.6,0.446,1,1,3,1,2
data,500,90,mid,35.25,23,0.871,0.728,4.18,0.148,0.745,7,20,12.0,4.0,-0.82,1,1,2,0,0
marketing,2000,60,expert,104.5,23,0.941,0.681,4.82,0.034,0.908,30,20,11.1,7.6,-0.09,0,0,4,0,3
dev,1000,7,mid,36.35,5,0.716,0.705,3.54,0.213,0.611,0,20,15.7,4.7,0.546,1,0,2,0,2
data,1000,90,senior,50.81,79,0.867,0.906,3.86,0.133,0.766,14,40,1.0,5.6,-0.032,1,1,3,0,0
writing,2000,14,senior,66.05,36,0.892,0.796,4.15,0.091,0.741,3,40,10.1,6.2,0.679,1,1,3,1,4
design,2000,30,junior,16.76,1,0.537,0.492,3.17,0.175,0.489,14,30,12.2,0.5,0.335,1,0,1,0,1
writing,20000,60,mid,33.03,100,0.77,0.822,3.61,0.105,0.529,0,40,0.4,3.2,0.066,1,1,2,1,4
marketing,1000,60,senior,76.1,16,0.882,0.759,4.7,0.086,0.623,14,20,3.0,5.0,-1.0,1,1,3,1,3
dev,2000,14,mid,23.56,29,0.921,0.742,4.13,0.135,0.699,0,20,4.7,3.3,0.471,1,1,2,1,2
writing,1000,60,junior,20.38,2,0.705,0.414,3.35,0.21,0.473,0,20,5.8,2.1,0.815,1,1,1,1,4
marketing,20000,90,junior,10.02,44,0.633,0.504,3.08,0.201,0.534,3,20,0.4,0.3,0.02,1,1,1,1,3
marketing,2000,30,mid,38.72,25,0.808,0.643,3.82,0.13,0.494,0,10,17.0,4.8,0.774,1,1,2,0,3
dev,2000,90,junior,9.03,19,0.71,0.667,2.63,0.181,0.74,1,30,0.1,3.0,0.181,1,1,1,1,2
data,5000,30,mid,32.13,15,0.864,0.886,3.79,0.143,0.65,30,10,5.0,3.6,0.257,0,1,2,1,0
design,1000,7,mid,21.7,116,0.775,0.774,4.26,0.079,0.579,3,30,0.4,5.4,0.868,1,1,2,0,1
dev,5000,60,mid,22.07,137,0.73,0.889,4.26,0.165,0.607,0,40,25.8,5.6,0.177,1,1,2,1,2
writing,2000,60,mid,45.24,5,0.801,0.816,3.86,0.153,0.816,7,30,1.0,3.8,0.905,1,1,2,1,4
data,5000,7,expert,154.05,25,0.968,0.855,4.39,0.057,0.968,14,40,1.4,8.8,0.768,0,1,4,0,0
writing,1000,30,mid,47.35,6,0.893,0.807,3.84,0.159,0.62,14,30,6.6,4.1,0.106,1,1,2,1,4
marketing,500,30,mid,48.25,20,0.79,0.795,4.05,0.169,0.623,7,20,27.3,3.1,-1.0,1,1,2,1,3
writing,1000,60,senior,76.82,27,0.853,0.874,4.08,0.115,0.714,30,30,0.1,7.6,-1.0,0,1,3,0,4
marketing,2000,60,senior,43.23,120,0.893,0.793,4.3,0.068,0.559,3,40,0.9,7.1,0.865,1,1,3,1,3
writing,2000,60,expert,111.44,200,0.927,0.955,4.52,0.038,0.879,3,10,10.9,9.4,-0.229,1,1,4,1,4
writing,500,60,mid,45.99,57,0.826,0.7,4.45,0.145,0.693,3,10,2.4,2.7,-1.0,1,1,2,1,4
design,500,30,junior,19.19,23,0.686,0.579,3.7,0.198,0.503,7,10,5.4,2.9,0.465,1,1,1,1,1
marketing,500,14,junior,19.45,3,0.627,0.555,3.46,0.147,0.714,0,10,4.1,1.0,0.444,1,1,1,1,3
writing,500,30,mid,38.07,17,0.84,0.587,4.26,0.195,0.569,0,20,7.5,1.5,-1.0,1,1,2,1,4
marketing,1000,90,mid,29.66,49,0.711,0.843,3.79,0.127,0.753,1,30,13.3,3.5,0.814,1,1,2,1,3
marketing,2000,7,senior,85.26,8,0.922,0.858,4.82,0.131,0.726,7,40,0.7,5.4,0.295,0,0,3,1,3
data,500,60,mid,32.59,23,0.801,0.803,3.58,0.133,0.615,14,30,3.7,3.7,-0.607,1,1,2,1,0
data,10000,7,mid,29.18,78,0.819,0.599,3.99,0.13,0.727,0,10,0.8,5.5,0.117,1,1,2,1,0
design,2000,14,mid,36.81,36,0.783,0.743,4.61,0.176,0.557,3,30,1.0,4.9,0.736,1,1,2,0,1
design,2000,90,junior,12.31,47,0.781,0.522,3.49,0.166,0.751,3,30,9.8,1.5,0.246,1,1,1,1,1
data,500,90,mid,54.5,40,0.815,0.583,4.44,0.182,0.609,3,40,13.7,5.0,-1.0,1,0,2,1,0
marketing,1000,30,mid,26.62,22,0.803,0.616,3.45,0.126,0.707,3,10,0.6,3.1,0.935,1,1,2,1,3
dev,1000,30,mid,20.08,10,0.893,0.75,4.0,0.129,0.617,7,20,2.2,3.5,0.803,1,1,2,1,2
writing,1000,30,junior,11.63,30,0.598,0.519,3.17,0.176,0.597,7,40,0.9,0.0,0.465,1,1,1,1,4
marketing,20000,90,mid,44.67,42,0.72,0.655,3.88,0.148,0.664,14,30,1.9,5.6,0.089,1,0,2,1,3
writing,2000,90,mid,33.03,100,0.77,0.822,3.61,0.105,0.529,0,40,0.4,3.2,0.661,1,1,2,0,4
design,500,30,mid,17.48,99,0.865,0.623,3.79,0.12,0.784,3,30,13.8,4.6,0.602,1,1,2,0,1
data,500,14,junior,14.75,1,0.6,0.55,3.42,0.188,0.427,0,30,2.9,0.9,0.82,1,1,1,1,0
design,1000,30,junior,15.05,10,0.707,0.644,3.41,0.237,0.443,7,30,1.0,2.1,0.602,1,1,1,1,1
data,500,14,expert,103.62,67,1.0,0.999,4.91,0.016,0.993,0,30,44.7,6.9,-1.0,1,0,4,1,0
marketing,20000,30,mid,33.08,71,0.832,0.691,4.32,0.127,0.705,0,10,5.2,5.4,0.066,1,1,2,1,3
design,1000,14,mid,37.92,55,0.776,0.785,3.55,0.157,0.682,14,30,1.8,6.8,0.483,0,0,2,1,1
design,5000,7,junior,10.02,11,0.675,0.712,2.92,0.218,0.541,3,10,0.8,2.5,0.08,1,1,1,0,1
writing,500,30,junior,17.43,6,0.766,0.628,3.38,0.211,0.497,0,40,0.3,1.1,0.606,1,0,1,1,4
design,500,30,junior,10.02,11,0.675,0.712,2.92,0.218,0.541,3,10,0.8,2.5,0.802,1,1,1,1,1
design,1000,14,expert,106.57,17,0.858,0.98,4.77,0.052,0.949,0,20,0.4,7.9,-1.0,1,1,4,0,1
writing,500,14,mid,51.6,44,0.832,0.841,3.78,0.166,0.74,1,20,4.2,6.0,-1.0,1,0,2,1,4
writing,2000,30,senior,93.44,11,0.843,0.831,4.53,0.101,0.855,0,20,15.9,6.3,0.131,1,1,3,1,4
dev,1000,30,senior,74.2,1,0.932,0.794,4.76,0.074,0.757,7,10,5.0,4.4,-0.968,1,1,3,1,2
marketing,1000,90,junior,17.87,1,0.602,0.676,3.69,0.223,0.478,1,20,15.9,4.4,0.715,1,1,1,1,3
design,1000,7,expert,109.73,60,0.786,0.762,4.52,0.125,0.826,0,30,7.1,8.3,-1.0,1,1,4,1,1
writing,5000,30,expert,108.7,71,0.915,1.0,4.27,0.0,0.795,7,20,2.4,6.4,0.87,1,0,4,1,4
design,500,60,senior,93.34,14,0.867,0.747,5.0,0.08,0.897,3,20,1.2,7.6,-1.0,1,1,3,1,1
marketing,5000,60,senior,92.33,8,0.969,0.903,4.13,0.094,0.605,30,20,3.1,6.1,0.739,0,0,3,1,3
marketing,500,14,mid,41.12,114,0.809,0.87,3.1,0.187,0.428,3,30,6.7,4.0,-1.0,1,0,2,1,3
marketing,2000,60,senior,48.24,28,0.806,0.954,4.54,0.046,0.844,7,10,11.2,5.9,0.965,1,1,3,1,3
design,20000,14,junior,14.1,0,0.0,0.0,0.0,0.0,0.0,0,40,2.6,1.7,0.028,1,0,1,0,1
writing,500,90,mid,36.77,27,0.613,0.902,3.79,0.159,0.675,0,10,7.7,3.6,-0.942,1,1,2,1,4
design,1000,7,mid,20.08,10,0.893,0.75,4.0,0.129,0.617,7,20,2.2,3.5,0.803,0,0,2,1,1
writing,5000,14,junior,16.76,1,0.537,0.492,3.17,0.175,0.489,14,30,12.2,0.5,0.134,0,0,1,1,4
marketing,1000,30,mid,24.93,33,0.672,0.761,3.83,0.165,0.651,0,30,14.3,4.7,0.997,1,1,2,1,3
writing,500,14,mid,34.49,28,0.778,0.791,4.09,0.157,0.759,14,40,1.9,3.8,-0.759,0,1,2,0,4
dev,2000,60,mid,33.99,89,0.879,0.729,3.74,0.189,0.631,7,20,4.5,2.6,0.68,1,1,2,1,2
design,2000,30,mid,26.38,173,0.715,0.812,3.99,0.151,0.582,0,20,1.6,5.3,0.528,1,1,2,0,1
dev,20000,90,senior,37.65,83,0.877,0.753,3.82,0.06,0.714,1,20,8.2,5.4,0.075,1,0,3,0,2
writing,10000,30,junior,18.73,0,0.0,0.0,0.0,0.0,0.0,30,10,9.5,1.4,0.075,0,1,1,0,4
design,5000,30,senior,68.73,85,0.885,0.839,4.48,0.081,0.748,7,30,0.3,6.4,0.55,1,1,3,1,1
design,2000,60,senior,75.68,106,0.805,0.997,4.08,0.129,0.738,14,40,0.4,5.2,0.486,1,1,3,0,1
writing,500,14,mid,24.61,7,0.76,0.761,4.38,0.182,0.622,0,40,2.5,2.7,0.031,1,1,2,1,4
dev,10000,14,senior,29.47,116,0.814,0.813,3.8,0.09,0.877,0,40,3.3,5.3,0.118,1,1,3,1,2
writing,1000,14,mid,18.37,33,0.621,0.58,4.26,0.184,0.629,3,30,2.8,4.7,0.735,1,1,2,0,4
data,20000,7,mid,15.31,13,0.671,0.823,4.17,0.171,0.697,3,40,11.4,3.1,0.031,1,0,2,1,0
writing,1000,30,expert,33.72,110,0.946,0.911,5.0,0.082,0.849,3,10,3.9,8.9,0.651,1,1,4,1,4
dev,1000,60,senior,35.11,25,0.902,0.931,4.53,0.11,0.939,1,20,12.7,7.3,0.596,1,1,3,1,2
writing,2000,14,mid,11.87,88,0.762,0.704,3.8,0.205,0.77,0,20,17.6,4.8,0.237,1,1,2,0,4
dev,500,60,senior,85.63,8,0.896,0.806,4.37,0.124,0.579,14,30,2.0,6.0,-1.0,1,0,3,1,2
dev,1000,30,mid,33.99,89,0.879,0.729,3.74,0.189,0.631,7,20,4.5,2.6,0.64,1,1,2,1,2
data,1000,30,senior,41.21,32,0.794,0.96,4.7,0.138,0.736,0,30,8.6,5.9,0.352,1,1,3,1,0
design,500,14,senior,67.16,41,0.957,0.772,4.56,0.125,0.789,7,10,1.6,5.4,-1.0,0,1,3,1,1
marketing,1000,14,senior,62.39,85,0.881,0.685,3.96,0.086,0.698,14,40,2.8,7.7,-0.496,0,1,3,1,3
dev,2000,30,mid,36.03,21,0.76,0.762,3.99,0.188,0.494,1,40,2.2,4.1,0.721,1,1,2,1,2
design,1000,7,mid,36.29,7,0.785,0.555,4.03,0.119,0.851,14,40,17.5,4.5,0.548,0,1,2,1,1
dev,1000,30,mid,27.57,3,0.832,0.85,3.68,0.112,0.753,30,20,27.8,2.2,0.897,0,1,2,1,2
writing,1000,60,mid,26.42,105,0.737,0.739,3.26,0.168,0.767,0,10,21.9,3.3,0.943,1,1,2,1,4
data,1000,30,mid,18.68,34,0.768,0.695,3.3,0.15,0.875,0,30,10.6,3.9,0.747,1,1,2,1,0
data,500,30,mid,49.38,13,0.708,0.811,3.95,0.111,0.768,0,30,2.0,2.6,-1.0,1,1,2,1,0
marketing,1000,30,junior,14.5,5,0.638,0.503,3.31,0.197,0.813,3,10,5.6,1.0,0.58,1,1,1,0,3
dev,10000,60,mid,24.87,38,0.621,0.756,4.01,0.05,0.618,7,40,2.7,3.0,0.099,1,1,2,1,2
marketing,500,30,mid,16.92,3,0.844,0.666,3.67,0.206,0.595,0,10,4.4,4.4,0.646,1,1,2,1,3
design,5000,30,mid,36.69,5,0.957,0.829,3.65,0.146,0.714,3,30,10.0,3.9,0.294,1,1,2,1,1
marketing,500,60,mid,37.92,55,0.776,0.785,3.55,0.157,0.682,14,30,1.8,6.8,-1.0,1,0,2,0,3
data,1000,60,expert,104.5,23,0.941,0.681,4.82,0.034,0.908,30,20,11.1,7.6,-1.0,0,1,4,1,0
design,10000,30,senior,43.41,56,0.91,0.813,4.46,0.116,0.832,1,30,4.8,7.3,0.174,1,1,3,1,1
data,10000,30,junior,27.53,29,0.648,0.422,3.15,0.21,0.601,30,20,4.8,2.3,0.11,0,0,1,1,0
writing,1000,30,expert,87.97,0,0.0,0.0,0.0,0.0,0.0,7,30,5.8,7.4,-1.0,1,1,4,0,4
writing,1000,30,mid,42.45,9,0.795,0.76,3.42,0.182,0.737,1,20,5.8,3.3,0.302,1,1,2,1,4
marketing,1000,14,junior,21.88,30,0.733,0.801,3.56,0.171,0.603,7,30,1.6,2.9,0.875,0,1,1,1,3
design,10000,30,junior,17.43,6,0.766,0.628,3.38,0.211,0.497,0,40,0.3,1.1,0.07,1,0,1,0,1
writing,500,60,mid,38.29,4,0.779,0.796,4.85,0.152,0.557,0,20,9.8,2.3,-1.0,1,1,2,1,4
marketing,1000,14,senior,81.96,71,0.988,0.667,4.51,0.068,0.729,14,30,3.1,6.7,-1.0,0,0,3,0,3
writing,500,14,senior,57.9,74,0.913,0.636,4.11,0.152,0.821,0,30,1.6,6.5,-1.0,1,1,3,0,4
marketing,2000,30,mid,44.6,7,0.665,0.711,3.92,0.082,0.67,7,30,0.5,4.0,0.892,1,1,2,1,3
dev,10000,60,senior,52.32,41,0.922,0.723,4.28,0.082,0.761,0,10,19.8,6.5,0.209,1,1,3,1,2
marketing,5000,60,mid,44.6,7,0.665,0.711,3.92,0.082,0.67,7,30,0.5,4.0,0.357,1,1,2,1,3
marketing,2000,30,junior,9.03,19,0.71,0.667,2.63,0.181,0.74,1,30,0.1,3.0,0.181,1,0,1,0,3
writing,2000,30,junior,16.76,26,0.846,0.68,4.09,0.175,0.594,3,10,15.6,1.9,0.335,1,1,1,0,4
data,500,30,senior,30.32,61,0.833,0.834,4.98,0.154,0.855,3,10,2.5,6.6,-0.426,1,1,3,1,0
writing,2000,30,expert,110.14,65,0.91,0.934,4.98,0.018,0.949,0,20,11.7,7.8,-0.203,1,0,4,0,4
dev,2000,60,junior,15.25,2,0.643,0.593,3.35,0.197,0.783,1,20,0.1,2.2,0.305,1,1,1,1,2
writing,500,90,junior,8.0,5,0.653,0.597,2.29,0.176,0.595,14,30,2.1,2.0,0.64,1,1,1,0,4
design,10000,60,senior,79.18,57,0.924,0.934,4.18,0.094,0.944,0,30,2.0,6.6,0.317,1,1,3,1,1
writing,2000,60,senior,81.96,71,0.988,0.667,4.51,0.068,0.729,14,30,3.1,6.7,0.361,1,1,3,1,4
data,2000,7,junior,16.76,1,0.537,0.492,3.17,0.175,0.489,14,30,12.2,0.5,0.335,0,1,1,0,0
marketing,1000,7,senior,93.74,21,0.95,0.689,4.22,0.099,0.856,3,30,2.8,6.9,-1.0,1,1,3,1,3
marketing,2000,60,junior,18.43,12,0.734,0.566,2.95,0.195,0.662,3,20,2.9,2.1,0.369,1,0,1,1,3
data,1000,30,senior,41.21,32,0.794,0.96,4.7,0.138,0.736,0,30,8.6,5.9,0.352,1,1,3,1,0
data,10000,14,senior,44.58,139,0.866,0.964,4.12,0.06,0.782,3,30,21.9,5.6,0.178,1,0,3,1,0
marketing,2000,60,senior,76.45,22,0.855,0.967,4.72,0.012,0.68,0,30,2.4,6.9,0.471,1,1,3,1,3
writing,1000,14,junior,18.77,18,0.573,0.642,3.05,0.174,0.518,30,30,3.2,2.5,0.751,0,0,1,1,4
writing,500,14,mid,23.55,1,0.769,0.767,4.48,0.132,0.724,3,20,1.6,3.3,0.116,1,1,2,1,4
design,5000,60,expert,126.84,85,0.988,0.891,4.95,0.125,0.91,0,20,3.8,9.0,0.985,1,1,4,1,1
writing,5000,30,junior,13.3,21,0.514,0.556,3.55,0.187,0.433,14,10,6.8,0.8,0.106,1,1,1,1,4
data,1000,30,senior,31.26,58,0.882,0.862,4.72,0.078,0.785,3,20,2.7,6.1,0.75,1,1,3,1,0
dev,2000,14,mid,43.67,54,0.621,0.54,3.58,0.207,0.639,0,40,4.5,4.1,0.873,1,1,2,1,2
writing,2000,7,senior,51.22,66,0.877,0.845,4.41,0.106,0.621,3,30,4.9,5.3,0.976,1,1,3,1,4
design,2000,30,senior,98.51,2,0.681,0.763,4.49,0.048,0.725,3,10,7.1,5.5,0.03,1,1,3,1,1
design,500,30,expert,104.45,60,0.945,0.793,4.57,0.054,0.923,3,40,0.4,8.2,-1.0,1,1,4,1,1
design,1000,60,senior,46.14,108,0.959,0.944,4.03,0.126,0.613,3,20,0.5,7.5,0.154,1,1,3,1,1
marketing,5000,30,senior,93.43,63,0.952,0.759,4.37,0.158,0.755,3,30,3.8,5.0,0.747,1,1,3,1,3
writing,1000,14,mid,34.49,28,0.778,0.791,4.09,0.157,0.759,14,40,1.9,3.8,0.62,0,1,2,1,4
marketing,2000,14,mid,29.66,49,0.711,0.843,3.79,0.127,0.753,1,30,13.3,3.5,0.593,1,1,2,0,3
marketing,2000,7,senior,48.24,28,0.806,0.954,4.54,0.046,0.844,7,10,11.2,5.9,0.965,0,1,3,1,3
dev,1000,14,senior,83.65,61,0.863,0.823,4.79,0.077,0.846,3,10,1.8,5.1,-1.0,1,1,3,1,2
dev,5000,60,junior,19.98,6,0.7,0.564,3.93,0.244,0.717,0,40,0.7,1.1,0.16,1,1,1,1,2
design,5000,30,mid,29.79,35,0.753,0.804,4.16,0.151,0.681,3,40,17.5,3.8,0.238,1,0,2,0,1
dev,500,90,senior,74.2,1,0.932,0.794,4.76,0.074,0.757,7,10,5.0,4.4,-1.0,1,1,3,1,2
dev,500,30,mid,20.08,10,0.893,0.75,4.0,0.129,0.617,7,20,2.2,3.5,0.394,1,1,2,1,2
dev,5000,14,mid,30.57,139,0.962,0.771,3.73,0.206,0.8,14,10,2.0,5.8,0.245,0,1,2,1,2
data,1000,14,junior,14.75,1,0.6,0.55,3.42,0.188,0.427,0,30,2.9,0.9,0.59,1,1,1,0,0
design,500,14,mid,36.29,7,0.785,0.555,4.03,0.119,0.851,14,40,17.5,4.5,-0.903,0,1,2,1,1
writing,2000,30,mid,31.7,7,0.81,0.736,3.72,0.195,0.479,0,20,1.8,4.3,0.634,1,1,2,1,4
dev,500,30,mid,25.4,15,0.783,0.775,4.07,0.169,0.765,7,30,6.6,4.2,-0.032,1,1,2,1,2
marketing,20000,30,junior,13.81,12,0.726,0.607,3.71,0.203,0.542,0,40,0.3,1.5,0.028,1,1,1,1,3
dev,1000,30,mid,8.16,40,0.791,0.639,4.02,0.131,0.391,7,10,3.4,2.8,0.326,1,0,2,1,2
marketing,1000,30,mid,46.87,157,0.882,0.809,4.22,0.158,0.584,0,40,0.9,4.3,0.125,1,1,2,1,3
data,5000,60,senior,52.32,41,0.922,0.723,4.28,0.082,0.761,0,10,19.8,6.5,0.419,1,0,3,0,0
marketing,1000,60,mid,38.72,25,0.808,0.643,3.82,0.13,0.494,0,10,17.0,4.8,0.451,1,1,2,1,3
marketing,2000,30,expert,132.56,11,0.935,1.0,4.68,0.085,0.786,1,20,4.2,7.7,-0.651,1,1,4,1,3
design,2000,90,senior,58.69,39,0.884,0.769,3.94,0.102,0.702,14,10,10.4,4.6,0.826,1,1,3,0,1
design,2000,60,mid,28.05,10,0.899,0.708,4.02,0.182,0.726,1,30,9.8,4.5,0.561,1,1,2,1,1
dev,1000,14,mid,32.55,11,0.824,0.86,3.96,0.133,0.731,7,20,3.1,3.8,0.698,0,1,2,1,2
writing,2000,14,mid,18.82,41,0.83,0.746,4.29,0.088,0.66,0,20,10.7,4.8,0.376,1,1,2,1,4
marketing,10000,30,expert,78.23,105,0.979,0.728,4.65,0.03,0.661,7,10,0.5,9.0,0.313,1,1,4,1,3
data,500,14,expert,96.65,60,0.868,0.839,4.46,0.012,0.889,0,40,2.7,6.6,-1.0,1,0,4,1,0
data,20000,90,mid,35.92,23,0.639,0.935,3.96,0.108,0.616,0,20,8.1,4.8,0.072,1,0,2,1,0
data,20000,60,senior,41.21,32,0.794,0.96,4.7,0.138,0.736,0,30,8.6,5.9,0.082,1,1,3,0,0
writing,500,7,junior,20.37,42,0.59,0.567,3.38,0.227,0.525,0,30,3.6,0.8,0.37,1,1,1,1,4
design,1000,7,mid,36.81,36,0.783,0.743,4.61,0.176,0.557,3,30,1.0,4.9,0.528,1,1,2,1,1
dev,1000,30,expert,97.34,4,0.94,0.899,3.98,0.039,0.793,1,10,0.8,7.3,-1.0,1,1,4,0,2
data,500,60,expert,135.23,200,0.923,0.811,4.62,0.009,0.688,3,20,14.4,9.3,-1.0,1,1,4,1,0
marketing,20000,7,junior,19.68,2,0.605,0.488,3.58,0.266,0.512,0,20,3.2,1.3,0.039,1,1,1,1,3
design,1000,30,expert,78.23,105,0.979,0.728,4.65,0.03,0.661,7,10,0.5,9.0,-1.0,1,0,4,1,1
writing,2000,60,mid,23.55,1,0.769,0.767,4.48,0.132,0.724,3,20,1.6,3.3,0.471,1,1,2,1,4
design,500,14,junior,12.1,18,0.522,0.535,3.09,0.251,0.377,14,10,12.6,0.8,0.968,0,0,1,0,1
marketing,10000,30,mid,30.31,10,0.735,0.736,3.79,0.18,0.845,0,10,1.4,4.9,0.121,1,1,2,1,3
dev,500,90,mid,26.91,76,0.682,0.8,5.0,0.147,0.719,3,10,6.9,4.1,-0.153,1,1,2,1,2
design,5000,30,mid,21.7,116,0.775,0.774,4.26,0.079,0.579,3,30,0.4,5.4,0.174,1,1,2,1,1
marketing,2000,30,expert,122.24,152,0.998,1.0,4.88,0.045,0.816,1,40,1.2,6.1,-0.445,1,0,4,1,3
data,500,60,junior,9.25,36,0.612,0.517,2.98,0.159,0.542,1,40,0.3,0.3,0.74,1,1,1,1,0
writing,2000,14,senior,70.69,109,0.865,0.848,4.43,0.12,0.752,0,30,12.6,5.9,0.586,1,1,3,1,4
marketing,20000,30,expert,116.92,3,0.85,0.709,4.91,0.01,0.928,7,30,6.4,8.4,0.234,1,0,4,1,3
dev,2000,90,mid,54.51,18,0.873,0.876,3.97,0.158,0.806,0,10,0.3,5.1,0.91,1,1,2,1,2
design,5000,7,junior,13.46,12,0.509,0.67,3.57,0.236,0.535,0,20,10.6,2.2,0.108,1,1,1,0,1
writing,2000,90,senior,57.06,6,0.959,0.992,4.17,0.095,0.758,0,30,0.4,5.0,0.859,1,0,3,0,4
writing,5000,60,junior,9.32,17,0.691,0.567,2.95,0.19,0.695,3,30,11.1,3.2,0.075,1,0,1,0,4
dev,500,90,junior,11.17,9,0.607,0.622,3.56,0.22,0.536,0,20,5.0,1.6,0.894,1,1,1,1,2
data,2000,14,expert,121.18,138,1.0,0.905,4.68,0.062,0.85,3,10,4.5,8.2,-0.424,1,1,4,1,0
design,5000,60,expert,106.57,17,0.858,0.98,4.77,0.052,0.949,0,20,0.4,7.9,0.853,1,1,4,1,1
writing,5000,30,mid,21.7,116,0.775,0.774,4.26,0.079,0.579,3,30,0.4,5.4,0.174,1,0,2,0,4
data,500,14,mid,25.41,7,0.779,0.754,3.56,0.157,0.645,0,20,13.3,3.6,-0.033,1,0,2,1,0
data,5000,30,junior,19.88,12,0.667,0.439,2.97,0.146,0.604,0,10,3.6,2.3,0.159,1,1,1,1,0
marketing,500,90,junior,9.19,1,0.793,0.532,2.63,0.19,0.568,3,30,3.4,2.6,0.735,1,1,1,0,3
marketing,2000,30,expert,96.51,46,0.907,1.0,4.51,0.12,1.0,0,20,2.0,7.5,0.07,1,1,4,1,3
dev,2000,30,senior,74.2,1,0.932,0.794,4.76,0.074,0.757,7,10,5.0,4.4,0.516,1,1,3,0,2
marketing,10000,14,mid,30.31,10,0.735,0.736,3.79,0.18,0.845,0,10,1.4,4.9,0.121,1,1,2,0,3
design,5000,7,senior,46.14,108,0.959,0.944,4.03,0.126,0.613,3,20,0.5,7.5,0.369,1,1,3,0,1
marketing,10000,30,mid,42.65,24,0.798,0.674,3.68,0.171,0.797,14,20,4.8,3.7,0.171,1,1,2,0,3
marketing,2000,30,expert,69.76,55,1.0,0.767,4.27,0.06,0.748,14,40,2.6,8.9,0.605,1,1,4,1,3
writing,2000,30,junior,22.31,9,0.628,0.694,3.45,0.201,0.569,0,20,9.8,1.4,0.446,1,1,1,1,4
data,5000,14,expert,44.21,62,0.977,0.836,4.09,0.058,0.681,7,20,7.8,9.3,0.354,0,1,4,1,0
data,1000,14,senior,85.63,8,0.896,0.806,4.37,0.124,0.579,14,30,2.0,6.0,-1.0,0,1,3,1,0
dev,2000,14,senior,42.1,4,0.806,0.884,4.86,0.11,0.861,3,40,5.3,6.8,0.842,1,0,3,1,2
marketing,2000,90,junior,19.44,65,0.602,0.666,3.65,0.174,0.554,30,30,6.1,2.8,0.389,1,1,1,1,3
data,500,60,senior,54.59,9,0.767,0.951,4.46,0.17,0.819,0,30,0.8,6.5,-1.0,1,1,3,1,0
writing,500,90,senior,57.83,52,0.836,0.848,4.83,0.123,0.669,7,20,2.8,5.7,-1.0,1,1,3,0,4
dev,2000,60,mid,28.79,17,0.904,0.568,3.24,0.211,0.886,1,10,4.1,3.9,0.576,1,1,2,1,2
data,2000,60,expert,152.21,186,0.873,0.853,5.0,0.106,0.931,7,20,1.1,6.5,-1.0,1,1,4,1,0
marketing,20000,90,junior,9.27,14,0.775,0.429,3.19,0.175,0.733,1,10,22.3,2.6,0.019,1,1,1,1,3
design,1000,14,mid,34.12,8,0.829,0.619,3.83,0.174,0.739,14,30,12.2,2.8,0.635,0,1,2,0,1
marketing,500,60,mid,32.06,78,0.768,0.729,3.59,0.116,0.752,30,20,1.8,3.7,-0.565,0,1,2,1,3
dev,5000,30,junior,21.0,6,0.627,0.668,2.69,0.179,0.556,0,30,3.8,2.0,0.168,1,1,1,0,2
data,5000,30,junior,21.69,13,0.716,0.478,3.33,0.141,0.417,30,30,16.8,2.2,0.174,0,1,1,1,0
design,5000,60,junior,10.5,59,0.587,0.614,3.48,0.222,0.65,3,30,4.3,2.4,0.084,1,1,1,0,1
design,1000,7,mid,28.05,10,0.899,0.708,4.02,0.182,0.726,1,30,9.8,4.5,0.878,1,1,2,1,1
data,500,30,mid,44.59,9,0.864,0.831,4.0,0.136,0.763,0,20,11.2,5.2,-1.0,1,1,2,1,0
dev,1000,30,senior,45.25,10,0.739,0.894,4.01,0.094,0.855,0,20,3.6,5.0,0.19,1,1,3,1,2
dev,1000,30,senior,45.73,5,0.93,0.836,4.44,0.085,0.737,7,20,1.7,5.2,0.171,1,1,3,1,2
marketing,1000,14,junior,19.23,10,0.619,0.566,2.71,0.222,0.53,7,30,26.7,1.3,0.769,0,1,1,1,3
design,500,30,junior,18.9,5,0.73,0.628,3.32,0.192,0.512,7,20,5.9,1.9,0.488,1,1,1,1,1
design,2000,30,junior,8.66,17,0.749,0.696,3.13,0.226,0.75,3,30,1.4,0.9,0.173,1,1,1,0,1
writing,20000,90,mid,50.07,20,0.821,0.665,4.08,0.16,0.686,0,20,9.2,3.6,0.1,1,1,2,1,4
marketing,20000,7,mid,37.64,56,0.873,0.692,3.53,0.121,0.416,3,20,1.6,4.9,0.075,1,1,2,0,3
design,500,14,junior,10.5,59,0.587,0.614,3.48,0.222,0.65,3,30,4.3,2.4,0.84,1,1,1,1,1
dev,500,90,junior,27.53,29,0.648,0.422,3.15,0.21,0.601,30,20,4.8,2.3,-0.202,1,1,1,0,2
data,2000,14,senior,46.14,108,0.959,0.944,4.03,0.126,0.613,3,20,0.5,7.5,0.923,1,0,3,1,0
design,500,30,mid,26.22,27,0.759,0.875,4.65,0.166,0.74,14,30,20.6,4.0,-0.098,1,1,2,1,1
design,500,30,mid,51.16,70,0.906,0.566,3.68,0.158,0.51,1,20,0.6,3.1,-1.0,1,0,2,1,1
writing,500,30,senior,85.95,8,0.636,0.724,4.18,0.152,0.808,0,30,7.3,4.4,-1.0,1,1,3,1,4
design,2000,14,mid,34.12,8,0.829,0.619,3.83,0.174,0.739,14,30,12.2,2.8,0.682,0,1,2,1,1
writing,2000,30,senior,70.69,109,0.865,0.848,4.43,0.12,0.752,0,30,12.6,5.9,0.586,1,1,3,0,4
dev,5000,60,expert,84.61,41,0.969,0.998,4.42,0.017,0.833,7,20,1.8,8.0,0.677,1,1,4,1,2
design,2000,30,mid,28.05,10,0.899,0.708,4.02,0.182,0.726,1,30,9.8,4.5,0.561,1,1,2,1,1
marketing,1000,60,senior,76.45,22,0.855,0.967,4.72,0.012,0.68,0,30,2.4,6.9,-1.0,1,1,3,0,3
writing,500,60,mid,46.87,157,0.882,0.809,4.22,0.158,0.584,0,40,0.9,4.3,-1.0,1,0,2,1,4
dev,2000,30,expert,127.78,6,1.0,0.975,4.5,0.037,0.801,1,20,15.6,8.0,-0.556,1,1,4,1,2
writing,1000,30,mid,38.36,38,0.84,0.584,4.26,0.19,0.642,1,20,0.1,3.4,0.466,1,1,2,1,4
marketing,500,14,senior,93.43,63,0.952,0.759,4.37,0.158,0.755,3,30,3.8,5.0,-1.0,1,1,3,1,3
design,1000,30,expert,106.57,17,0.858,0.98,4.77,0.052,0.949,0,20,0.4,7.9,-1.0,1,1,4,1,1
marketing,5000,30,senior,80.08,21,0.951,0.876,3.97,0.06,0.778,3,40,8.3,6.3,0.641,1,0,3,1,3
marketing,2000,30,junior,19.45,3,0.627,0.555,3.46,0.147,0.714,0,10,4.1,1.0,0.389,1,1,1,1,3
design,1000,60,junior,10.52,67,0.624,0.506,2.99,0.218,0.545,0,10,9.9,1.2,0.421,1,1,1,1,1
data,2000,14,junior,14.81,40,0.699,0.609,3.17,0.188,0.574,1,10,6.2,0.6,0.296,1,1,1,1,0
marketing,20000,60,senior,55.62,69,0.684,0.837,4.56,0.104,0.613,1,30,0.8,6.1,0.111,1,1,3,1,3
marketing,5000,30,junior,8.0,24,0.562,0.664,3.14,0.231,0.471,0,10,5.3,1.5,0.064,1,0,1,1,3
data,2000,60,junior,20.37,42,0.59,0.567,3.38,0.227,0.525,0,30,3.6,0.8,0.407,1,0,1,1,0
dev,20000,7,junior,16.85,59,0.747,0.525,3.13,0.174,0.551,30,10,8.4,0.0,0.034,0,1,1,1,2
data,2000,60,senior,85.63,8,0.896,0.806,4.37,0.124,0.579,14,30,2.0,6.0,0.287,1,1,3,1,0
data,5000,60,senior,30.32,61,0.833,0.834,4.98,0.154,0.855,3,10,2.5,6.6,0.243,1,1,3,1,0
dev,5000,14,mid,41.62,25,0.703,0.848,3.68,0.093,0.579,0,40,1.8,4.4,0.333,1,1,2,1,2
dev,2000,60,senior,28.15,12,0.87,0.747,4.1,0.158,0.824,1,40,15.4,4.3,0.563,1,1,3,1,2
data,500,7,junior,24.73,17,0.746,0.448,3.03,0.211,0.707,3,20,1.9,1.9,0.022,1,1,1,1,0
data,1000,14,senior,65.16,21,0.749,0.842,4.53,0.104,0.747,3,10,0.0,5.0,-0.606,1,0,3,0,0
marketing,1000,60,senior,77.28,99,0.868,0.872,4.52,0.152,0.797,3,40,4.1,5.6,-1.0,1,1,3,1,3
marketing,10000,90,senior,68.52,22,0.993,0.874,4.14,0.15,0.889,0,40,0.4,4.8,0.274,1,1,3,1,3
marketing,10000,14,expert,132.56,11,0.935,1.0,4.68,0.085,0.786,1,20,4.2,7.7,0.53,1,1,4,1,3
writing,1000,14,expert,107.25,200,0.954,0.853,4.46,0.086,0.828,3,30,0.9,8.9,-1.0,1,1,4,1,4
marketing,10000,60,mid,24.93,33,0.672,0.761,3.83,0.165,0.651,0,30,14.3,4.7,0.1,1,1,2,1,3
data,1000,14,mid,36.35,5,0.716,0.705,3.54,0.213,0.611,0,20,15.7,4.7,0.546,1,1,2,1,0
design,2000,7,senior,68.73,85,0.885,0.839,4.48,0.081,0.748,7,30,0.3,6.4,0.625,0,1,3,1,1
data,500,14,mid,54.04,164,0.753,0.633,4.29,0.147,0.569,3,20,0.2,4.4,-1.0,1,1,2,1,0
writing,10000,7,mid,54.51,18,0.873,0.876,3.97,0.158,0.806,0,10,0.3,5.1,0.218,1,0,2,0,4
dev,5000,30,mid,22.01,53,0.807,0.717,3.86,0.204,0.72,0,10,9.7,3.4,0.176,1,1,2,0,2
dev,500,30,mid,36.03,21,0.76,0.762,3.99,0.188,0.494,1,40,2.2,4.1,-0.882,1,1,2,0,2
writing,2000,30,expert,69.5,200,0.902,0.851,4.38,0.015,0.831,0,20,2.4,8.3,0.61,1,0,4,1,4
design,1000,14,senior,93.34,14,0.867,0.747,5.0,0.08,0.897,3,20,1.2,7.6,-1.0,1,1,3,1,1
marketing,1000,30,mid,16.92,3,0.844,0.666,3.67,0.206,0.595,0,10,4.4,4.4,0.677,1,1,2,1,3
data,5000,30,mid,32.59,23,0.801,0.803,3.58,0.133,0.615,14,30,3.7,3.7,0.261,1,1,2,1,0
design,1000,60,mid,41.12,114,0.809,0.87,3.1,0.187,0.428,3,30,6.7,4.0,0.355,1,1,2,1,1
design,10000,90,mid,41.12,114,0.809,0.87,3.1,0.187,0.428,3,30,6.7,4.0,0.164,1,1,2,1,1
data,5000,30,junior,17.87,1,0.602,0.676,3.69,0.223,0.478,1,20,15.9,4.4,0.143,1,0,1,0,0
data,5000,90,expert,152.55,161,0.894,0.889,4.43,0.041,0.936,1,30,2.5,9.2,0.78,1,1,4,1,0
dev,500,60,mid,25.71,12,0.805,0.531,3.93,0.149,0.698,14,40,10.8,2.7,-0.057,1,1,2,1,2
marketing,1000,7,expert,76.88,13,0.809,0.871,5.0,0.113,0.928,3,30,1.0,7.7,-1.0,1,1,4,1,3
marketing,2000,30,senior,44.58,139,0.866,0.964,4.12,0.06,0.782,3,30,21.9,5.6,0.892,1,1,3,1,3
data,10000,30,junior,13.64,0,0.0,0.0,0.0,0.0,0.0,0,40,1.7,3.0,0.055,1,1,1,0,0
data,2000,60,junior,8.0,4,0.634,0.56,3.66,0.259,0.645,0,20,0.9,4.2,0.16,1,1,1,1,0
marketing,1000,30,mid,29.66,49,0.711,0.843,3.79,0.127,0.753,1,30,13.3,3.5,0.814,1,1,2,1,3
writing,500,14,mid,23.55,1,0.769,0.767,4.48,0.132,0.724,3,20,1.6,3.3,0.116,1,1,2,0,4
marketing,20000,14,junior,17.87,1,0.602,0.676,3.69,0.223,0.478,1,20,15.9,4.4,0.036,1,1,1,1,3
design,1000,90,junior,10.02,11,0.675,0.712,2.92,0.218,0.541,3,10,0.8,2.5,0.401,1,1,1,0,1
marketing,1000,14,mid,49.36,2,0.643,0.652,3.65,0.151,0.646,3,20,1.9,3.1,0.026,1,1,2,0,3
writing,5000,60,mid,26.42,105,0.737,0.739,3.26,0.168,0.767,0,10,21.9,3.3,0.211,1,1,2,1,4
writing,2000,60,mid,8.16,40,0.791,0.639,4.02,0.131,0.391,7,10,3.4,2.8,0.163,1,1,2,0,4
data,2000,30,senior,27.63,15,1.0,0.777,3.63,0.151,0.873,0,20,14.0,5.5,0.553,1,1,3,1,0
design,2000,7,expert,96.13,13,0.889,0.816,4.78,0.013,0.926,0,40,0.1,7.6,0.077,1,0,4,1,1
data,2000,14,mid,38.56,7,0.794,0.853,4.14,0.124,0.929,1,40,10.6,4.3,0.771,1,1,2,0,0
writing,2000,90,mid,33.19,43,0.791,0.63,4.01,0.146,0.758,0,30,13.1,2.9,0.664,1,0,2,0,4
writing,500,30,senior,57.83,52,0.836,0.848,4.83,0.123,0.669,7,20,2.8,5.7,-1.0,1,1,3,1,4
data,500,30,junior,14.81,40,0.699,0.609,3.17,0.188,0.574,1,10,6.2,0.6,0.815,1,1,1,0,0
design,10000,30,junior,13.46,12,0.509,0.67,3.57,0.236,0.535,0,20,10.6,2.2,0.054,1,1,1,0,1
marketing,500,7,junior,13.92,25,0.62,0.623,3.35,0.249,0.449,0,20,13.6,2.3,0.886,1,1,1,0,3
writing,20000,90,senior,71.45,38,0.852,0.973,4.08,0.065,0.779,0,40,3.3,5.2,0.143,1,0,3,1,4
marketing,20000,60,senior,91.75,135,0.894,0.76,4.27,0.088,0.634,7,40,0.0,3.3,0.184,1,1,3,1,3
writing,20000,30,junior,10.64,20,0.854,0.641,3.48,0.235,0.504,14,30,4.9,0.9,0.021,1,0,1,1,4
dev,2000,7,junior,8.0,11,0.706,0.857,3.45,0.14,0.514,0,30,0.7,2.1,0.16,1,0,1,1,2
data,2000,60,mid,35.75,11,0.917,0.817,3.74,0.221,0.895,30,20,3.9,4.6,0.715,0,0,2,1,0
marketing,2000,30,mid,33.99,89,0.879,0.729,3.74,0.189,0.631,7,20,4.5,2.6,0.68,1,0,2,1,3
data,2000,90,mid,28.93,6,0.821,0.51,4.05,0.173,0.547,0,40,0.1,3.7,0.579,1,1,2,0,0
marketing,2000,30,senior,69.1,27,0.767,0.659,4.55,0.074,0.889,14,10,7.6,4.3,0.618,1,0,3,0,3
dev,500,60,junior,11.79,3,0.624,0.808,3.4,0.213,0.653,0,10,1.9,2.2,0.943,1,1,1,1,2
writing,2000,30,mid,37.17,91,0.667,0.79,3.07,0.149,0.618,1,40,0.6,2.7,0.743,1,0,2,0,4
marketing,5000,30,expert,76.88,13,0.809,0.871,5.0,0.113,0.928,3,30,1.0,7.7,0.615,1,1,4,1,3
design,1000,30,senior,79.18,57,0.924,0.934,4.18,0.094,0.944,0,30,2.0,6.6,-1.0,1,1,3,1,1
data,1000,7,senior,117.35,27,0.889,0.746,4.56,0.114,0.832,0,20,12.4,5.0,-1.0,1,1,3,1,0
dev,20000,90,junior,9.03,19,0.71,0.667,2.63,0.181,0.74,1,30,0.1,3.0,0.018,1,1,1,1,2
writing,1000,7,senior,35.11,25,0.902,0.931,4.53,0.11,0.939,1,20,12.7,7.3,0.596,1,0,3,1,4
design,500,60,mid,15.29,175,0.858,0.655,3.35,0.14,0.62,14,40,11.8,5.1,0.777,1,1,2,1,1
dev,5000,30,senior,53.0,200,0.786,0.907,4.68,0.147,0.828,1,40,7.7,5.6,0.424,1,0,3,1,2
dev,2000,60,mid,27.57,3,0.832,0.85,3.68,0.112,0.753,30,20,27.8,2.2,0.551,0,1,2,0,2
writing,5000,7,mid,50.07,20,0.821,0.665,4.08,0.16,0.686,0,20,9.2,3.6,0.401,1,1,2,0,4
dev,500,14,expert,110.14,65,0.91,0.934,4.98,0.018,0.949,0,20,11.7,7.8,-1.0,1,0,4,1,2
marketing,500,30,junior,17.35,7,0.64,0.534,3.16,0.172,0.662,7,20,4.0,1.4,0.612,1,1,1,1,3
dev,500,30,mid,26.42,105,0.737,0.739,3.26,0.168,0.767,0,10,21.9,3.3,-0.114,1,0,2,0,2
marketing,1000,60,senior,93.74,21,0.95,0.689,4.22,0.099,0.856,3,30,2.8,6.9,-1.0,1,1,3,1,3
dev,2000,30,mid,38.36,40,0.796,0.722,3.93,0.136,0.732,0,20,4.1,3.2,0.767,1,1,2,1,2
marketing,10000,60,expert,69.5,200,0.902,0.851,4.38,0.015,0.831,0,20,2.4,8.3,0.278,1,1,4,1,3
data,2000,60,senior,49.19,174,0.909,0.865,4.21,0.106,0.769,7,30,1.5,8.1,0.984,1,0,3,1,0
marketing,1000,14,junior,14.83,5,0.559,0.514,2.67,0.226,0.457,3,40,8.5,0.8,0.593,1,1,1,1,3
design,2000,30,mid,26.38,173,0.715,0.812,3.99,0.151,0.582,0,20,1.6,5.3,0.528,1,1,2,1,1
dev,2000,90,expert,97.34,4,0.94,0.899,3.98,0.039,0.793,1,10,0.8,7.3,0.053,1,1,4,1,2
dev,500,30,senior,77.72,103,0.776,0.852,4.6,0.099,0.853,0,20,6.2,6.6,-1.0,1,1,3,1,2
marketing,500,30,expert,88.37,67,0.974,1.0,4.81,0.069,0.94,0,10,1.0,8.1,-1.0,1,0,4,1,3
writing,500,60,expert,78.05,200,1.0,0.913,4.72,0.0,0.849,0,30,0.8,8.3,-1.0,1,1,4,1,4
data,2000,60,senior,57.97,71,0.75,0.847,4.1,0.151,0.862,1,20,2.4,5.7,0.841,1,0,3,0,0
writing,10000,30,junior,20.38,2,0.705,0.414,3.35,0.21,0.473,0,20,5.8,2.1,0.082,1,1,1,1,4
dev,5000,14,senior,82.33,33,0.841,0.838,5.0,0.058,0.942,7,20,3.7,7.3,0.659,0,1,3,1,2
writing,1000,14,mid,17.47,36,0.632,0.742,3.9,0.143,0.779,0,30,17.0,3.1,0.699,1,1,2,0,4
writing,2000,60,mid,8.16,40,0.791,0.639,4.02,0.131,0.391,7,10,3.4,2.8,0.163,1,1,2,1,4
design,1000,7,mid,38.29,4,0.779,0.796,4.85,0.152,0.557,0,20,9.8,2.3,0.468,1,0,2,0,1
marketing,10000,60,junior,17.35,7,0.64,0.534,3.16,0.172,0.662,7,20,4.0,1.4,0.069,1,1,1,1,3
data,2000,14,junior,18.9,5,0.73,0.628,3.32,0.192,0.512,7,20,5.9,1.9,0.378,0,0,1,1,0
dev,20000,7,senior,75.08,6,0.835,0.808,4.07,0.128,0.786,7,40,11.0,7.0,0.15,0,1,3,1,2
writing,1000,60,senior,85.95,8,0.636,0.724,4.18,0.152,0.808,0,30,7.3,4.4,-1.0,1,1,3,1,4
writing,2000,14,mid,33.08,71,0.832,0.691,4.32,0.127,0.705,0,10,5.2,5.4,0.662,1,0,2,1,4
data,2000,30,expert,72.72,112,0.932,0.688,4.62,0.148,0.706,3,20,5.6,7.8,0.546,1,0,4,1,0
design,5000,30,junior,14.19,12,0.549,0.659,3.36,0.213,0.563,14,30,10.8,1.4,0.114,1,0,1,1,1
dev,20000,14,junior,15.83,44,0.644,0.721,3.21,0.16,0.207,3,20,2.7,0.2,0.032,1,1,1,1,2
design,500,60,expert,103.62,67,1.0,0.999,4.91,0.016,0.993,0,30,44.7,6.9,-1.0,1,1,4,1,1
writing,1000,14,senior,51.22,66,0.877,0.845,4.41,0.106,0.621,3,30,4.9,5.3,-0.049,1,1,3,0,4
data,1000,7,junior,9.32,17,0.691,0.567,2.95,0.19,0.695,3,30,11.1,3.2,0.373,1,1,1,1,0
dev,2000,30,junior,8.0,24,0.562,0.664,3.14,0.231,0.471,0,10,5.3,1.5,0.16,1,0,1,1,2
design,500,30,junior,12.19,5,0.744,0.732,2.72,0.249,0.582,1,20,0.6,1.9,0.975,1,1,1,1,1
writing,2000,14,mid,24.92,186,0.945,0.646,4.05,0.132,0.642,14,40,3.3,2.3,0.498,0,1,2,1,4
writing,1000,7,mid,36.77,27,0.613,0.902,3.79,0.159,0.675,0,10,7.7,3.6,0.529,1,1,2,1,4
data,1000,30,senior,42.1,4,0.806,0.884,4.86,0.11,0.861,3,40,5.3,6.8,0.316,1,1,3,0,0
marketing,2000,90,junior,13.92,25,0.62,0.623,3.35,0.249,0.449,0,20,13.6,2.3,0.278,1,1,1,0,3
writing,500,7,mid,30.46,4,0.925,0.716,3.83,0.151,0.688,7,20,2.5,3.9,-0.437,0,1,2,0,4
marketing,5000,30,junior,8.0,4,0.634,0.56,3.66,0.259,0.645,0,20,0.9,4.2,0.064,1,0,1,1,3
data,10000,30,mid,33.19,43,0.791,0.63,4.01,0.146,0.758,0,30,13.1,2.9,0.133,1,1,2,1,0
design,1000,14,mid,30.99,26,0.9,0.849,4.52,0.133,0.655,0,40,7.0,3.7,0.76,1,1,2,1,1
dev,500,30,expert,82.97,1,1.0,0.732,5.0,0.084,0.733,14,10,1.6,9.0,-1.0,1,1,4,0,2
writing,2000,30,mid,34.49,28,0.778,0.791,4.09,0.157,0.759,14,40,1.9,3.8,0.69,1,1,2,1,4
writing,5000,30,senior,50.95,169,0.858,0.873,3.41,0.114,0.873,7,20,4.7,5.0,0.408,1,1,3,1,4
marketing,5000,90,senior,65.17,2,0.861,0.909,4.45,0.101,0.829,1,40,6.7,5.9,0.521,1,1,3,1,3
dev,1000,60,junior,16.55,3,0.677,0.599,3.56,0.166,0.472,7,20,6.0,2.8,0.662,1,1,1,0,2
marketing,5000,14,senior,76.1,16,0.882,0.759,4.7,0.086,0.623,14,20,3.0,5.0,0.609,0,1,3,1,3
writing,500,60,junior,19.17,9,0.659,0.557,3.74,0.161,0.705,1,20,4.1,1.0,0.466,1,1,1,1,4
marketing,5000,60,junior,17.35,7,0.64,0.534,3.16,0.172,0.662,7,20,4.0,1.4,0.139,1,1,1,1,3
marketing,10000,90,expert,69.76,55,1.0,0.767,4.27,0.06,0.748,14,40,2.6,8.9,0.279,1,1,4,1,3
design,20000,30,mid,30.99,26,0.9,0.849,4.52,0.133,0.655,0,40,7.0,3.7,0.062,1,1,2,1,1
design,500,14,mid,31.69,140,0.761,0.662,4.29,0.18,0.817,7,40,7.1,3.5,-0.535,0,1,2,0,1
data,500,60,mid,20.65,1,0.681,0.846,4.17,0.141,0.633,3,10,0.6,4.6,0.348,1,1,2,1,0
dev,10000,30,mid,32.55,11,0.824,0.86,3.96,0.133,0.731,7,20,3.1,3.8,0.13,1,1,2,0,2
data,2000,14,expert,154.05,25,0.968,0.855,4.39,0.057,0.968,14,40,1.4,8.8,-1.0,0,1,4,1,0
dev,5000,30,expert,100.27,4,0.899,0.968,5.0,0.087,0.954,30,30,5.8,7.8,0.802,0,1,4,1,2
dev,500,60,senior,29.47,116,0.814,0.813,3.8,0.09,0.877,0,40,3.3,5.3,-0.358,1,1,3,1,2
dev,2000,30,mid,25.41,7,0.779,0.754,3.56,0.157,0.645,0,20,13.3,3.6,0.508,1,1,2,1,2
marketing,1000,30,mid,49.36,2,0.643,0.652,3.65,0.151,0.646,3,20,1.9,3.1,0.026,1,1,2,0,3
writing,2000,60,mid,22.46,32,0.791,0.887,4.0,0.143,0.803,1,20,1.3,3.8,0.449,1,1,2,1,4
dev,5000,30,junior,8.0,1,0.606,0.698,3.29,0.166,0.631,3,40,7.7,1.6,0.064,1,1,1,1,2
dev,5000,60,mid,41.62,25,0.703,0.848,3.68,0.093,0.579,0,40,1.8,4.4,0.333,1,1,2,1,2
marketing,10000,30,junior,15.64,34,0.597,0.588,3.71,0.179,0.397,14,20,14.7,2.6,0.063,1,1,1,1,3
design,500,14,junior,8.0,21,0.768,0.577,3.63,0.144,0.694,1,10,3.4,3.4,0.64,1,1,1,1,1
dev,1000,7,mid,42.22,0,0.0,0.0,0.0,0.0,0.0,7,40,0.2,4.4,0.311,0,1,2,0,2
marketing,1000,30,senior,65.17,2,0.861,0.909,4.45,0.101,0.829,1,40,6.7,5.9,-0.607,1,1,3,1,3
marketing,2000,14,senior,43.23,120,0.893,0.793,4.3,0.068,0.559,3,40,0.9,7.1,0.865,1,1,3,1,3
writing,5000,7,junior,11.63,30,0.598,0.519,3.17,0.176,0.597,7,40,0.9,0.0,0.093,0,1,1,1,4
writing,5000,60,junior,22.31,9,0.628,0.694,3.45,0.201,0.569,0,20,9.8,1.4,0.178,1,1,1,0,4
marketing,500,30,junior,16.84,11,0.723,0.573,3.35,0.219,0.371,0,20,9.9,2.6,0.653,1,1,1,0,3
writing,500,14,junior,16.87,17,0.58,0.716,3.24,0.226,0.496,7,30,1.4,1.9,0.65,0,1,1,1,4
dev,1000,14,mid,35.2,120,0.588,0.689,4.5,0.19,0.661,1,30,13.3,3.9,0.592,1,0,2,1,2
dev,2000,14,expert,90.27,1,0.972,0.88,4.95,0.108,0.871,3,40,17.3,8.3,0.195,1,1,4,1,2
design,500,30,expert,109.73,60,0.786,0.762,4.52,0.125,0.826,0,30,7.1,8.3,-1.0,1,1,4,1,1
marketing,2000,30,mid,30.31,10,0.735,0.736,3.79,0.18,0.845,0,10,1.4,4.9,0.606,1,1,2,0,3
dev,20000,90,junior,14.19,12,0.549,0.659,3.36,0.213,0.563,14,30,10.8,1.4,0.028,1,1,1,0,2
marketing,5000,60,senior,55.62,69,0.684,0.837,4.56,0.104,0.613,1,30,0.8,6.1,0.445,1,1,3,1,3
design,500,7,junior,8.66,17,0.749,0.696,3.13,0.226,0.75,3,30,1.4,0.9,0.693,1,1,1,1,1
design,500,60,mid,35.53,11,0.698,0.612,4.08,0.203,0.613,0,30,0.5,2.3,-0.842,1,1,2,1,1
data,1000,30,mid,44.67,42,0.72,0.655,3.88,0.148,0.664,14,30,1.9,5.6,0.213,1,1,2,0,0
design,500,60,junior,17.77,3,0.695,0.555,3.89,0.219,0.415,0,30,0.3,2.9,0.578,1,1,1,1,1
data,5000,30,expert,101.71,65,0.959,1.0,4.29,0.053,0.702,1,30,2.8,7.1,0.814,1,1,4,1,0
data,2000,60,senior,32.11,49,0.877,0.781,5.0,0.043,1.0,1,30,1.6,6.1,0.642,1,0,3,0,0
design,1000,30,expert,108.7,71,0.915,1.0,4.27,0.0,0.795,7,20,2.4,6.4,-1.0,1,1,4,1,1
dev,1000,60,senior,83.65,61,0.863,0.823,4.79,0.077,0.846,3,10,1.8,5.1,-1.0,1,1,3,1,2
data,500,7,senior,79.1,41,0.954,0.84,4.19,0.104,0.726,7,30,34.9,7.6,-1.0,0,0,3,0,0
data,2000,14,expert,112.75,1,0.846,0.965,4.61,0.035,0.834,14,10,6.9,10.0,-0.255,0,1,4,0,0
data,10000,14,mid,8.88,5,0.707,0.763,4.59,0.171,0.784,14,20,7.9,4.8,0.036,0,0,2,1,0
dev,10000,30,expert,76.54,45,0.881,0.96,4.65,0.045,0.855,0,20,0.5,7.6,0.306,1,1,4,1,2
design,5000,60,mid,36.81,36,0.783,0.743,4.61,0.176,0.557,3,30,1.0,4.9,0.294,1,1,2,0,1
data,2000,30,junior,19.65,21,0.685,0.721,3.13,0.231,0.579,14,40,0.5,1.3,0.393,1,1,1,0,0
marketing,1000,30,senior,99.75,62,0.795,0.853,4.77,0.066,0.781,0,10,1.1,7.3,-1.0,1,1,3,1,3
data,2000,60,expert,112.75,1,0.846,0.965,4.61,0.035,0.834,14,10,6.9,10.0,-0.255,1,1,4,1,0
data,500,30,mid,20.65,1,0.681,0.846,4.17,0.141,0.633,3,10,0.6,4.6,0.348,1,1,2,1,0
writing,500,60,mid,30.46,4,0.925,0.716,3.83,0.151,0.688,7,20,2.5,3.9,-0.437,1,1,2,0,4
marketing,2000,30,junior,14.11,54,0.579,0.717,3.46,0.135,0.497,0,40,9.2,2.0,0.282,1,1,1,1,3
dev,2000,60,mid,23.56,29,0.921,0.742,4.13,0.135,0.699,0,20,4.7,3.3,0.471,1,1,2,1,2
marketing,10000,30,senior,79.1,41,0.954,0.84,4.19,0.104,0.726,7,30,34.9,7.6,0.316,1,1,3,0,3
dev,2000,60,expert,93.25,82,0.99,0.907,3.61,0.057,0.87,14,40,2.9,8.6,0.135,1,1,4,1,2
marketing,1000,14,senior,44.58,139,0.866,0.964,4.12,0.06,0.782,3,30,21.9,5.6,0.217,1,1,3,1,3
data,1000,60,mid,18.68,34,0.768,0.695,3.3,0.15,0.875,0,30,10.6,3.9,0.747,1,1,2,0,0
dev,500,60,junior,8.0,3,0.52,0.617,2.28,0.184,0.712,7,30,10.4,2.3,0.64,1,1,1,1,2
writing,1000,30,junior,16.87,17,0.58,0.716,3.24,0.226,0.496,7,30,1.4,1.9,0.675,1,1,1,1,4
data,1000,14,mid,21.93,11,0.816,0.689,4.12,0.118,0.616,1,10,6.7,4.9,0.877,1,1,2,1,0
writing,5000,30,senior,70.69,109,0.865,0.848,4.43,0.12,0.752,0,30,12.6,5.9,0.566,1,1,3,1,4
design,1000,30,mid,26.22,27,0.759,0.875,4.65,0.166,0.74,14,30,20.6,4.0,0.951,1,1,2,1,1
design,2000,60,expert,69.76,55,1.0,0.767,4.27,0.06,0.748,14,40,2.6,8.9,0.605,1,0,4,1,1
marketing,2000,90,senior,85.95,8,0.636,0.724,4.18,0.152,0.808,0,30,7.3,4.4,0.281,1,0,3,0,3
marketing,10000,30,senior,45.25,10,0.739,0.894,4.01,0.094,0.855,0,20,3.6,5.0,0.181,1,0,3,0,3
dev,5000,60,senior,75.08,6,0.835,0.808,4.07,0.128,0.786,7,40,11.0,7.0,0.601,1,1,3,1,2
marketing,1000,60,senior,42.04,67,0.902,0.858,4.27,0.082,0.773,0,40,0.8,7.3,0.318,1,1,3,1,3
data,500,14,mid,30.46,4,0.925,0.716,3.83,0.151,0.688,7,20,2.5,3.9,-0.437,0,0,2,1,0
marketing,500,60,senior,55.62,69,0.684,0.837,4.56,0.104,0.613,1,30,0.8,6.1,-1.0,1,1,3,1,3
design,20000,90,expert,104.45,60,0.945,0.793,4.57,0.054,0.923,3,40,0.4,8.2,0.209,1,1,4,1,1
writing,5000,60,senior,70.69,109,0.865,0.848,4.43,0.12,0.752,0,30,12.6,5.9,0.566,1,1,3,1,4
marketing,1000,90,mid,25.96,24,0.715,0.656,4.16,0.193,0.638,1,30,1.4,3.6,0.962,1,1,2,1,3
marketing,5000,30,senior,71.1,3,0.812,0.835,4.55,0.133,0.781,7,10,1.5,5.5,0.569,1,0,3,1,3
dev,20000,30,mid,33.99,89,0.879,0.729,3.74,0.189,0.631,7,20,4.5,2.6,0.068,1,1,2,1,2
data,1000,14,senior,54.59,9,0.767,0.951,4.46,0.17,0.819,0,30,0.8,6.5,-0.184,1,1,3,1,0
dev,5000,30,senior,35.11,25,0.902,0.931,4.53,0.11,0.939,1,20,12.7,7.3,0.281,1,1,3,1,2
design,10000,14,expert,106.57,17,0.858,0.98,4.77,0.052,0.949,0,20,0.4,7.9,0.426,1,1,4,1,1
design,1000,90,senior,85.04,67,0.906,0.924,4.31,0.122,0.686,14,30,7.2,5.8,-1.0,1,1,3,0,1
dev,5000,30,senior,87.16,72,0.897,1.0,5.0,0.058,0.611,1,40,1.1,6.8,0.697,1,0,3,1,2
design,10000,14,mid,28.05,10,0.899,0.708,4.02,0.182,0.726,1,30,9.8,4.5,0.112,1,1,2,1,1
design,5000,60,junior,8.66,17,0.749,0.696,3.13,0.226,0.75,3,30,1.4,0.9,0.069,1,1,1,1,1
design,1000,30,mid,34.43,4,0.787,0.623,4.28,0.22,0.678,0,30,11.0,4.5,0.623,1,1,2,1,1
design,10000,30,senior,29.47,116,0.814,0.813,3.8,0.09,0.877,0,40,3.3,5.3,0.118,1,0,3,0,1
marketing,10000,7,mid,42.65,24,0.798,0.674,3.68,0.171,0.797,14,20,4.8,3.7,0.171,0,1,2,1,3
data,2000,60,mid,38.57,5,0.66,0.789,3.8,0.195,0.625,0,20,9.9,3.4,0.771,1,1,2,1,0
dev,1000,30,expert,127.78,6,1.0,0.975,4.5,0.037,0.801,1,20,15.6,8.0,-1.0,1,1,4,1,2
writing,5000,7,mid,26.42,105,0.737,0.739,3.26,0.168,0.767,0,10,21.9,3.3,0.211,1,1,2,1,4
writing,1000,30,mid,47.35,6,0.893,0.807,3.84,0.159,0.62,14,30,6.6,4.1,0.106,1,1,2,0,4
design,2000,60,senior,32.11,49,0.877,0.781,5.0,0.043,1.0,1,30,1.6,6.1,0.642,1,1,3,1,1
marketing,2000,60,junior,9.27,14,0.775,0.429,3.19,0.175,0.733,1,10,22.3,2.6,0.185,1,1,1,1,3
writing,5000,30,mid,26.42,105,0.737,0.739,3.26,0.168,0.767,0,10,21.9,3.3,0.211,1,1,2,1,4
marketing,1000,30,expert,79.27,22,0.823,0.965,5.0,0.051,0.678,3,30,0.1,8.5,-1.0,1,0,4,1,3
writing,2000,14,mid,51.16,70,0.906,0.566,3.68,0.158,0.51,1,20,0.6,3.1,0.977,1,1,2,0,4
marketing,2000,14,junior,15.64,34,0.597,0.588,3.71,0.179,0.397,14,20,14.7,2.6,0.313,0,1,1,1,3
marketing,500,90,mid,51.54,111,0.711,0.884,4.0,0.138,0.68,0,30,0.1,4.1,-1.0,1,1,2,1,3
dev,2000,30,senior,45.8,18,0.925,0.809,4.96,0.063,0.894,1,40,1.7,7.2,0.916,1,0,3,1,2
data,1000,90,mid,32.59,23,0.801,0.803,3.58,0.133,0.615,14,30,3.7,3.7,0.696,1,1,2,1,0
data,500,30,mid,21.93,11,0.816,0.689,4.12,0.118,0.616,1,10,6.7,4.9,0.246,1,1,2,0,0
dev,500,30,senior,58.15,4,0.746,0.86,3.78,0.117,0.699,14,30,7.9,5.1,-1.0,1,0,3,0,2
marketing,5000,60,senior,93.74,21,0.95,0.689,4.22,0.099,0.856,3,30,2.8,6.9,0.75,1,1,3,1,3
writing,1000,60,junior,13.85,1,0.67,0.557,4.12,0.193,0.624,0,30,3.7,3.3,0.554,1,1,1,0,4
dev,1000,30,junior,11.02,30,0.562,0.479,3.36,0.189,0.7,3,10,8.7,2.0,0.441,1,1,1,1,2
design,500,30,expert,96.65,60,0.868,0.839,4.46,0.012,0.889,0,40,2.7,6.6,-1.0,1,0,4,0,1
design,500,30,mid,54.5,40,0.815,0.583,4.44,0.182,0.609,3,40,13.7,5.0,-1.0,1,1,2,0,1
marketing,5000,14,junior,20.32,92,0.57,0.652,3.6,0.205,0.665,0,30,2.5,0.8,0.163,1,1,1,0,3
data,1000,60,junior,23.02,24,0.679,0.477,2.85,0.193,0.558,7,40,4.0,1.7,0.921,1,1,1,1,0
design,1000,30,mid,28.05,10,0.899,0.708,4.02,0.182,0.726,1,30,9.8,4.5,0.878,1,1,2,1,1
writing,1000,60,expert,111.44,200,0.927,0.955,4.52,0.038,0.879,3,10,10.9,9.4,-1.0,1,1,4,1,4
writing,500,7,junior,13.85,1,0.67,0.557,4.12,0.193,0.624,0,30,3.7,3.3,0.892,1,1,1,1,4
marketing,2000,30,junior,20.79,19,0.593,0.497,2.35,0.238,0.517,1,30,13.7,1.7,0.416,1,1,1,0,3
marketing,2000,60,mid,21.84,38,0.82,0.793,3.4,0.105,0.605,0,40,2.0,3.3,0.437,1,0,2,0,3
data,20000,14,senior,42.1,4,0.806,0.884,4.86,0.11,0.861,3,40,5.3,6.8,0.084,1,1,3,1,0
data,10000,7,mid,49.38,13,0.708,0.811,3.95,0.111,0.768,0,30,2.0,2.6,0.198,1,1,2,0,0
marketing,500,30,junior,8.26,31,0.752,0.666,2.74,0.223,0.453,14,10,12.1,1.0,0.661,1,0,1,1,3
design,500,14,junior,21.46,59,0.504,0.601,2.94,0.203,0.343,0,20,10.3,0.1,0.283,1,1,1,1,1
design,500,14,junior,9.03,19,0.71,0.667,2.63,0.181,0.74,1,30,0.1,3.0,0.722,1,0,1,1,1
writing,1000,14,mid,36.96,48,0.618,0.753,3.59,0.143,0.73,3,40,4.3,3.0,0.522,1,0,2,0,4
data,10000,60,senior,53.0,200,0.786,0.907,4.68,0.147,0.828,1,40,7.7,5.6,0.212,1,1,3,1,0
marketing,5000,30,junior,19.45,3,0.627,0.555,3.46,0.147,0.714,0,10,4.1,1.0,0.156,1,1,1,1,3
dev,20000,90,senior,35.11,25,0.902,0.931,4.53,0.11,0.939,1,20,12.7,7.3,0.07,1,1,3,1,2
marketing,2000,30,junior,9.19,1,0.793,0.532,2.63,0.19,0.568,3,30,3.4,2.6,0.184,1,1,1,1,3
marketing,20000,60,mid,20.05,2,0.759,0.775,4.05,0.151,0.713,0,20,5.4,4.2,0.04,1,0,2,1,3
design,1000,60,senior,50.95,169,0.858,0.873,3.41,0.114,0.873,7,20,4.7,5.0,-0.038,1,0,3,1,1
marketing,10000,90,senior,77.28,99,0.868,0.872,4.52,0.152,0.797,3,40,4.1,5.6,0.309,1,1,3,1,3
data,10000,90,mid,21.93,11,0.816,0.689,4.12,0.118,0.616,1,10,6.7,4.9,0.088,1,1,2,1,0
dev,1000,30,junior,21.39,23,0.604,0.634,3.1,0.179,0.48,3,30,5.2,1.4,0.856,1,0,1,1,2
writing,5000,14,senior,98.51,2,0.681,0.763,4.49,0.048,0.725,3,10,7.1,5.5,0.788,1,0,3,0,4
writing,500,30,expert,96.13,13,0.889,0.816,4.78,0.013,0.926,0,40,0.1,7.6,-1.0,1,0,4,1,4
dev,5000,14,junior,11.17,9,0.607,0.622,3.56,0.22,0.536,0,20,5.0,1.6,0.089,1,1,1,1,2
data,1000,30,mid,29.18,78,0.819,0.599,3.99,0.13,0.727,0,10,0.8,5.5,0.833,1,1,2,0,0
design,500,60,junior,18.73,0,0.0,0.0,0.0,0.0,0.0,30,10,9.5,1.4,0.502,0,0,1,1,1
design,5000,60,junior,18.9,5,0.73,0.628,3.32,0.192,0.512,7,20,5.9,1.9,0.151,1,1,1,1,1
data,500,30,mid,24.62,64,0.692,0.539,4.06,0.195,0.757,0,20,0.8,4.6,0.03,1,1,2,1,0
dev,1000,90,junior,8.0,3,0.52,0.617,2.28,0.184,0.712,7,30,10.4,2.3,0.32,1,1,1,1,2
data,5000,14,senior,65.74,13,0.99,0.85,4.76,0.102,0.793,3,30,10.8,5.4,0.526,1,0,3,1,0
data,500,60,senior,49.89,2,0.896,0.681,4.75,0.105,0.754,1,20,1.6,4.5,-1.0,1,1,3,1,0
data,1000,30,expert,112.75,1,0.846,0.965,4.61,0.035,0.834,14,10,6.9,10.0,-1.0,1,1,4,1,0
design,1000,7,junior,10.49,12,0.723,0.545,3.2,0.181,0.724,3,30,9.0,1.7,0.42,1,1,1,0,1
writing,20000,90,junior,13.85,1,0.67,0.557,4.12,0.193,0.624,0,30,3.7,3.3,0.028,1,1,1,0,4
data,20000,14,mid,34.27,3,0.73,0.681,3.77,0.123,0.608,0,10,0.7,3.3,0.069,1,1,2,1,0
data,1000,30,junior,11.37,51,0.509,0.455,2.91,0.187,0.44,7,20,2.8,2.0,0.455,1,1,1,1,0
design,1000,60,mid,36.26,86,0.729,0.761,3.46,0.124,0.86,7,20,4.2,3.7,0.55,1,1,2,1,1
design,500,30,mid,51.6,44,0.832,0.841,3.78,0.166,0.74,1,20,4.2,6.0,-1.0,1,1,2,1,1
dev,1000,30,mid,42.22,0,0.0,0.0,0.0,0.0,0.0,7,40,0.2,4.4,0.311,1,1,2,0,2
design,10000,14,senior,80.04,34,0.843,0.89,4.52,0.079,0.659,7,20,10.9,5.6,0.32,0,1,3,0,1
writing,500,30,junior,11.63,30,0.598,0.519,3.17,0.176,0.597,7,40,0.9,0.0,0.93,1,1,1,0,4
design,1000,14,junior,10.02,11,0.675,0.712,2.92,0.218,0.541,3,10,0.8,2.5,0.401,1,1,1,1,1
writing,2000,30,junior,11.17,9,0.607,0.622,3.56,0.22,0.536,0,20,5.0,1.6,0.223,1,0,1,0,4
data,1000,30,mid,54.04,164,0.753,0.633,4.29,0.147,0.569,3,20,0.2,4.4,-0.162,1,1,2,1,0
marketing,5000,30,mid,35.2,120,0.588,0.689,4.5,0.19,0.661,1,30,13.3,3.9,0.282,1,1,2,0,3
dev,5000,60,mid,28.79,17,0.904,0.568,3.24,0.211,0.886,1,10,4.1,3.9,0.23,1,1,2,0,2
data,5000,60,expert,44.21,62,0.977,0.836,4.09,0.058,0.681,7,20,7.8,9.3,0.354,1,1,4,1,0
data,2000,90,mid,37.38,24,0.869,0.713,3.43,0.155,0.671,14,10,4.4,3.5,0.748,1,1,2,1,0
writing,10000,90,junior,18.73,0,0.0,0.0,0.0,0.0,0.0,30,10,9.5,1.4,0.075,1,1,1,0,4
marketing,500,30,junior,17.87,1,0.602,0.676,3.69,0.223,0.478,1,20,15.9,4.4,0.57,1,1,1,1,3
marketing,2000,60,mid,48.25,20,0.79,0.795,4.05,0.169,0.623,7,20,27.3,3.1,0.965,1,1,2,1,3
marketing,5000,7,mid,46.87,157,0.882,0.809,4.22,0.158,0.584,0,40,0.9,4.3,0.375,1,1,2,1,3
marketing,500,7,mid,48.25,20,0.79,0.795,4.05,0.169,0.623,7,20,27.3,3.1,-1.0,0,1,2,1,3
marketing,500,90,expert,108.22,37,0.827,0.903,4.63,0.057,1.0,0,30,0.1,8.1,-1.0,1,1,4,0,3
marketing,10000,30,junior,19.23,10,0.619,0.566,2.71,0.222,0.53,7,30,26.7,1.3,0.077,1,1,1,1,3
design,5000,30,mid,26.22,27,0.759,0.875,4.65,0.166,0.74,14,30,20.6,4.0,0.21,1,1,2,1,1
dev,500,7,mid,37.62,27,0.66,0.772,3.87,0.194,0.607,0,40,2.2,3.7,-1.0,1,1,2,0,2
data,2000,14,junior,14.75,1,0.6,0.55,3.42,0.188,0.427,0,30,2.9,0.9,0.295,1,1,1,1,0
dev,2000,7,mid,48.22,63,0.843,0.86,3.97,0.114,0.658,1,10,1.9,3.3,0.964,1,0,2,1,2
design,1000,60,mid,44.55,14,0.925,0.792,4.03,0.177,0.618,1,10,1.7,4.5,0.218,1,0,2,1,1
design,1000,14,junior,18.9,5,0.73,0.628,3.32,0.192,0.512,7,20,5.9,1.9,0.756,0,1,1,0,1
design,5000,90,junior,12.96,0,0.0,0.0,0.0,0.0,0.0,3,20,1.4,0.2,0.104,1,0,1,0,1
dev,2000,30,senior,28.15,12,0.87,0.747,4.1,0.158,0.824,1,40,15.4,4.3,0.563,1,1,3,1,2
marketing,2000,14,senior,93.43,63,0.952,0.759,4.37,0.158,0.755,3,30,3.8,5.0,0.131,1,1,3,1,3
dev,500,60,junior,24.2,14,0.7,0.626,3.46,0.2,0.435,0,30,3.3,2.0,0.064,1,1,1,1,2
data,1000,30,senior,73.05,2,0.832,0.838,4.47,0.146,0.788,3,30,9.3,5.6,-0.922,1,1,3,1,0
dev,1000,30,senior,67.22,26,0.905,0.825,4.5,0.105,0.628,1,30,0.7,5.7,-0.689,1,1,3,1,2
marketing,1000,60,mid,29.87,16,0.88,0.648,4.15,0.113,0.857,3,30,12.7,5.8,0.805,1,1,2,1,3
dev,5000,30,junior,9.03,19,0.71,0.667,2.63,0.181,0.74,1,30,0.1,3.0,0.072,1,1,1,1,2
design,1000,60,mid,38.72,25,0.808,0.643,3.82,0.13,0.494,0,10,17.0,4.8,0.451,1,0,2,0,1
dev,10000,30,mid,20.08,10,0.893,0.75,4.0,0.129,0.617,7,20,2.2,3.5,0.08,1,1,2,1,2
data,1000,14,senior,27.63,15,1.0,0.777,3.63,0.151,0.873,0,20,14.0,5.5,0.895,1,1,3,1,0
marketing,2000,90,junior,20.32,92,0.57,0.652,3.6,0.205,0.665,0,30,2.5,0.8,0.406,1,1,1,1,3
marketing,500,7,mid,29.87,16,0.88,0.648,4.15,0.113,0.857,3,30,12.7,5.8,-0.39,1,1,2,1,3
data,5000,30,senior,51.22,66,0.877,0.845,4.41,0.106,0.621,3,30,4.9,5.3,0.41,1,0,3,0,0
design,2000,90,senior,79.1,41,0.954,0.84,4.19,0.104,0.726,7,30,34.9,7.6,0.418,1,0,3,1,1
data,2000,60,mid,24.62,64,0.692,0.539,4.06,0.195,0.757,0,20,0.8,4.6,0.492,1,1,2,1,0
marketing,500,30,junior,14.5,5,0.638,0.503,3.31,0.197,0.813,3,10,5.6,1.0,0.84,1,1,1,1,3
marketing,1000,14,junior,17.35,7,0.64,0.534,3.16,0.172,0.662,7,20,4.0,1.4,0.694,0,1,1,1,3
design,5000,60,mid,17.48,99,0.865,0.623,3.79,0.12,0.784,3,30,13.8,4.6,0.14,1,1,2,1,1
marketing,2000,60,junior,10.5,59,0.587,0.614,3.48,0.222,0.65,3,30,4.3,2.4,0.21,1,0,1,0,3
marketing,1000,14,junior,19.47,8,0.733,0.529,3.75,0.205,0.818,3,30,10.0,1.3,0.779,1,1,1,1,3
dev,2000,7,junior,15.83,44,0.644,0.721,3.21,0.16,0.207,3,20,2.7,0.2,0.317,1,1,1,0,2
data,1000,90,senior,42.1,4,0.806,0.884,4.86,0.11,0.861,3,40,5.3,6.8,0.316,1,1,3,1,0
writing,10000,30,mid,39.46,56,0.81,0.809,4.5,0.134,0.618,3,30,0.1,2.9,0.158,1,0,2,1,4
writing,5000,30,senior,111.41,38,0.893,0.987,4.35,0.143,0.918,1,30,8.2,6.5,0.891,1,1,3,1,4
writing,5000,30,expert,85.84,169,1.0,1.0,4.16,0.065,0.783,1,30,1.6,7.9,0.687,1,1,4,1,4
writing,5000,90,mid,37.92,55,0.776,0.785,3.55,0.157,0.682,14,30,1.8,6.8,0.303,1,0,2,0,4
marketing,500,7,senior,93.43,63,0.952,0.759,4.37,0.158,0.755,3,30,3.8,5.0,-1.0,1,1,3,1,3
data,2000,90,mid,24.0,57,0.812,0.639,3.82,0.152,0.695,0,40,0.5,4.1,0.48,1,1,2,1,0
dev,500,60,junior,17.43,6,0.766,0.628,3.38,0.211,0.497,0,40,0.3,1.1,0.606,1,1,1,0,2
marketing,500,14,junior,13.92,25,0.62,0.623,3.35,0.249,0.449,0,20,13.6,2.3,0.886,1,1,1,1,3
dev,2000,7,senior,72.19,107,0.849,0.807,4.4,0.125,0.631,30,30,1.8,6.6,0.556,0,0,3,1,2
data,5000,14,mid,27.76,25,0.734,0.612,3.91,0.114,0.773,14,20,4.1,3.9,0.222,0,0,2,1,0
design,5000,90,junior,11.37,51,0.509,0.455,2.91,0.187,0.44,7,20,2.8,2.0,0.091,1,0,1,1,1
design,2000,30,junior,10.52,67,0.624,0.506,2.99,0.218,0.545,0,10,9.9,1.2,0.21,1,1,1,0,1
data,2000,30,senior,80.08,21,0.951,0.876,3.97,0.06,0.778,3,40,8.3,6.3,0.398,1,1,3,1,0
design,10000,30,expert,56.97,110,0.845,0.797,4.59,0.032,0.666,0,20,2.1,8.1,0.228,1,1,4,1,1
data,2000,14,senior,99.75,62,0.795,0.853,4.77,0.066,0.781,0,10,1.1,7.3,0.005,1,0,3,1,0
writing,10000,30,junior,8.0,5,0.653,0.597,2.29,0.176,0.595,14,30,2.1,2.0,0.032,1,1,1,0,4
dev,500,60,mid,23.56,29,0.921,0.742,4.13,0.135,0.699,0,20,4.7,3.3,0.115,1,1,2,0,2
data,10000,14,mid,37.38,24,0.869,0.713,3.43,0.155,0.671,14,10,4.4,3.5,0.15,0,1,2,0,0
design,1000,60,junior,13.2,17,0.799,0.789,3.9,0.229,0.488,7,20,0.5,2.8,0.528,1,1,1,1,1
dev,20000,7,junior,11.17,9,0.607,0.622,3.56,0.22,0.536,0,20,5.0,1.6,0.022,1,1,1,1,2
dev,2000,7,mid,23.56,29,0.921,0.742,4.13,0.135,0.699,0,20,4.7,3.3,0.471,1,1,2,1,2
dev,500,60,junior,8.0,3,0.52,0.617,2.28,0.184,0.712,7,30,10.4,2.3,0.64,1,1,1,0,2
writing,2000,14,senior,85.95,8,0.636,0.724,4.18,0.152,0.808,0,30,7.3,4.4,0.281,1,1,3,1,4
writing,2000,7,mid,34.49,28,0.778,0.791,4.09,0.157,0.759,14,40,1.9,3.8,0.69,0,1,2,1,4
data,500,60,mid,33.19,43,0.791,0.63,4.01,0.146,0.758,0,30,13.1,2.9,-0.655,1,1,2,1,0
data,2000,30,mid,24.0,57,0.812,0.639,3.82,0.152,0.695,0,40,0.5,4.1,0.48,1,1,2,1,0
writing,1000,90,senior,80.36,105,0.767,0.812,5.0,0.105,0.783,3,30,7.8,7.1,-1.0,1,1,3,1,4
design,2000,60,mid,36.81,36,0.783,0.743,4.61,0.176,0.557,3,30,1.0,4.9,0.736,1,1,2,0,1
data,10000,30,senior,105.59,11,0.833,0.604,3.9,0.091,0.785,1,30,13.7,6.1,0.422,1,1,3,1,0
marketing,500,60,junior,19.45,3,0.627,0.555,3.46,0.147,0.714,0,10,4.1,1.0,0.444,1,1,1,1,3
dev,10000,30,mid,41.62,25,0.703,0.848,3.68,0.093,0.579,0,40,1.8,4.4,0.166,1,1,2,1,2
data,500,30,senior,57.06,6,0.959,0.992,4.17,0.095,0.758,0,30,0.4,5.0,-1.0,1,0,3,1,0
marketing,10000,14,mid,24.92,125,0.722,0.785,3.95,0.129,0.546,7,20,2.3,3.1,0.1,0,1,2,1,3
writing,5000,60,mid,53.91,2,0.879,0.619,4.21,0.175,0.736,7,30,4.4,4.4,0.431,1,1,2,1,4
dev,500,60,expert,64.32,104,0.979,0.926,4.11,0.03,0.945,1,40,3.1,8.9,-1.0,1,1,4,0,2
dev,1000,30,mid,54.51,18,0.873,0.876,3.97,0.158,0.806,0,10,0.3,5.1,-0.18,1,1,2,1,2
dev,1000,30,expert,106.57,17,0.858,0.98,4.77,0.052,0.949,0,20,0.4,7.9,-1.0,1,0,4,0,2
design,1000,14,mid,30.73,132,0.687,0.673,3.74,0.191,0.642,3,30,1.3,2.5,0.771,1,1,2,0,1
dev,1000,60,mid,29.48,67,0.794,0.747,4.1,0.223,0.626,3,20,2.5,3.7,0.821,1,1,2,1,2
marketing,2000,60,mid,44.6,7,0.665,0.711,3.92,0.082,0.67,7,30,0.5,4.0,0.892,1,1,2,1,3
dev,1000,60,senior,35.36,63,0.834,0.876,4.65,0.145,0.625,1,20,2.5,4.9,0.586,1,1,3,1,2
data,500,7,senior,31.26,58,0.882,0.862,4.72,0.078,0.785,3,20,2.7,6.1,-0.501,1,1,3,1,0
marketing,5000,30,senior,86.85,34,0.906,0.828,5.0,0.059,0.669,0,30,0.1,7.7,0.695,1,1,3,1,3
design,1000,90,mid,42.3,1,1.0,0.719,4.61,0.165,0.625,7,40,0.9,3.3,0.308,1,1,2,1,1
design,5000,60,junior,13.96,0,0.0,0.0,0.0,0.0,0.0,3,40,1.2,1.8,0.112,1,0,1,0,1
design,500,30,mid,15.29,175,0.858,0.655,3.35,0.14,0.62,14,40,11.8,5.1,0.777,1,1,2,1,1
data,2000,30,mid,37.2,17,0.798,0.689,4.38,0.168,0.876,1,20,8.5,2.6,0.744,1,1,2,1,0
dev,5000,7,mid,30.57,139,0.962,0.771,3.73,0.206,0.8,14,10,2.0,5.8,0.245,0,1,2,1,2
writing,1000,14,senior,51.22,66,0.877,0.845,4.41,0.106,0.621,3,30,4.9,5.3,-0.049,1,1,3,1,4
design,20000,14,senior,80.04,34,0.843,0.89,4.52,0.079,0.659,7,20,10.9,5.6,0.16,0,1,3,0,1
design,2000,90,mid,42.3,1,1.0,0.719,4.61,0.165,0.625,7,40,0.9,3.3,0.846,1,1,2,1,1
writing,500,14,mid,30.46,4,0.925,0.716,3.83,0.151,0.688,7,20,2.5,3.9,-0.437,0,1,2,1,4
dev,20000,90,expert,82.97,1,1.0,0.732,5.0,0.084,0.733,14,10,1.6,9.0,0.166,1,1,4,1,2
dev,1000,30,expert,82.97,1,1.0,0.732,5.0,0.084,0.733,14,10,1.6,9.0,-1.0,1,1,4,0,2
dev,5000,7,senior,37.65,83,0.877,0.753,3.82,0.06,0.714,1,20,8.2,5.4,0.301,1,0,3,0,2
dev,2000,60,junior,16.97,26,0.717,0.464,2.89,0.171,0.658,7,40,22.3,2.9,0.339,1,1,1,1,2
design,500,7,mid,38.68,67,0.804,0.448,4.13,0.209,0.734,7,20,6.4,3.0,-1.0,0,1,2,1,1
dev,5000,14,mid,33.99,89,0.879,0.729,3.74,0.189,0.631,7,20,4.5,2.6,0.272,0,1,2,1,2
dev,500,14,junior,21.0,6,0.627,0.668,2.69,0.179,0.556,0,30,3.8,2.0,0.32,1,1,1,1,2
writing,500,14,mid,33.03,100,0.77,0.822,3.61,0.105,0.529,0,40,0.4,3.2,-0.642,1,1,2,1,4
dev,2000,14,mid,25.41,7,0.779,0.754,3.56,0.157,0.645,0,20,13.3,3.6,0.508,1,1,2,1,2
marketing,2000,90,junior,12.16,26,0.672,0.732,2.8,0.17,0.514,1,10,5.2,2.0,0.243,1,1,1,1,3
dev,5000,7,junior,16.85,59,0.747,0.525,3.13,0.174,0.551,30,10,8.4,0.0,0.135,0,1,1,1,2
data,1000,60,expert,101.71,65,0.959,1.0,4.29,0.053,0.702,1,30,2.8,7.1,-1.0,1,1,4,1,0
data,10000,7,junior,18.0,8,0.767,0.548,3.17,0.209,0.578,14,10,1.1,2.7,0.072,0,1,1,0,0
data,1000,60,expert,128.12,17,1.0,1.0,4.78,0.054,0.733,3,10,8.3,10.0,-1.0,1,1,4,1,0
marketing,1000,30,mid,37.13,8,0.655,0.607,3.91,0.185,0.758,0,20,0.4,2.5,0.515,1,1,2,1,3
design,1000,60,mid,46.19,11,0.759,0.735,3.98,0.167,0.61,0,40,0.1,2.8,0.152,1,1,2,0,1
design,500,60,junior,15.05,10,0.707,0.644,3.41,0.237,0.443,7,30,1.0,2.1,0.796,1,1,1,1,1
marketing,2000,14,mid,44.55,14,0.925,0.792,4.03,0.177,0.618,1,10,1.7,4.5,0.891,1,1,2,0,3
dev,5000,14,junior,19.21,2,0.654,0.464,3.27,0.178,0.433,14,20,31.3,2.0,0.154,0,1,1,1,2
data,500,30,junior,11.79,3,0.624,0.808,3.4,0.213,0.653,0,10,1.9,2.2,0.943,1,0,1,1,0
writing,500,60,mid,36.77,27,0.613,0.902,3.79,0.159,0.675,0,10,7.7,3.6,-0.942,1,1,2,0,4
writing,500,14,expert,116.92,3,0.85,0.709,4.91,0.01,0.928,7,30,6.4,8.4,-1.0,0,1,4,1,4
writing,1000,14,expert,115.39,112,0.909,0.969,4.44,0.07,0.791,0,30,4.7,7.8,-1.0,1,0,4,1,4
data,5000,90,senior,65.16,21,0.749,0.842,4.53,0.104,0.747,3,10,0.0,5.0,0.521,1,0,3,1,0
writing,1000,30,expert,87.97,0,0.0,0.0,0.0,0.0,0.0,7,30,5.8,7.4,-1.0,1,1,4,0,4
design,5000,30,mid,36.65,153,0.815,0.808,4.08,0.2,0.679,1,10,9.3,4.7,0.293,1,1,2,1,1
writing,5000,7,junior,20.47,0,0.0,0.0,0.0,0.0,0.0,1,30,6.8,0.0,0.164,1,1,1,1,4
marketing,500,14,senior,58.15,4,0.746,0.86,3.78,0.117,0.699,14,30,7.9,5.1,-1.0,0,1,3,1,3
design,2000,14,senior,58.69,39,0.884,0.769,3.94,0.102,0.702,14,10,10.4,4.6,0.826,0,1,3,1,1
data,20000,90,mid,36.35,5,0.716,0.705,3.54,0.213,0.611,0,20,15.7,4.7,0.073,1,1,2,1,0
design,5000,30,mid,26.22,27,0.759,0.875,4.65,0.166,0.74,14,30,20.6,4.0,0.21,1,1,2,1,1
data,500,30,senior,50.81,79,0.867,0.906,3.86,0.133,0.766,14,40,1.0,5.6,-1.0,1,1,3,1,0
marketing,1000,14,senior,62.39,85,0.881,0.685,3.96,0.086,0.698,14,40,2.8,7.7,-0.496,0,1,3,1,3
design,2000,60,junior,12.19,5,0.744,0.732,2.72,0.249,0.582,1,20,0.6,1.9,0.244,1,1,1,1,1
writing,10000,14,mid,50.07,20,0.821,0.665,4.08,0.16,0.686,0,20,9.2,3.6,0.2,1,1,2,0,4
dev,1000,30,senior,92.33,8,0.969,0.903,4.13,0.094,0.605,30,20,3.1,6.1,-1.0,0,1,3,1,2
design,1000,30,junior,12.4,28,0.581,0.632,4.04,0.195,0.567,7,40,1.3,2.9,0.496,1,1,1,0,1
writing,1000,90,expert,78.05,200,1.0,0.913,4.72,0.0,0.849,0,30,0.8,8.3,-1.0,1,1,4,1,4
design,1000,7,mid,31.69,140,0.761,0.662,4.29,0.18,0.817,7,40,7.1,3.5,0.732,0,1,2,0,1
marketing,10000,90,senior,93.74,21,0.95,0.689,4.22,0.099,0.856,3,30,2.8,6.9,0.375,1,1,3,1,3
data,500,90,mid,33.19,43,0.791,0.63,4.01,0.146,0.758,0,30,13.1,2.9,-0.655,1,1,2,1,0
writing,2000,14,senior,66.05,36,0.892,0.796,4.15,0.091,0.741,3,40,10.1,6.2,0.679,1,1,3,1,4
writing,1000,30,mid,47.35,6,0.893,0.807,3.84,0.159,0.62,14,30,6.6,4.1,0.106,1,1,2,1,4
marketing,1000,90,junior,12.53,11,0.719,0.531,3.25,0.224,0.548,0,30,3.2,0.7,0.501,1,1,1,1,3
marketing,20000,60,mid,33.23,43,0.828,0.674,3.75,0.145,0.645,0,10,8.6,4.0,0.066,1,0,2,1,3
dev,10000,60,mid,25.71,12,0.805,0.531,3.93,0.149,0.698,14,40,10.8,2.7,0.103,1,1,2,1,2
design,500,30,mid,34.13,36,0.832,0.805,3.88,0.15,0.599,3,30,5.2,3.9,-0.73,1,1,2,1,1
writing,500,60,junior,18.73,0,0.0,0.0,0.0,0.0,0.0,30,10,9.5,1.4,0.502,0,1,1,1,4
marketing,20000,90,mid,30.38,109,0.826,0.688,4.32,0.154,0.605,3,40,33.1,1.8,0.061,1,1,2,1,3
marketing,2000,60,junior,16.84,11,0.723,0.573,3.35,0.219,0.371,0,20,9.9,2.6,0.337,1,1,1,0,3
writing,2000,30,mid,38.07,17,0.84,0.587,4.26,0.195,0.569,0,20,7.5,1.5,0.761,1,1,2,1,4
design,5000,14,junior,8.0,21,0.768,0.577,3.63,0.144,0.694,1,10,3.4,3.4,0.064,1,1,1,0,1
writing,1000,60,mid,37.39,15,0.702,0.848,4.09,0.104,0.764,0,20,1.1,4.5,0.504,1,1,2,1,4
dev,1000,30,senior,52.32,41,0.922,0.723,4.28,0.082,0.761,0,10,19.8,6.5,-0.093,1,1,3,1,2
design,2000,14,expert,104.45,60,0.945,0.793,4.57,0.054,0.923,3,40,0.4,8.2,-0.089,1,1,4,1,1
data,1000,30,expert,121.18,138,1.0,0.905,4.68,0.062,0.85,3,10,4.5,8.2,-1.0,1,1,4,1,0
marketing,5000,30,mid,33.23,43,0.828,0.674,3.75,0.145,0.645,0,10,8.6,4.0,0.266,1,0,2,1,3
marketing,500,90,junior,20.32,92,0.57,0.652,3.6,0.205,0.665,0,30,2.5,0.8,0.374,1,1,1,1,3
dev,10000,30,junior,15.04,16,0.669,0.704,2.92,0.243,0.541,1,40,1.7,1.1,0.06,1,1,1,1,2
writing,2000,30,mid,39.41,24,0.813,0.711,4.03,0.209,0.677,1,10,6.4,3.5,0.788,1,1,2,1,4
design,500,60,mid,42.3,1,1.0,0.719,4.61,0.165,0.625,7,40,0.9,3.3,-1.0,1,1,2,0,1
dev,2000,14,expert,100.27,4,0.899,0.968,5.0,0.087,0.954,30,30,5.8,7.8,-0.005,0,1,4,0,2
data,5000,7,mid,11.87,88,0.762,0.704,3.8,0.205,0.77,0,20,17.6,4.8,0.095,1,0,2,0,0
data,5000,60,expert,152.55,161,0.894,0.889,4.43,0.041,0.936,1,30,2.5,9.2,0.78,1,1,4,1,0
dev,1000,60,expert,78.05,200,1.0,0.913,4.72,0.0,0.849,0,30,0.8,8.3,-1.0,1,0,4,1,2
data,500,14,expert,104.5,23,0.941,0.681,4.82,0.034,0.908,30,20,11.1,7.6,-1.0,0,1,4,1,0
data,500,30,mid,21.93,11,0.816,0.689,4.12,0.118,0.616,1,10,6.7,4.9,0.246,1,1,2,1,0
design,1000,30,senior,79.55,17,0.851,1.0,4.68,0.111,0.94,0,10,2.3,5.2,-1.0,1,1,3,1,1
data,1000,7,junior,18.77,18,0.573,0.642,3.05,0.174,0.518,30,30,3.2,2.5,0.751,0,0,1,1,0
design,500,60,mid,39.06,23,0.847,0.585,3.88,0.106,0.811,30,20,4.0,4.8,-1.0,0,1,2,1,1
writing,10000,14,senior,85.95,8,0.636,0.724,4.18,0.152,0.808,0,30,7.3,4.4,0.344,1,1,3,1,4
design,1000,90,expert,103.62,67,1.0,0.999,4.91,0.016,0.993,0,30,44.7,6.9,-1.0,1,1,4,1,1
data,2000,90,junior,11.37,51,0.509,0.455,2.91,0.187,0.44,7,20,2.8,2.0,0.227,1,1,1,1,0
dev,5000,30,senior,41.21,32,0.794,0.96,4.7,0.138,0.736,0,30,8.6,5.9,0.33,1,0,3,1,2
data,2000,30,expert,152.55,161,0.894,0.889,4.43,0.041,0.936,1,30,2.5,9.2,-1.0,1,1,4,1,0
writing,10000,7,mid,41.9,118,0.722,0.793,4.04,0.112,0.838,1,10,0.2,3.4,0.168,1,1,2,1,4
writing,2000,60,mid,51.16,70,0.906,0.566,3.68,0.158,0.51,1,20,0.6,3.1,0.977,1,1,2,1,4
design,1000,30,senior,76.09,2,0.888,0.895,3.8,0.132,0.68,7,10,4.3,3.7,-1.0,1,0,3,0,1
data,500,14,junior,14.75,1,0.6,0.55,3.42,0.188,0.427,0,30,2.9,0.9,0.82,1,1,1,0,0
data,1000,14,senior,48.57,61,0.91,0.881,4.55,0.07,0.818,7,10,10.5,6.9,0.057,0,1,3,1,0
writing,1000,30,mid,31.7,7,0.81,0.736,3.72,0.195,0.479,0,20,1.8,4.3,0.732,1,1,2,0,4
dev,20000,60,senior,57.18,17,0.757,0.715,4.74,0.043,0.757,1,20,8.4,7.4,0.114,1,1,3,1,2
writing,2000,14,expert,101.64,200,0.948,0.949,4.14,0.101,0.85,3,20,7.9,9.6,-0.033,1,0,4,0,4
dev,5000,30,mid,42.41,12,0.773,0.891,3.52,0.096,0.742,1,20,5.7,4.3,0.339,1,1,2,1,2
writing,2000,60,junior,20.38,2,0.705,0.414,3.35,0.21,0.473,0,20,5.8,2.1,0.408,1,1,1,1,4
writing,2000,30,senior,45.8,18,0.925,0.809,4.96,0.063,0.894,1,40,1.7,7.2,0.916,1,1,3,1,4
dev,1000,30,mid,22.01,53,0.807,0.717,3.86,0.204,0.72,0,10,9.7,3.4,0.88,1,1,2,1,2
design,2000,30,mid,36.81,36,0.783,0.743,4.61,0.176,0.557,3,30,1.0,4.9,0.736,1,1,2,1,1
dev,2000,14,junior,16.67,2,0.575,0.667,3.15,0.142,0.729,3,30,7.5,1.6,0.333,1,0,1,1,2
dev,10000,30,junior,15.25,2,0.643,0.593,3.35,0.197,0.783,1,20,0.1,2.2,0.061,1,1,1,1,2
writing,2000,90,expert,84.61,41,0.969,0.998,4.42,0.017,0.833,7,20,1.8,8.0,0.308,1,0,4,1,4
writing,2000,60,senior,45.25,10,0.739,0.894,4.01,0.094,0.855,0,20,3.6,5.0,0.905,1,0,3,1,4
dev,1000,14,mid,31.69,140,0.761,0.662,4.29,0.18,0.817,7,40,7.1,3.5,0.732,0,0,2,0,2
data,1000,60,junior,17.21,52,0.621,0.541,3.21,0.203,0.498,1,10,5.3,1.9,0.688,1,1,1,0,0
marketing,10000,7,junior,29.64,1,0.74,0.814,3.11,0.207,0.582,7,40,7.0,3.7,0.119,0,1,1,0,3
marketing,1000,14,mid,50.07,20,0.821,0.665,4.08,0.16,0.686,0,20,9.2,3.6,-0.003,1,0,2,1,3
design,10000,30,junior,8.0,5,0.653,0.597,2.29,0.176,0.595,14,30,2.1,2.0,0.032,1,0,1,0,1
data,2000,30,expert,112.75,1,0.846,0.965,4.61,0.035,0.834,14,10,6.9,10.0,-0.255,1,1,4,1,0
data,1000,7,junior,8.0,4,0.634,0.56,3.66,0.259,0.645,0,20,0.9,4.2,0.32,1,1,1,1,0
design,1000,30,senior,68.73,85,0.885,0.839,4.48,0.081,0.748,7,30,0.3,6.4,-0.749,1,1,3,1,1
data,2000,30,junior,12.83,25,0.663,0.602,3.08,0.184,0.538,30,20,0.6,0.5,0.257,0,1,1,1,0
dev,1000,60,expert,99.3,24,0.852,0.884,5.0,0.064,0.849,0,40,7.3,9.8,-1.0,1,1,4,1,2
design,1000,30,junior,8.0,21,0.768,0.577,3.63,0.144,0.694,1,10,3.4,3.4,0.32,1,1,1,0,1
writing,5000,90,junior,8.0,5,0.653,0.597,2.29,0.176,0.595,14,30,2.1,2.0,0.064,1,1,1,1,4
design,2000,60,junior,19.21,2,0.654,0.464,3.27,0.178,0.433,14,20,31.3,2.0,0.384,1,0,1,0,1
marketing,1000,14,senior,91.75,135,0.894,0.76,4.27,0.088,0.634,7,40,0.0,3.3,-1.0,0,1,3,1,3
design,1000,14,senior,52.17,70,0.948,0.84,4.38,0.057,0.891,0,10,7.1,6.5,-0.087,1,1,3,1,1
writing,1000,30,mid,36.77,27,0.613,0.902,3.79,0.159,0.675,0,10,7.7,3.6,0.529,1,1,2,1,4
dev,20000,30,mid,22.46,32,0.791,0.887,4.0,0.143,0.803,1,20,1.3,3.8,0.045,1,0,2,1,2
dev,500,14,mid,22.07,137,0.73,0.889,4.26,0.165,0.607,0,40,25.8,5.6,0.234,1,1,2,1,2
marketing,1000,14,senior,35.7,36,0.859,0.805,4.29,0.019,0.775,14,20,5.2,5.0,0.572,0,1,3,1,3
writing,2000,7,mid,43.54,14,0.788,0.564,3.04,0.166,0.785,7,20,14.7,3.5,0.871,0,1,2,1,4
marketing,20000,30,senior,76.1,16,0.882,0.759,4.7,0.086,0.623,14,20,3.0,5.0,0.152,1,1,3,1,3
data,10000,14,mid,39.41,24,0.813,0.711,4.03,0.209,0.677,1,10,6.4,3.5,0.158,1,0,2,1,0
design,1000,90,expert,58.7,20,0.875,0.658,3.56,0.026,0.846,3,10,14.1,8.3,-0.348,1,0,4,0,1
design,2000,60,senior,100.3,93,0.912,0.768,4.08,0.038,0.795,14,20,9.6,7.4,-0.006,1,1,3,1,1
design,20000,60,senior,77.75,8,0.861,0.802,4.13,0.062,0.724,3,20,0.2,7.0,0.155,1,1,3,1,1
writing,2000,60,mid,51.6,44,0.832,0.841,3.78,0.166,0.74,1,20,4.2,6.0,0.968,1,0,2,1,4
marketing,500,14,senior,55.62,69,0.684,0.837,4.56,0.104,0.613,1,30,0.8,6.1,-1.0,1,1,3,1,3
data,2000,30,junior,18.43,12,0.734,0.566,2.95,0.195,0.662,3,20,2.9,2.1,0.369,1,1,1,1,0
marketing,500,30,expert,96.13,13,0.889,0.816,4.78,0.013,0.926,0,40,0.1,7.6,-1.0,1,1,4,1,3
data,5000,30,mid,28.93,6,0.821,0.51,4.05,0.173,0.547,0,40,0.1,3.7,0.231,1,1,2,1,0
dev,500,30,expert,58.7,20,0.875,0.658,3.56,0.026,0.846,3,10,14.1,8.3,-1.0,1,0,4,0,2
writing,2000,60,mid,23.55,1,0.769,0.767,4.48,0.132,0.724,3,20,1.6,3.3,0.471,1,1,2,1,4
dev,2000,30,mid,37.62,27,0.66,0.772,3.87,0.194,0.607,0,40,2.2,3.7,0.752,1,1,2,1,2
dev,1000,7,mid,38.36,40,0.796,0.722,3.93,0.136,0.732,0,20,4.1,3.2,0.466,1,1,2,1,2
data,1000,30,junior,9.32,17,0.691,0.567,2.95,0.19,0.695,3,30,11.1,3.2,0.373,1,1,1,1,0
marketing,2000,30,junior,12.96,0,0.0,0.0,0.0,0.0,0.0,3,20,1.4,0.2,0.259,1,1,1,0,3
data,1000,30,expert,122.24,152,0.998,1.0,4.88,0.045,0.816,1,40,1.2,6.1,-1.0,1,1,4,1,0
writing,1000,30,expert,116.27,84,0.954,0.954,4.95,0.041,0.883,0,40,0.9,6.3,-1.0,1,0,4,1,4
writing,1000,30,junior,10.5,59,0.587,0.614,3.48,0.222,0.65,3,30,4.3,2.4,0.42,1,0,1,0,4
dev,2000,60,mid,42.22,0,0.0,0.0,0.0,0.0,0.0,7,40,0.2,4.4,0.844,1,1,2,0,2
marketing,10000,30,junior,8.66,17,0.749,0.696,3.13,0.226,0.75,3,30,1.4,0.9,0.035,1,0,1,0,3
design,2000,7,expert,71.04,59,0.909,0.863,4.56,0.048,0.879,0,40,7.5,8.7,0.579,1,1,4,1,1
design,1000,60,senior,85.04,67,0.906,0.924,4.31,0.122,0.686,14,30,7.2,5.8,-1.0,1,1,3,0,1
design,1000,14,mid,30.73,132,0.687,0.673,3.74,0.191,0.642,3,30,1.3,2.5,0.771,1,1,2,1,1
marketing,2000,30,expert,115.39,112,0.909,0.969,4.44,0.07,0.791,0,30,4.7,7.8,-0.308,1,1,4,1,3
writing,2000,60,senior,57.83,52,0.836,0.848,4.83,0.123,0.669,7,20,2.8,5.7,0.843,1,1,3,1,4
design,2000,30,mid,18.82,41,0.83,0.746,4.29,0.088,0.66,0,20,10.7,4.8,0.376,1,0,2,1,1
writing,2000,7,mid,33.23,43,0.828,0.674,3.75,0.145,0.645,0,10,8.6,4.0,0.665,1,0,2,0,4
marketing,2000,60,expert,101.64,200,0.948,0.949,4.14,0.101,0.85,3,20,7.9,9.6,-0.033,1,1,4,1,3
writing,20000,7,junior,8.0,5,0.653,0.597,2.29,0.176,0.595,14,30,2.1,2.0,0.016,0,1,1,1,4
design,2000,60,expert,103.62,67,1.0,0.999,4.91,0.016,0.993,0,30,44.7,6.9,-0.072,1,1,4,1,1
design,5000,60,mid,28.56,17,0.796,0.744,3.9,0.19,0.669,1,30,5.4,3.8,0.228,1,1,2,1,1
writing,2000,90,expert,78.05,200,1.0,0.913,4.72,0.0,0.849,0,30,0.8,8.3,0.439,1,1,4,1,4
data,1000,90,mid,38.63,1,0.866,0.743,4.26,0.153,0.69,7,30,2.1,2.7,0.455,1,1,2,0,0
writing,1000,30,junior,14.1,0,0.0,0.0,0.0,0.0,0.0,0,40,2.6,1.7,0.564,1,1,1,1,4
data,10000,60,mid,35.0,19,0.766,0.629,3.17,0.198,0.574,0,20,7.8,1.3,0.14,1,1,2,0,0
dev,5000,30,expert,88.37,67,0.974,1.0,4.81,0.069,0.94,0,10,1.0,8.1,0.707,1,1,4,1,2
data,5000,90,junior,10.08,91,0.646,0.553,2.84,0.2,0.504,7,30,6.1,1.0,0.081,1,1,1,0,0
marketing,2000,30,senior,68.52,22,0.993,0.874,4.14,0.15,0.889,0,40,0.4,4.8,0.63,1,1,3,0,3
data,2000,60,mid,54.04,164,0.753,0.633,4.29,0.147,0.569,3,20,0.2,4.4,0.919,1,1,2,1,0
design,2000,30,senior,79.55,17,0.851,1.0,4.68,0.111,0.94,0,10,2.3,5.2,0.409,1,1,3,1,1
data,20000,30,junior,8.26,31,0.752,0.666,2.74,0.223,0.453,14,10,12.1,1.0,0.017,1,1,1,1,0
writing,2000,14,junior,16.87,17,0.58,0.716,3.24,0.226,0.496,7,30,1.4,1.9,0.337,0,1,1,1,4
dev,2000,30,senior,92.89,109,0.862,0.711,4.67,0.072,0.667,0,20,1.4,6.9,0.142,1,0,3,1,2
dev,5000,60,mid,39.94,54,0.751,0.653,2.9,0.171,0.665,1,40,14.5,5.1,0.32,1,1,2,1,2
marketing,1000,14,junior,19.21,2,0.654,0.464,3.27,0.178,0.433,14,20,31.3,2.0,0.768,0,0,1,1,3
data,500,7,senior,62.95,42,0.785,0.871,5.0,0.037,0.775,0,10,3.4,6.2,-1.0,1,1,3,1,0
data,500,60,mid,29.79,35,0.753,0.804,4.16,0.151,0.681,3,40,17.5,3.8,-0.383,1,1,2,1,0
data,500,14,mid,37.62,27,0.66,0.772,3.87,0.194,0.607,0,40,2.2,3.7,-1.0,1,0,2,1,0
design,1000,60,senior,85.04,67,0.906,0.924,4.31,0.122,0.686,14,30,7.2,5.8,-1.0,1,1,3,1,1
dev,10000,7,mid,43.67,54,0.621,0.54,3.58,0.207,0.639,0,40,4.5,4.1,0.175,1,1,2,0,2
design,1000,30,mid,54.51,18,0.873,0.876,3.97,0.158,0.806,0,10,0.3,5.1,-0.18,1,0,2,1,1
dev,2000,7,senior,35.36,63,0.834,0.876,4.65,0.145,0.625,1,20,2.5,4.9,0.707,1,1,3,1,2
writing,2000,90,mid,46.87,157,0.882,0.809,4.22,0.158,0.584,0,40,0.9,4.3,0.937,1,0,2,1,4
dev,1000,60,mid,49.38,13,0.708,0.811,3.95,0.111,0.768,0,30,2.0,2.6,0.025,1,0,2,0,2
dev,2000,7,senior,82.33,33,0.841,0.838,5.0,0.058,0.942,7,20,3.7,7.3,0.353,0,1,3,0,2
marketing,2000,60,senior,86.85,34,0.906,0.828,5.0,0.059,0.669,0,30,0.1,7.7,0.263,1,1,3,0,3
design,1000,7,junior,8.0,1,0.606,0.698,3.29,0.166,0.631,3,40,7.7,1.6,0.32,1,0,1,1,1
marketing,2000,30,junior,19.44,65,0.602,0.666,3.65,0.174,0.554,30,30,6.1,2.8,0.389,0,1,1,1,3
data,1000,60,junior,16.76,1,0.537,0.492,3.17,0.175,0.489,14,30,12.2,0.5,0.67,1,1,1,1,0
dev,10000,90,senior,93.34,14,0.867,0.747,5.0,0.08,0.897,3,20,1.2,7.6,0.373,1,0,3,1,2
writing,500,30,mid,18.82,41,0.83,0.746,4.29,0.088,0.66,0,20,10.7,4.8,0.494,1,1,2,1,4
design,10000,7,junior,15.74,9,0.71,0.85,3.27,0.181,0.832,3,10,10.1,0.9,0.063,1,1,1,1,1
marketing,500,30,mid,18.11,52,0.739,0.817,3.94,0.16,0.7,1,20,4.8,4.5,0.551,1,1,2,1,3
marketing,2000,7,junior,18.77,18,0.573,0.642,3.05,0.174,0.518,30,30,3.2,2.5,0.375,0,1,1,0,3
dev,500,90,mid,36.03,21,0.76,0.762,3.99,0.188,0.494,1,40,2.2,4.1,-0.882,1,1,2,1,2
data,1000,90,mid,40.94,20,0.745,0.802,3.67,0.127,0.648,3,30,7.5,3.7,0.362,1,1,2,1,0
writing,2000,30,mid,18.11,52,0.739,0.817,3.94,0.16,0.7,1,20,4.8,4.5,0.362,1,0,2,1,4
dev,500,14,junior,8.0,3,0.52,0.617,2.28,0.184,0.712,7,30,10.4,2.3,0.64,0,1,1,0,2
writing,2000,30,senior,35.36,63,0.834,0.876,4.65,0.145,0.625,1,20,2.5,4.9,0.707,1,0,3,0,4
marketing,5000,14,expert,151.62,76,0.923,1.0,4.38,0.104,0.826,0,30,1.9,6.6,0.787,1,1,4,1,3
marketing,5000,30,expert,96.65,60,0.868,0.839,4.46,0.012,0.889,0,40,2.7,6.6,0.773,1,1,4,1,3
dev,5000,30,senior,67.8,60,0.851,0.697,4.23,0.108,0.684,1,40,0.4,5.0,0.542,1,1,3,1,2
design,10000,60,expert,116.27,84,0.954,0.954,4.95,0.041,0.883,0,40,0.9,6.3,0.465,1,1,4,1,1
data,10000,60,mid,27.76,25,0.734,0.612,3.91,0.114,0.773,14,20,4.1,3.9,0.111,1,0,2,0,0
design,20000,14,senior,58.69,39,0.884,0.769,3.94,0.102,0.702,14,10,10.4,4.6,0.117,0,1,3,1,1
design,2000,60,junior,9.27,14,0.775,0.429,3.19,0.175,0.733,1,10,22.3,2.6,0.185,1,0,1,1,1
design,1000,60,senior,68.7,84,0.772,0.766,4.14,0.077,0.693,14,30,0.3,5.3,-0.748,1,0,3,1,1
writing,500,30,senior,70.69,109,0.865,0.848,4.43,0.12,0.752,0,30,12.6,5.9,-1.0,1,1,3,0,4
writing,2000,30,junior,20.38,2,0.705,0.414,3.35,0.21,0.473,0,20,5.8,2.1,0.408,1,1,1,1,4
marketing,1000,30,mid,30.31,10,0.735,0.736,3.79,0.18,0.845,0,10,1.4,4.9,0.788,1,1,2,0,3
marketing,5000,60,junior,9.34,25,0.709,0.669,3.69,0.226,0.575,0,20,1.7,2.9,0.075,1,1,1,0,3
design,500,30,mid,25.0,57,0.726,0.789,3.74,0.136,0.769,3,30,5.5,4.7,0.0,1,1,2,1,1
dev,10000,14,senior,74.2,1,0.932,0.794,4.76,0.074,0.757,7,10,5.0,4.4,0.297,0,1,3,0,2
data,1000,7,mid,49.38,13,0.708,0.811,3.95,0.111,0.768,0,30,2.0,2.6,0.025,1,1,2,1,0
data,1000,30,junior,12.66,32,0.669,0.444,3.38,0.225,0.351,1,30,30.8,2.4,0.506,1,1,1,1,0
dev,2000,60,junior,19.98,6,0.7,0.564,3.93,0.244,0.717,0,40,0.7,1.1,0.4,1,1,1,1,2
data,5000,30,senior,62.95,42,0.785,0.871,5.0,0.037,0.775,0,10,3.4,6.2,0.504,1,1,3,0,0
marketing,5000,30,junior,12.53,11,0.719,0.531,3.25,0.224,0.548,0,30,3.2,0.7,0.1,1,1,1,0,3
data,5000,60,mid,38.56,7,0.794,0.853,4.14,0.124,0.929,1,40,10.6,4.3,0.308,1,1,2,1,0
data,1000,30,junior,18.03,7,0.721,0.679,3.28,0.232,0.693,7,20,7.9,3.3,0.721,1,1,1,1,0
data,2000,7,expert,93.67,29,0.959,0.93,4.77,0.035,0.779,3,30,0.7,6.8,0.127,1,1,4,1,0
marketing,500,7,senior,37.65,83,0.877,0.753,3.82,0.06,0.714,1,20,8.2,5.4,-1.0,1,1,3,1,3
dev,10000,30,mid,24.87,38,0.621,0.756,4.01,0.05,0.618,7,40,2.7,3.0,0.099,1,1,2,1,2
marketing,2000,60,junior,16.84,11,0.723,0.573,3.35,0.219,0.371,0,20,9.9,2.6,0.337,1,1,1,1,3
marketing,20000,30,mid,38.72,25,0.808,0.643,3.82,0.13,0.494,0,10,17.0,4.8,0.077,1,1,2,1,3
marketing,500,90,expert,69.76,55,1.0,0.767,4.27,0.06,0.748,14,40,2.6,8.9,-1.0,1,1,4,1,3
writing,500,60,junior,10.02,44,0.633,0.504,3.08,0.201,0.534,3,20,0.4,0.3,0.802,1,0,1,1,4
design,500,60,mid,34.12,8,0.829,0.619,3.83,0.174,0.739,14,30,12.2,2.8,-0.73,1,1,2,1,1
writing,2000,60,mid,44.66,35,0.865,0.712,4.11,0.172,0.558,0,20,1.5,3.8,0.893,1,1,2,1,4
design,1000,30,mid,34.81,17,0.728,0.814,3.47,0.127,0.759,0,40,0.1,4.2,0.608,1,1,2,1,1
dev,2000,14,mid,36.96,48,0.618,0.753,3.59,0.143,0.73,3,40,4.3,3.0,0.739,1,1,2,1,2
design,500,7,junior,17.35,21,0.604,0.897,3.21,0.172,0.625,30,40,6.3,2.6,0.612,0,1,1,1,1
dev,1000,60,junior,19.98,6,0.7,0.564,3.93,0.244,0.717,0,40,0.7,1.1,0.799,1,1,1,1,2
dev,500,14,mid,14.78,50,0.72,0.631,3.56,0.118,0.632,3,30,4.0,4.8,0.818,1,1,2,1,2
design,500,14,mid,40.94,20,0.745,0.802,3.67,0.127,0.648,3,30,7.5,3.7,-1.0,1,0,2,0,1
writing,1000,30,expert,107.25,200,0.954,0.853,4.46,0.086,0.828,3,30,0.9,8.9,-1.0,1,1,4,1,4
marketing,1000,7,mid,16.92,3,0.844,0.666,3.67,0.206,0.595,0,10,4.4,4.4,0.677,1,1,2,1,3
marketing,10000,30,junior,17.87,1,0.602,0.676,3.69,0.223,0.478,1,20,15.9,4.4,0.071,1,1,1,0,3
marketing,2000,7,junior,17.87,1,0.602,0.676,3.69,0.223,0.478,1,20,15.9,4.4,0.357,1,1,1,0,3
data,500,60,junior,18.03,7,0.721,0.679,3.28,0.232,0.693,7,20,7.9,3.3,0.558,1,1,1,1,0
data,2000,90,junior,12.19,5,0.744,0.732,2.72,0.249,0.582,1,20,0.6,1.9,0.244,1,0,1,0,0
marketing,10000,30,expert,121.18,138,1.0,0.905,4.68,0.062,0.85,3,10,4.5,8.2,0.485,1,0,4,1,3
writing,1000,14,mid,18.37,33,0.621,0.58,4.26,0.184,0.629,3,30,2.8,4.7,0.735,1,1,2,1,4
marketing,2000,14,junior,9.34,25,0.709,0.669,3.69,0.226,0.575,0,20,1.7,2.9,0.187,1,1,1,1,3
writing,1000,90,mid,29.65,9,0.827,0.806,3.43,0.172,0.697,3,10,0.3,3.1,0.814,1,0,2,1,4
data,500,90,mid,11.87,88,0.762,0.704,3.8,0.205,0.77,0,20,17.6,4.8,0.95,1,0,2,1,0
dev,1000,14,junior,11.02,30,0.562,0.479,3.36,0.189,0.7,3,10,8.7,2.0,0.441,1,1,1,1,2
writing,500,90,mid,24.92,186,0.945,0.646,4.05,0.132,0.642,14,40,3.3,2.3,0.006,1,1,2,1,4
design,10000,30,junior,19.19,23,0.686,0.579,3.7,0.198,0.503,7,10,5.4,2.9,0.077,1,1,1,1,1
writing,1000,14,senior,80.36,105,0.767,0.812,5.0,0.105,0.783,3,30,7.8,7.1,-1.0,1,1,3,1,4
dev,1000,14,junior,11.17,9,0.607,0.622,3.56,0.22,0.536,0,20,5.0,1.6,0.447,1,1,1,0,2
design,1000,30,junior,8.0,24,0.562,0.664,3.14,0.231,0.471,0,10,5.3,1.5,0.32,1,1,1,0,1
dev,2000,60,mid,42.41,12,0.773,0.891,3.52,0.096,0.742,1,20,5.7,4.3,0.848,1,1,2,1,2
design,2000,30,mid,33.23,43,0.828,0.674,3.75,0.145,0.645,0,10,8.6,4.0,0.665,1,1,2,1,1
dev,500,14,mid,34.49,28,0.778,0.791,4.09,0.157,0.759,14,40,1.9,3.8,-0.759,0,0,2,0,2
data,10000,30,expert,154.05,25,0.968,0.855,4.39,0.057,0.968,14,40,1.4,8.8,0.616,1,1,4,1,0
design,500,30,senior,70.76,10,0.879,0.935,4.59,0.147,0.877,0,20,7.5,6.7,-1.0,1,1,3,1,1
marketing,500,30,expert,135.23,200,0.923,0.811,4.62,0.009,0.688,3,20,14.4,9.3,-1.0,1,0,4,1,3
marketing,10000,30,expert,132.56,11,0.935,1.0,4.68,0.085,0.786,1,20,4.2,7.7,0.53,1,1,4,1,3
writing,1000,90,mid,24.92,186,0.945,0.646,4.05,0.132,0.642,14,40,3.3,2.3,0.997,1,1,2,1,4
design,2000,60,expert,127.78,6,1.0,0.975,4.5,0.037,0.801,1,20,15.6,8.0,-0.556,1,0,4,1,1
writing,500,14,mid,23.55,1,0.769,0.767,4.48,0.132,0.724,3,20,1.6,3.3,0.116,1,1,2,0,4
writing,10000,30,mid,44.66,35,0.865,0.712,4.11,0.172,0.558,0,20,1.5,3.8,0.179,1,1,2,1,4
data,2000,90,mid,44.59,9,0.864,0.831,4.0,0.136,0.763,0,20,11.2,5.2,0.892,1,1,2,0,0
writing,5000,30,senior,68.52,22,0.993,0.874,4.14,0.15,0.889,0,40,0.4,4.8,0.548,1,0,3,1,4
dev,5000,60,mid,25.4,15,0.783,0.775,4.07,0.169,0.765,7,30,6.6,4.2,0.203,1,1,2,1,2
dev,500,60,junior,10.55,23,0.693,0.558,3.13,0.229,0.642,3,10,0.5,1.7,0.844,1,1,1,1,2
data,2000,60,mid,41.62,25,0.703,0.848,3.68,0.093,0.579,0,40,1.8,4.4,0.832,1,0,2,1,0
data,2000,14,junior,19.65,21,0.685,0.721,3.13,0.231,0.579,14,40,0.5,1.3,0.393,0,1,1,1,0
design,500,30,junior,8.66,17,0.749,0.696,3.13,0.226,0.75,3,30,1.4,0.9,0.693,1,1,1,1,1
design,500,60,junior,17.77,3,0.695,0.555,3.89,0.219,0.415,0,30,0.3,2.9,0.578,1,1,1,0,1
writing,1000,60,senior,50.95,169,0.858,0.873,3.41,0.114,0.873,7,20,4.7,5.0,-0.038,1,1,3,0,4
writing,5000,30,mid,43.54,14,0.788,0.564,3.04,0.166,0.785,7,20,14.7,3.5,0.348,1,1,2,1,4
marketing,500,7,junior,12.16,26,0.672,0.732,2.8,0.17,0.514,1,10,5.2,2.0,0.973,1,1,1,1,3
dev,1000,30,expert,64.32,104,0.979,0.926,4.11,0.03,0.945,1,40,3.1,8.9,-0.573,1,1,4,1,2
design,2000,14,senior,81.96,71,0.988,0.667,4.51,0.068,0.729,14,30,3.1,6.7,0.361,0,0,3,0,1
writing,1000,14,mid,49.96,1,0.751,0.811,4.35,0.158,0.646,0,30,20.9,4.0,0.002,1,1,2,0,4
dev,10000,14,mid,23.37,18,0.762,0.717,3.94,0.141,0.743,1,20,4.4,3.6,0.093,1,1,2,1,2
marketing,5000,7,junior,14.19,12,0.549,0.659,3.36,0.213,0.563,14,30,10.8,1.4,0.114,0,0,1,1,3
data,5000,60,junior,19.65,21,0.685,0.721,3.13,0.231,0.579,14,40,0.5,1.3,0.157,1,1,1,1,0
marketing,500,60,junior,19.47,8,0.733,0.529,3.75,0.205,0.818,3,30,10.0,1.3,0.442,1,1,1,1,3
writing,500,14,expert,111.44,200,0.927,0.955,4.52,0.038,0.879,3,10,10.9,9.4,-1.0,1,1,4,1,4
dev,2000,60,junior,17.43,6,0.766,0.628,3.38,0.211,0.497,0,40,0.3,1.1,0.349,1,1,1,1,2
dev,1000,30,senior,57.97,71,0.75,0.847,4.1,0.151,0.862,1,20,2.4,5.7,-0.319,1,1,3,1,2
design,5000,30,senior,67.16,41,0.957,0.772,4.56,0.125,0.789,7,10,1.6,5.4,0.537,1,1,3,1,1
writing,2000,14,mid,34.81,17,0.728,0.814,3.47,0.127,0.759,0,40,0.1,4.2,0.696,1,0,2,0,4
writing,1000,14,senior,69.5,31,0.694,0.819,4.11,0.094,0.695,3,30,6.5,6.3,-0.78,1,1,3,1,4
design,1000,14,mid,39.06,23,0.847,0.585,3.88,0.106,0.811,30,20,4.0,4.8,0.438,0,1,2,1,1
marketing,20000,30,junior,29.64,1,0.74,0.814,3.11,0.207,0.582,7,40,7.0,3.7,0.059,1,1,1,0,3
design,500,14,junior,10.5,59,0.587,0.614,3.48,0.222,0.65,3,30,4.3,2.4,0.84,1,1,1,1,1
writing,1000,14,mid,45.99,57,0.826,0.7,4.45,0.145,0.693,3,10,2.4,2.7,0.16,1,1,2,1,4
marketing,1000,30,senior,30.32,61,0.833,0.834,4.98,0.154,0.855,3,10,2.5,6.6,0.787,1,0,3,1,3
writing,1000,14,mid,38.36,38,0.84,0.584,4.26,0.19,0.642,1,20,0.1,3.4,0.466,1,1,2,1,4
data,1000,7,mid,45.99,57,0.826,0.7,4.45,0.145,0.693,3,10,2.4,2.7,0.16,1,0,2,1,0
data,10000,30,junior,17.21,52,0.621,0.541,3.21,0.203,0.498,1,10,5.3,1.9,0.069,1,1,1,0,0
writing,1000,14,mid,24.26,31,0.987,0.771,3.87,0.139,0.831,7,30,29.1,5.6,0.97,0,1,2,1,4
marketing,500,7,junior,8.0,11,0.706,0.857,3.45,0.14,0.514,0,30,0.7,2.1,0.64,1,1,1,0,3
design,2000,14,senior,93.34,14,0.867,0.747,5.0,0.08,0.897,3,20,1.2,7.6,0.133,1,1,3,1,1
data,2000,60,mid,47.84,5,0.759,0.753,4.59,0.148,0.495,0,30,3.4,4.9,0.957,1,1,2,1,0
marketing,1000,14,expert,115.39,112,0.909,0.969,4.44,0.07,0.791,0,30,4.7,7.8,-1.0,1,1,4,1,3
marketing,5000,14,expert,115.39,112,0.909,0.969,4.44,0.07,0.791,0,30,4.7,7.8,0.923,1,1,4,1,3
data,2000,90,junior,10.08,91,0.646,0.553,2.84,0.2,0.504,7,30,6.1,1.0,0.202,1,1,1,0,0
design,20000,90,mid,54.5,40,0.815,0.583,4.44,0.182,0.609,3,40,13.7,5.0,0.109,1,1,2,1,1
writing,2000,90,junior,19.17,9,0.659,0.557,3.74,0.161,0.705,1,20,4.1,1.0,0.383,1,1,1,1,4
marketing,2000,14,senior,68.73,85,0.885,0.839,4.48,0.081,0.748,7,30,0.3,6.4,0.625,0,0,3,1,3
marketing,10000,7,junior,13.2,17,0.799,0.789,3.9,0.229,0.488,7,20,0.5,2.8,0.053,0,0,1,1,3
marketing,2000,30,mid,24.92,125,0.722,0.785,3.95,0.129,0.546,7,20,2.3,3.1,0.498,1,1,2,1,3
marketing,500,14,junior,14.11,54,0.579,0.717,3.46,0.135,0.497,0,40,9.2,2.0,0.871,1,1,1,1,3
dev,5000,60,senior,79.18,57,0.924,0.934,4.18,0.094,0.944,0,30,2.0,6.6,0.633,1,0,3,1,2
writing,10000,30,junior,20.38,2,0.705,0.414,3.35,0.21,0.473,0,20,5.8,2.1,0.082,1,1,1,1,4
data,5000,30,senior,117.35,27,0.889,0.746,4.56,0.114,0.832,0,20,12.4,5.0,0.939,1,1,3,1,0
marketing,10000,30,mid,48.25,20,0.79,0.795,4.05,0.169,0.623,7,20,27.3,3.1,0.193,1,1,2,1,3
marketing,2000,90,mid,24.93,33,0.672,0.761,3.83,0.165,0.651,0,30,14.3,4.7,0.499,1,1,2,1,3
data,500,60,junior,8.23,90,0.66,0.492,3.34,0.219,0.581,7,10,13.6,1.5,0.658,1,0,1,1,0
writing,10000,30,mid,30.46,4,0.925,0.716,3.83,0.151,0.688,7,20,2.5,3.9,0.122,1,1,2,1,4
design,5000,90,expert,126.84,85,0.988,0.891,4.95,0.125,0.91,0,20,3.8,9.0,0.985,1,1,4,1,1
marketing,5000,30,mid,38.57,5,0.66,0.789,3.8,0.195,0.625,0,20,9.9,3.4,0.309,1,0,2,0,3
marketing,500,60,junior,9.27,14,0.775,0.429,3.19,0.175,0.733,1,10,22.3,2.6,0.742,1,1,1,1,3
dev,10000,7,mid,31.0,20,0.785,0.838,3.5,0.149,0.611,3,30,3.1,5.1,0.124,1,0,2,1,2
writing,500,30,senior,55.45,157,0.98,0.938,4.27,0.107,0.809,14,40,3.6,5.9,-1.0,1,1,3,1,4
dev,1000,60,junior,16.97,26,0.717,0.464,2.89,0.171,0.658,7,40,22.3,2.9,0.679,1,1,1,0,2
marketing,2000,30,junior,17.87,1,0.602,0.676,3.69,0.223,0.478,1,20,15.9,4.4,0.357,1,1,1,1,3
marketing,20000,7,expert,111.96,76,0.891,0.964,4.51,0.0,0.917,3,10,0.7,7.8,0.224,1,0,4,1,3
writing,5000,30,junior,10.76,87,0.71,0.781,3.47,0.19,0.499,0,20,2.0,1.5,0.086,1,1,1,1,4
dev,1000,90,mid,21.84,38,0.82,0.793,3.4,0.105,0.605,0,40,2.0,3.3,0.874,1,1,2,1,2
data,2000,14,mid,8.88,5,0.707,0.763,4.59,0.171,0.784,14,20,7.9,4.8,0.178,0,0,2,1,0
design,20000,60,junior,8.3,3,0.56,0.548,4.21,0.238,0.619,7,40,7.8,1.8,0.017,1,1,1,0,1
design,2000,30,mid,39.06,23,0.847,0.585,3.88,0.106,0.811,30,20,4.0,4.8,0.781,0,1,2,1,1
writing,2000,30,expert,78.05,200,1.0,0.913,4.72,0.0,0.849,0,30,0.8,8.3,0.439,1,1,4,1,4
marketing,2000,60,expert,78.23,105,0.979,0.728,4.65,0.03,0.661,7,10,0.5,9.0,0.435,1,1,4,1,3
design,1000,30,senior,59.84,59,0.917,0.965,4.61,0.097,1.0,0,30,5.1,6.9,-0.394,1,1,3,1,1
marketing,10000,14,mid,35.2,120,0.588,0.689,4.5,0.19,0.661,1,30,13.3,3.9,0.141,1,1,2,0,3
dev,500,14,mid,22.01,53,0.807,0.717,3.86,0.204,0.72,0,10,9.7,3.4,0.239,1,1,2,1,2
dev,500,30,senior,35.36,63,0.834,0.876,4.65,0.145,0.625,1,20,2.5,4.9,-0.829,1,1,3,1,2
design,1000,60,junior,16.67,2,0.575,0.667,3.15,0.142,0.729,3,30,7.5,1.6,0.667,1,0,1,1,1
data,1000,60,mid,22.46,32,0.791,0.887,4.0,0.143,0.803,1,20,1.3,3.8,0.898,1,0,2,1,0
dev,2000,14,senior,47.26,13,0.965,0.774,4.82,0.123,0.953,1,20,6.0,5.5,0.945,1,1,3,1,2
dev,500,90,mid,42.41,12,0.773,0.891,3.52,0.096,0.742,1,20,5.7,4.3,-1.0,1,1,2,1,2
dev,1000,60,mid,15.31,13,0.671,0.823,4.17,0.171,0.697,3,40,11.4,3.1,0.612,1,0,2,1,2
design,10000,14,mid,32.59,23,0.801,0.803,3.58,0.133,0.615,14,30,3.7,3.7,0.13,0,0,2,1,1
writing,1000,60,senior,81.96,71,0.988,0.667,4.51,0.068,0.729,14,30,3.1,6.7,-1.0,1,1,3,1,4
design,10000,90,mid,34.81,17,0.728,0.814,3.47,0.127,0.759,0,40,0.1,4.2,0.139,1,1,2,1,1
writing,5000,14,junior,18.73,0,0.0,0.0,0.0,0.0,0.0,30,10,9.5,1.4,0.15,0,1,1,1,4
writing,1000,60,senior,81.96,71,0.988,0.667,4.51,0.068,0.729,14,30,3.1,6.7,-1.0,1,1,3,1,4
dev,500,7,mid,27.57,3,0.832,0.85,3.68,0.112,0.753,30,20,27.8,2.2,-0.206,0,1,2,0,2
data,500,60,junior,9.25,36,0.612,0.517,2.98,0.159,0.542,1,40,0.3,0.3,0.74,1,1,1,0,0
dev,2000,30,mid,11.87,88,0.762,0.704,3.8,0.205,0.77,0,20,17.6,4.8,0.237,1,0,2,1,2
design,2000,14,junior,9.25,36,0.612,0.517,2.98,0.159,0.542,1,40,0.3,0.3,0.185,1,0,1,0,1
writing,2000,60,mid,32.55,11,0.824,0.86,3.96,0.133,0.731,7,20,3.1,3.8,0.651,1,0,2,1,4
dev,2000,30,junior,12.4,28,0.581,0.632,4.04,0.195,0.567,7,40,1.3,2.9,0.248,1,0,1,0,2
writing,500,30,mid,38.36,38,0.84,0.584,4.26,0.19,0.642,1,20,0.1,3.4,-1.0,1,1,2,1,4
marketing,1000,30,expert,96.51,46,0.907,1.0,4.51,0.12,1.0,0,20,2.0,7.5,-1.0,1,1,4,1,3
data,1000,7,mid,37.38,24,0.869,0.713,3.43,0.155,0.671,14,10,4.4,3.5,0.505,0,1,2,0,0
dev,500,7,expert,93.25,82,0.99,0.907,3.61,0.057,0.87,14,40,2.9,8.6,-1.0,0,1,4,1,2
design,2000,30,senior,98.51,2,0.681,0.763,4.49,0.048,0.725,3,10,7.1,5.5,0.03,1,1,3,1,1
dev,2000,30,mid,20.08,10,0.893,0.75,4.0,0.129,0.617,7,20,2.2,3.5,0.402,1,1,2,1,2
design,5000,30,senior,100.3,93,0.912,0.768,4.08,0.038,0.795,14,20,9.6,7.4,0.802,1,1,3,1,1
writing,1000,90,senior,80.36,105,0.767,0.812,5.0,0.105,0.783,3,30,7.8,7.1,-1.0,1,1,3,1,4
dev,2000,30,senior,70.14,29,1.0,0.791,4.18,0.095,0.772,7,20,1.8,7.1,0.597,1,1,3,1,2
data,10000,30,junior,18.03,7,0.721,0.679,3.28,0.232,0.693,7,20,7.9,3.3,0.072,1,1,1,1,0
writing,1000,30,mid,11.87,88,0.762,0.704,3.8,0.205,0.77,0,20,17.6,4.8,0.475,1,1,2,1,4
marketing,5000,30,mid,24.93,33,0.672,0.761,3.83,0.165,0.651,0,30,14.3,4.7,0.199,1,1,2,0,3
writing,1000,30,mid,43.54,14,0.788,0.564,3.04,0.166,0.785,7,20,14.7,3.5,0.258,1,1,2,0,4
design,5000,30,mid,36.65,153,0.815,0.808,4.08,0.2,0.679,1,10,9.3,4.7,0.293,1,1,2,1,1
marketing,1000,60,mid,44.6,7,0.665,0.711,3.92,0.082,0.67,7,30,0.5,4.0,0.216,1,1,2,1,3
marketing,2000,60,expert,101.64,200,0.948,0.949,4.14,0.101,0.85,3,20,7.9,9.6,-0.033,1,1,4,1,3
dev,1000,60,senior,61.85,19,0.866,0.845,4.25,0.107,0.947,0,20,12.0,5.6,-0.474,1,1,3,1,2
writing,5000,30,mid,38.36,38,0.84,0.584,4.26,0.19,0.642,1,20,0.1,3.4,0.307,1,1,2,1,4
dev,2000,30,mid,24.87,38,0.621,0.756,4.01,0.05,0.618,7,40,2.7,3.0,0.497,1,1,2,1,2
design,500,14,senior,80.04,34,0.843,0.89,4.52,0.079,0.659,7,20,10.9,5.6,-1.0,0,1,3,0,1
design,500,60,expert,79.27,22,0.823,0.965,5.0,0.051,0.678,3,30,0.1,8.5,-1.0,1,1,4,1,1
dev,5000,60,senior,117.35,27,0.889,0.746,4.56,0.114,0.832,0,20,12.4,5.0,0.939,1,0,3,1,2
data,2000,30,junior,13.38,7,0.486,0.688,3.47,0.219,0.512,7,20,7.9,2.2,0.268,1,1,1,0,0
design,20000,90,senior,43.41,56,0.91,0.813,4.46,0.116,0.832,1,30,4.8,7.3,0.087,1,1,3,1,1
dev,2000,30,senior,57.06,6,0.959,0.992,4.17,0.095,0.758,0,30,0.4,5.0,0.859,1,0,3,1,2
marketing,5000,60,junior,12.16,26,0.672,0.732,2.8,0.17,0.514,1,10,5.2,2.0,0.097,1,1,1,0,3
dev,5000,30,junior,10.55,23,0.693,0.558,3.13,0.229,0.642,3,10,0.5,1.7,0.084,1,1,1,1,2
dev,10000,7,senior,72.19,107,0.849,0.807,4.4,0.125,0.631,30,30,1.8,6.6,0.289,0,0,3,1,2
writing,5000,30,expert,78.05,200,1.0,0.913,4.72,0.0,0.849,0,30,0.8,8.3,0.624,1,1,4,1,4
writing,2000,7,junior,8.0,5,0.653,0.597,2.29,0.176,0.595,14,30,2.1,2.0,0.16,0,1,1,1,4
writing,10000,30,senior,45.8,18,0.925,0.809,4.96,0.063,0.894,1,40,1.7,7.2,0.183,1,1,3,1,4
data,1000,60,expert,121.18,138,1.0,0.905,4.68,0.062,0.85,3,10,4.5,8.2,-1.0,1,1,4,1,0
dev,1000,14,senior,92.33,8,0.969,0.903,4.13,0.094,0.605,30,20,3.1,6.1,-1.0,0,1,3,1,2
design,500,60,expert,103.62,67,1.0,0.999,4.91,0.016,0.993,0,30,44.7,6.9,-1.0,1,1,4,1,1
data,1000,30,junior,21.69,13,0.716,0.478,3.33,0.141,0.417,30,30,16.8,2.2,0.868,0,1,1,1,0
dev,2000,30,junior,15.83,44,0.644,0.721,3.21,0.16,0.207,3,20,2.7,0.2,0.317,1,1,1,1,2
data,2000,30,junior,16.76,1,0.537,0.492,3.17,0.175,0.489,14,30,12.2,0.5,0.335,1,1,1,0,0
writing,2000,60,mid,24.92,186,0.945,0.646,4.05,0.132,0.642,14,40,3.3,2.3,0.498,1,1,2,1,4
marketing,1000,90,junior,10.02,44,0.633,0.504,3.08,0.201,0.534,3,20,0.4,0.3,0.401,1,1,1,1,3
writing,500,60,expert,102.04,22,0.973,0.897,5.0,0.076,0.938,0,30,1.9,7.5,-1.0,1,1,4,1,4
marketing,10000,30,mid,24.92,125,0.722,0.785,3.95,0.129,0.546,7,20,2.3,3.1,0.1,1,1,2,1,3
dev,20000,90,senior,75.08,6,0.835,0.808,4.07,0.128,0.786,7,40,11.0,7.0,0.15,1,1,3,1,2
dev,1000,30,senior,27.63,15,1.0,0.777,3.63,0.151,0.873,0,20,14.0,5.5,0.895,1,0,3,1,2
marketing,1000,60,mid,45.99,57,0.826,0.7,4.45,0.145,0.693,3,10,2.4,2.7,0.16,1,0,2,1,3
writing,2000,30,junior,15.25,2,0.643,0.593,3.35,0.197,0.783,1,20,0.1,2.2,0.305,1,0,1,0,4
design,1000,7,senior,58.69,39,0.884,0.769,3.94,0.102,0.702,14,10,10.4,4.6,-0.348,0,1,3,1,1
marketing,1000,30,senior,93.74,21,0.95,0.689,4.22,0.099,0.856,3,30,2.8,6.9,-1.0,1,1,3,1,3
dev,1000,30,expert,99.3,24,0.852,0.884,5.0,0.064,0.849,0,40,7.3,9.8,-1.0,1,1,4,1,2
writing,10000,60,junior,8.0,5,0.653,0.597,2.29,0.176,0.595,14,30,2.1,2.0,0.032,1,1,1,1,4
dev,1000,14,mid,37.38,24,0.869,0.713,3.43,0.155,0.671,14,10,4.4,3.5,0.505,0,0,2,1,2
dev,1000,30,junior,16.97,26,0.717,0.464,2.89,0.171,0.658,7,40,22.3,2.9,0.679,1,1,1,0,2
design,1000,14,junior,10.49,12,0.723,0.545,3.2,0.181,0.724,3,30,9.0,1.7,0.42,1,1,1,1,1
marketing,500,30,mid,49.36,2,0.643,0.652,3.65,0.151,0.646,3,20,1.9,3.1,-1.0,1,1,2,0,3
design,5000,7,mid,36.81,36,0.783,0.743,4.61,0.176,0.557,3,30,1.0,4.9,0.294,1,1,2,1,1
dev,1000,14,mid,21.84,38,0.82,0.793,3.4,0.105,0.605,0,40,2.0,3.3,0.874,1,1,2,1,2
design,500,14,mid,28.56,17,0.796,0.744,3.9,0.19,0.669,1,30,5.4,3.8,-0.285,1,1,2,1,1
writing,1000,60,junior,21.05,12,0.505,0.561,4.19,0.166,0.616,0,30,4.0,1.9,0.842,1,0,1,0,4
design,500,14,expert,110.14,65,0.91,0.934,4.98,0.018,0.949,0,20,11.7,7.8,-1.0,1,1,4,1,1
writing,2000,30,senior,43.23,120,0.893,0.793,4.3,0.068,0.559,3,40,0.9,7.1,0.865,1,0,3,1,4
dev,10000,60,senior,67.8,60,0.851,0.697,4.23,0.108,0.684,1,40,0.4,5.0,0.271,1,1,3,0,2
design,2000,60,mid,31.0,20,0.785,0.838,3.5,0.149,0.611,3,30,3.1,5.1,0.62,1,0,2,0,1
data,1000,30,junior,16.97,26,0.717,0.464,2.89,0.171,0.658,7,40,22.3,2.9,0.679,1,0,1,1,0
marketing,2000,60,expert,96.65,60,0.868,0.839,4.46,0.012,0.889,0,40,2.7,6.6,0.067,1,1,4,1,3
design,1000,90,junior,17.35,21,0.604,0.897,3.21,0.172,0.625,30,40,6.3,2.6,0.694,1,1,1,0,1
writing,1000,14,mid,34.81,17,0.728,0.814,3.47,0.127,0.759,0,40,0.1,4.2,0.608,1,0,2,1,4
writing,500,60,senior,45.8,18,0.925,0.809,4.96,0.063,0.894,1,40,1.7,7.2,-1.0,1,1,3,1,4
data,1000,30,mid,47.84,5,0.759,0.753,4.59,0.148,0.495,0,30,3.4,4.9,0.086,1,1,2,1,0
data,1000,30,junior,13.64,0,0.0,0.0,0.0,0.0,0.0,0,40,1.7,3.0,0.546,1,1,1,1,0
design,500,90,expert,122.24,152,0.998,1.0,4.88,0.045,0.816,1,40,1.2,6.1,-1.0,1,0,4,1,1
design,1000,30,mid,32.59,23,0.801,0.803,3.58,0.133,0.615,14,30,3.7,3.7,0.696,1,0,2,1,1
data,2000,60,junior,18.0,8,0.767,0.548,3.17,0.209,0.578,14,10,1.1,2.7,0.36,1,1,1,0,0
dev,1000,30,expert,64.32,104,0.979,0.926,4.11,0.03,0.945,1,40,3.1,8.9,-0.573,1,1,4,1,2
dev,1000,60,mid,21.84,38,0.82,0.793,3.4,0.105,0.605,0,40,2.0,3.3,0.874,1,1,2,1,2
writing,1000,30,mid,33.03,100,0.77,0.822,3.61,0.105,0.529,0,40,0.4,3.2,0.679,1,1,2,1,4
data,5000,30,senior,48.57,61,0.91,0.881,4.55,0.07,0.818,7,10,10.5,6.9,0.389,1,1,3,1,0
data,2000,14,expert,152.55,161,0.894,0.889,4.43,0.041,0.936,1,30,2.5,9.2,-1.0,1,1,4,0,0
writing,1000,60,senior,49.19,174,0.909,0.865,4.21,0.106,0.769,7,30,1.5,8.1,0.032,1,0,3,1,4
data,10000,30,junior,9.25,36,0.612,0.517,2.98,0.159,0.542,1,40,0.3,0.3,0.037,1,1,1,1,0
dev,5000,7,mid,32.62,49,0.716,0.615,4.34,0.133,0.684,1,10,12.7,5.0,0.261,1,1,2,1,2
writing,5000,30,junior,14.1,0,0.0,0.0,0.0,0.0,0.0,0,40,2.6,1.7,0.113,1,1,1,0,4
data,2000,14,senior,53.0,200,0.786,0.907,4.68,0.147,0.828,1,40,7.7,5.6,0.94,1,1,3,0,0
marketing,500,90,mid,48.25,20,0.79,0.795,4.05,0.169,0.623,7,20,27.3,3.1,-1.0,1,1,2,0,3
design,5000,14,mid,39.06,23,0.847,0.585,3.88,0.106,0.811,30,20,4.0,4.8,0.312,0,1,2,1,1
writing,10000,7,expert,33.72,110,0.946,0.911,5.0,0.082,0.849,3,10,3.9,8.9,0.135,1,1,4,1,4
marketing,500,30,junior,11.75,3,0.639,0.499,2.73,0.215,0.61,1,10,5.9,3.3,0.94,1,1,1,1,3
data,10000,30,senior,30.32,61,0.833,0.834,4.98,0.154,0.855,3,10,2.5,6.6,0.121,1,1,3,1,0
writing,1000,60,mid,34.68,1,0.801,0.839,4.13,0.077,0.699,1,40,21.2,2.9,0.613,1,0,2,0,4
design,2000,90,senior,71.1,3,0.812,0.835,4.55,0.133,0.781,7,10,1.5,5.5,0.578,1,1,3,1,1
data,20000,60,expert,104.5,23,0.941,0.681,4.82,0.034,0.908,30,20,11.1,7.6,0.209,0,1,4,1,0
marketing,2000,30,mid,30.38,109,0.826,0.688,4.32,0.154,0.605,3,40,33.1,1.8,0.608,1,1,2,0,3
dev,1000,7,senior,42.04,67,0.902,0.858,4.27,0.082,0.773,0,40,0.8,7.3,0.318,1,0,3,1,2
dev,1000,60,mid,43.67,54,0.621,0.54,3.58,0.207,0.639,0,40,4.5,4.1,0.253,1,1,2,1,2
writing,1000,60,senior,51.22,66,0.877,0.845,4.41,0.106,0.621,3,30,4.9,5.3,-0.049,1,1,3,1,4
design,5000,60,mid,26.22,27,0.759,0.875,4.65,0.166,0.74,14,30,20.6,4.0,0.21,1,1,2,1,1
data,500,7,mid,37.2,17,0.798,0.689,4.38,0.168,0.876,1,20,8.5,2.6,-0.976,1,1,2,1,0
design,2000,30,mid,28.56,17,0.796,0.744,3.9,0.19,0.669,1,30,5.4,3.8,0.571,1,1,2,1,1
data,2000,60,expert,122.24,152,0.998,1.0,4.88,0.045,0.816,1,40,1.2,6.1,-0.445,1,1,4,0,0
design,500,60,mid,35.53,11,0.698,0.612,4.08,0.203,0.613,0,30,0.5,2.3,-0.842,1,1,2,1,1
dev,10000,7,junior,24.2,14,0.7,0.626,3.46,0.2,0.435,0,30,3.3,2.0,0.097,1,1,1,1,2
design,1000,14,senior,93.44,11,0.843,0.831,4.53,0.101,0.855,0,20,15.9,6.3,-1.0,1,0,3,0,1
design,2000,7,senior,67.16,41,0.957,0.772,4.56,0.125,0.789,7,10,1.6,5.4,0.657,0,1,3,1,1
marketing,2000,7,senior,57.06,6,0.959,0.992,4.17,0.095,0.758,0,30,0.4,5.0,0.859,1,1,3,1,3
design,10000,30,senior,65.16,21,0.749,0.842,4.53,0.104,0.747,3,10,0.0,5.0,0.261,1,1,3,1,1
writing,2000,14,junior,11.63,30,0.598,0.519,3.17,0.176,0.597,7,40,0.9,0.0,0.233,0,1,1,1,4
writing,2000,7,mid,34.56,1,0.954,0.588,3.16,0.174,0.612,1,10,8.7,3.7,0.691,1,1,2,0,4
data,2000,60,junior,12.1,18,0.522,0.535,3.09,0.251,0.377,14,10,12.6,0.8,0.242,1,1,1,1,0
writing,500,14,junior,13.85,1,0.67,0.557,4.12,0.193,0.624,0,30,3.7,3.3,0.892,1,1,1,0,4
data,500,60,mid,38.73,11,0.762,0.821,3.58,0.195,0.653,0,20,0.2,4.1,-1.0,1,1,2,1,0
data,5000,7,expert,44.21,62,0.977,0.836,4.09,0.058,0.681,7,20,7.8,9.3,0.354,0,1,4,1,0
design,5000,60,junior,12.4,28,0.581,0.632,4.04,0.195,0.567,7,40,1.3,2.9,0.099,1,1,1,1,1
dev,2000,30,senior,74.2,1,0.932,0.794,4.76,0.074,0.757,7,10,5.0,4.4,0.516,1,1,3,1,2
dev,10000,60,mid,37.92,55,0.776,0.785,3.55,0.157,0.682,14,30,1.8,6.8,0.152,1,1,2,1,2
design,1000,60,mid,27.76,25,0.734,0.612,3.91,0.114,0.773,14,20,4.1,3.9,0.89,1,1,2,1,1
data,2000,30,senior,49.89,2,0.896,0.681,4.75,0.105,0.754,1,20,1.6,4.5,0.998,1,1,3,0,0
dev,500,14,mid,42.22,0,0.0,0.0,0.0,0.0,0.0,7,40,0.2,4.4,-1.0,0,1,2,1,2
writing,20000,7,expert,112.93,37,0.914,0.807,4.79,0.125,0.798,0,40,0.5,8.1,0.226,1,1,4,1,4
marketing,10000,30,junior,21.0,6,0.627,0.668,2.69,0.179,0.556,0,30,3.8,2.0,0.084,1,0,1,1,3
writing,500,30,junior,19.74,7,0.568,0.525,3.74,0.225,0.525,1,20,7.5,3.1,0.421,1,1,1,1,4
data,1000,30,expert,122.24,152,0.998,1.0,4.88,0.045,0.816,1,40,1.2,6.1,-1.0,1,1,4,1,0
writing,1000,60,mid,16.92,3,0.844,0.666,3.67,0.206,0.595,0,10,4.4,4.4,0.677,1,0,2,0,4
data,20000,7,expert,135.23,200,0.923,0.811,4.62,0.009,0.688,3,20,14.4,9.3,0.27,1,1,4,1,0
marketing,1000,90,expert,78.23,105,0.979,0.728,4.65,0.03,0.661,7,10,0.5,9.0,-1.0,1,1,4,1,3
dev,2000,60,mid,23.37,18,0.762,0.717,3.94,0.141,0.743,1,20,4.4,3.6,0.467,1,1,2,1,2
design,5000,14,junior,14.81,40,0.699,0.609,3.17,0.188,0.574,1,10,6.2,0.6,0.118,1,0,1,0,1
marketing,2000,14,junior,13.38,7,0.486,0.688,3.47,0.219,0.512,7,20,7.9,2.2,0.268,0,0,1,0,3
marketing,1000,14,senior,99.75,62,0.795,0.853,4.77,0.066,0.781,0,10,1.1,7.3,-1.0,1,1,3,0,3
design,1000,60,senior,57.18,17,0.757,0.715,4.74,0.043,0.757,1,20,8.4,7.4,-0.287,1,0,3,1,1
writing,10000,14,mid,38.29,4,0.779,0.796,4.85,0.152,0.557,0,20,9.8,2.3,0.153,1,1,2,1,4
data,500,14,junior,10.64,20,0.854,0.641,3.48,0.235,0.504,14,30,4.9,0.9,0.851,0,1,1,1,0
dev,1000,30,junior,24.2,14,0.7,0.626,3.46,0.2,0.435,0,30,3.3,2.0,0.968,1,1,1,1,2
design,500,60,senior,46.14,108,0.959,0.944,4.03,0.126,0.613,3,20,0.5,7.5,-1.0,1,1,3,1,1
writing,2000,14,mid,47.35,6,0.893,0.807,3.84,0.159,0.62,14,30,6.6,4.1,0.947,0,1,2,1,4
marketing,1000,30,mid,18.11,52,0.739,0.817,3.94,0.16,0.7,1,20,4.8,4.5,0.724,1,1,2,0,3
dev,1000,30,mid,42.41,12,0.773,0.891,3.52,0.096,0.742,1,20,5.7,4.3,0.304,1,1,2,1,2
design,5000,90,mid,37.17,91,0.667,0.79,3.07,0.149,0.618,1,40,0.6,2.7,0.297,1,1,2,0,1
dev,2000,14,senior,74.2,1,0.932,0.794,4.76,0.074,0.757,7,10,5.0,4.4,0.516,0,1,3,1,2
marketing,2000,14,junior,19.74,7,0.568,0.525,3.74,0.225,0.525,1,20,7.5,3.1,0.395,1,0,1,1,3
design,10000,90,mid,39.41,24,0.813,0.711,4.03,0.209,0.677,1,10,6.4,3.5,0.158,1,0,2,1,1
design,1000,30,junior,19.19,23,0.686,0.579,3.7,0.198,0.503,7,10,5.4,2.9,0.768,1,1,1,1,1
marketing,1000,14,senior,55.62,69,0.684,0.837,4.56,0.104,0.613,1,30,0.8,6.1,-0.225,1,1,3,1,3
design,500,7,senior,59.84,59,0.917,0.965,4.61,0.097,1.0,0,30,5.1,6.9,-1.0,1,1,3,1,1
writing,2000,30,expert,73.4,8,0.99,0.988,4.55,0.068,0.865,3,10,0.7,8.1,0.532,1,0,4,1,4
marketing,1000,14,mid,44.55,14,0.925,0.792,4.03,0.177,0.618,1,10,1.7,4.5,0.218,1,1,2,1,3
design,10000,90,junior,13.2,17,0.799,0.789,3.9,0.229,0.488,7,20,0.5,2.8,0.053,1,1,1,1,1
design,2000,60,senior,69.99,55,0.959,0.73,4.6,0.095,0.861,1,30,0.3,6.5,0.6,1,1,3,1,1
dev,2000,60,mid,14.78,50,0.72,0.631,3.56,0.118,0.632,3,30,4.0,4.8,0.296,1,1,2,1,2
dev,2000,30,senior,28.15,12,0.87,0.747,4.1,0.158,0.824,1,40,15.4,4.3,0.563,1,1,3,1,2
marketing,2000,90,expert,96.51,46,0.907,1.0,4.51,0.12,1.0,0,20,2.0,7.5,0.07,1,1,4,1,3
data,2000,7,junior,12.66,32,0.669,0.444,3.38,0.225,0.351,1,30,30.8,2.4,0.253,1,1,1,1,0
data,500,60,mid,31.94,32,0.777,0.946,3.94,0.139,0.617,7,20,1.5,5.6,-0.555,1,1,2,1,0
dev,500,30,junior,11.02,30,0.562,0.479,3.36,0.189,0.7,3,10,8.7,2.0,0.882,1,1,1,1,2
marketing,5000,60,senior,58.15,4,0.746,0.86,3.78,0.117,0.699,14,30,7.9,5.1,0.465,1,1,3,1,3
writing,20000,60,junior,11.63,30,0.598,0.519,3.17,0.176,0.597,7,40,0.9,0.0,0.023,1,1,1,0,4
writing,1000,14,senior,57.9,74,0.913,0.636,4.11,0.152,0.821,0,30,1.6,6.5,-0.316,1,1,3,1,4
data,2000,14,mid,17.14,33,0.763,0.813,4.79,0.155,0.703,3,40,9.6,4.0,0.343,1,1,2,1,0
dev,20000,60,mid,28.79,17,0.904,0.568,3.24,0.211,0.886,1,10,4.1,3.9,0.058,1,1,2,1,2
data,10000,30,mid,29.65,9,0.827,0.806,3.43,0.172,0.697,3,10,0.3,3.1,0.119,1,1,2,1,0
design,1000,14,senior,80.04,34,0.843,0.89,4.52,0.079,0.659,7,20,10.9,5.6,-1.0,0,1,3,0,1
dev,2000,90,mid,25.41,7,0.779,0.754,3.56,0.157,0.645,0,20,13.3,3.6,0.508,1,1,2,1,2
design,2000,60,senior,79.55,17,0.851,1.0,4.68,0.111,0.94,0,10,2.3,5.2,0.409,1,1,3,1,1
marketing,500,30,mid,34.68,1,0.801,0.839,4.13,0.077,0.699,1,40,21.2,2.9,-0.774,1,1,2,1,3
design,500,14,expert,73.4,8,0.99,0.988,4.55,0.068,0.865,3,10,0.7,8.1,-1.0,1,1,4,1,1
writing,1000,30,mid,39.46,17,0.98,0.685,4.66,0.142,0.543,0,10,2.1,3.7,0.422,1,1,2,1,4
dev,1000,30,junior,9.03,19,0.71,0.667,2.63,0.181,0.74,1,30,0.1,3.0,0.361,1,1,1,1,2
marketing,500,60,mid,29.87,16,0.88,0.648,4.15,0.113,0.857,3,30,12.7,5.8,-0.39,1,1,2,1,3
marketing,20000,60,junior,10.02,44,0.633,0.504,3.08,0.201,0.534,3,20,0.4,0.3,0.02,1,1,1,1,3
dev,500,60,mid,25.41,7,0.779,0.754,3.56,0.157,0.645,0,20,13.3,3.6,-0.033,1,1,2,0,2
dev,1000,60,senior,21.89,20,0.77,0.812,4.34,0.107,0.705,0,30,0.5,5.1,0.876,1,1,3,1,2
marketing,1000,30,mid,37.13,8,0.655,0.607,3.91,0.185,0.758,0,20,0.4,2.5,0.515,1,1,2,1,3
dev,5000,30,junior,19.47,8,0.733,0.529,3.75,0.205,0.818,3,30,10.0,1.3,0.156,1,0,1,1,2
marketing,1000,14,senior,79.18,57,0.924,0.934,4.18,0.094,0.944,0,30,2.0,6.6,-1.0,1,0,3,1,3
writing,5000,60,junior,19.74,7,0.568,0.525,3.74,0.225,0.525,1,20,7.5,3.1,0.158,1,1,1,1,4
marketing,5000,14,mid,35.2,120,0.588,0.689,4.5,0.19,0.661,1,30,13.3,3.9,0.282,1,1,2,1,3
dev,5000,60,mid,38.36,40,0.796,0.722,3.93,0.136,0.732,0,20,4.1,3.2,0.307,1,1,2,1,2
design,1000,7,mid,34.43,4,0.787,0.623,4.28,0.22,0.678,0,30,11.0,4.5,0.623,1,1,2,1,1
writing,2000,60,senior,81.96,71,0.988,0.667,4.51,0.068,0.729,14,30,3.1,6.7,0.361,1,1,3,1,4
dev,5000,60,expert,96.25,104,1.0,0.937,4.92,0.045,0.867,30,10,6.9,7.4,0.77,0,0,4,1,2
writing,10000,60,junior,10.76,87,0.71,0.781,3.47,0.19,0.499,0,20,2.0,1.5,0.043,1,1,1,0,4
marketing,2000,14,senior,65.17,2,0.861,0.909,4.45,0.101,0.829,1,40,6.7,5.9,0.697,1,1,3,1,3
design,1000,14,senior,79.18,57,0.924,0.934,4.18,0.094,0.944,0,30,2.0,6.6,-1.0,1,1,3,1,1
data,5000,90,mid,49.38,13,0.708,0.811,3.95,0.111,0.768,0,30,2.0,2.6,0.395,1,1,2,0,0
dev,1000,60,senior,47.26,13,0.965,0.774,4.82,0.123,0.953,1,20,6.0,5.5,0.11,1,1,3,1,2
design,1000,30,expert,167.0,23,0.859,1.0,4.3,0.065,0.692,3,10,4.1,8.9,-1.0,1,1,4,0,1
writing,1000,30,junior,19.17,9,0.659,0.557,3.74,0.161,0.705,1,20,4.1,1.0,0.767,1,1,1,1,4
writing,1000,60,mid,48.74,3,0.71,0.49,4.03,0.203,0.517,7,10,1.3,4.1,0.05,1,0,2,0,4
data,2000,30,junior,18.0,8,0.767,0.548,3.17,0.209,0.578,14,10,1.1,2.7,0.36,1,1,1,1,0
design,20000,60,junior,14.5,5,0.638,0.503,3.31,0.197,0.813,3,10,5.6,1.0,0.029,1,0,1,1,1
marketing,1000,90,senior,42.04,67,0.902,0.858,4.27,0.082,0.773,0,40,0.8,7.3,0.318,1,1,3,1,3
dev,2000,60,junior,11.02,30,0.562,0.479,3.36,0.189,0.7,3,10,8.7,2.0,0.22,1,1,1,0,2
marketing,2000,30,senior,58.15,4,0.746,0.86,3.78,0.117,0.699,14,30,7.9,5.1,0.837,1,1,3,1,3
design,20000,60,senior,49.19,174,0.909,0.865,4.21,0.106,0.769,7,30,1.5,8.1,0.098,1,1,3,1,1
design,5000,30,senior,52.17,70,0.948,0.84,4.38,0.057,0.891,0,10,7.1,6.5,0.417,1,1,3,1,1
marketing,500,60,expert,115.39,112,0.909,0.969,4.44,0.07,0.791,0,30,4.7,7.8,-1.0,1,1,4,1,3
writing,1000,60,senior,57.9,74,0.913,0.636,4.11,0.152,0.821,0,30,1.6,6.5,-0.316,1,1,3,1,4
dev,2000,14,senior,82.33,33,0.841,0.838,5.0,0.058,0.942,7,20,3.7,7.3,0.353,0,1,3,1,2
data,5000,60,mid,39.86,20,0.873,0.721,4.24,0.139,0.69,7,10,3.4,3.9,0.319,1,1,2,0,0
writing,2000,30,senior,62.39,85,0.881,0.685,3.96,0.086,0.698,14,40,2.8,7.7,0.752,1,0,3,1,4
dev,5000,90,senior,68.7,84,0.772,0.766,4.14,0.077,0.693,14,30,0.3,5.3,0.55,1,1,3,1,2
design,1000,14,junior,15.05,10,0.707,0.644,3.41,0.237,0.443,7,30,1.0,2.1,0.602,0,1,1,1,1
marketing,500,30,mid,35.0,19,0.766,0.629,3.17,0.198,0.574,0,20,7.8,1.3,-0.8,1,0,2,1,3
marketing,10000,30,junior,12.53,11,0.719,0.531,3.25,0.224,0.548,0,30,3.2,0.7,0.05,1,1,1,0,3
writing,1000,60,junior,19.68,2,0.605,0.488,3.58,0.266,0.512,0,20,3.2,1.3,0.787,1,0,1,0,4
data,2000,14,mid,20.65,1,0.681,0.846,4.17,0.141,0.633,3,10,0.6,4.6,0.413,1,1,2,1,0
design,10000,60,mid,32.13,15,0.864,0.886,3.79,0.143,0.65,30,10,5.0,3.6,0.129,0,0,2,0,1
data,500,60,senior,72.19,107,0.849,0.807,4.4,0.125,0.631,30,30,1.8,6.6,-1.0,0,1,3,1,0
writing,10000,14,mid,23.12,42,0.803,0.594,4.09,0.149,0.518,0,10,1.5,5.2,0.092,1,1,2,1,4
design,10000,7,senior,43.23,120,0.893,0.793,4.3,0.068,0.559,3,40,0.9,7.1,0.173,1,0,3,1,1
writing,1000,14,expert,112.93,155,0.949,0.695,4.42,0.085,0.737,7,20,12.2,8.5,-1.0,0,1,4,1,4
writing,20000,30,mid,42.45,9,0.795,0.76,3.42,0.182,0.737,1,20,5.8,3.3,0.085,1,1,2,1,4
marketing,500,30,junior,13.92,25,0.62,0.623,3.35,0.249,0.449,0,20,13.6,2.3,0.886,1,1,1,1,3
design,500,30,mid,34.13,36,0.832,0.805,3.88,0.15,0.599,3,30,5.2,3.9,-0.73,1,1,2,1,1
design,10000,14,mid,39.06,23,0.847,0.585,3.88,0.106,0.811,30,20,4.0,4.8,0.156,0,1,2,0,1
design,5000,30,senior,73.22,87,0.832,0.949,4.68,0.111,0.887,0,20,0.5,4.4,0.586,1,1,3,1,1
dev,10000,30,junior,27.53,29,0.648,0.422,3.15,0.21,0.601,30,20,4.8,2.3,0.11,0,1,1,1,2
design,500,30,senior,77.75,8,0.861,0.802,4.13,0.062,0.724,3,20,0.2,7.0,-1.0,1,1,3,1,1
data,1000,60,mid,44.59,9,0.864,0.831,4.0,0.136,0.763,0,20,11.2,5.2,0.216,1,1,2,0,0
dev,2000,30,mid,30.57,139,0.962,0.771,3.73,0.206,0.8,14,10,2.0,5.8,0.611,1,1,2,1,2
dev,2000,7,mid,22.01,53,0.807,0.717,3.86,0.204,0.72,0,10,9.7,3.4,0.44,1,1,2,1,2
design,5000,30,senior,77.75,8,0.861,0.802,4.13,0.062,0.724,3,20,0.2,7.0,0.622,1,1,3,1,1
dev,20000,30,mid,22.07,137,0.73,0.889,4.26,0.165,0.607,0,40,25.8,5.6,0.044,1,1,2,0,2
writing,500,30,senior,47.26,13,0.965,0.774,4.82,0.123,0.953,1,20,6.0,5.5,-1.0,1,0,3,1,4
design,500,14,mid,48.19,6,0.555,0.567,3.93,0.138,0.83,3,30,6.8,1.7,-1.0,1,1,2,1,1
marketing,500,60,junior,10.02,44,0.633,0.504,3.08,0.201,0.534,3,20,0.4,0.3,0.802,1,1,1,1,3
data,5000,60,mid,44.59,9,0.864,0.831,4.0,0.136,0.763,0,20,11.2,5.2,0.357,1,1,2,0,0
data,10000,60,senior,31.26,58,0.882,0.862,4.72,0.078,0.785,3,20,2.7,6.1,0.125,1,1,3,0,0
marketing,10000,90,mid,49.36,2,0.643,0.652,3.65,0.151,0.646,3,20,1.9,3.1,0.197,1,1,2,1,3
design,1000,30,mid,54.5,40,0.815,0.583,4.44,0.182,0.609,3,40,13.7,5.0,-0.18,1,1,2,1,1
data,20000,30,mid,39.46,56,0.81,0.809,4.5,0.134,0.618,3,30,0.1,2.9,0.079,1,1,2,1,0
marketing,2000,7,junior,19.21,2,0.654,0.464,3.27,0.178,0.433,14,20,31.3,2.0,0.384,0,0,1,0,3
data,500,30,expert,132.1,51,0.972,0.839,4.31,0.018,0.779,1,20,0.7,8.9,-1.0,1,1,4,1,0
data,1000,14,senior,111.41,38,0.893,0.987,4.35,0.143,0.918,1,30,8.2,6.5,-1.0,1,0,3,1,0
data,2000,30,mid,29.65,9,0.827,0.806,3.43,0.172,0.697,3,10,0.3,3.1,0.593,1,1,2,1,0
dev,500,90,senior,75.08,6,0.835,0.808,4.07,0.128,0.786,7,40,11.0,7.0,-1.0,1,1,3,1,2
data,1000,60,mid,39.46,56,0.81,0.809,4.5,0.134,0.618,3,30,0.1,2.9,0.422,1,1,2,1,0
data,1000,60,mid,26.38,173,0.715,0.812,3.99,0.151,0.582,0,20,1.6,5.3,0.945,1,0,2,1,0
data,2000,7,expert,135.23,200,0.923,0.811,4.62,0.009,0.688,3,20,14.4,9.3,-0.705,1,1,4,1,0
dev,500,60,expert,85.63,27,0.861,0.918,4.97,0.031,0.907,3,30,10.7,7.6,-1.0,1,1,4,1,2
design,500,30,senior,74.64,5,1.0,0.885,5.0,0.099,0.836,1,30,10.5,5.9,-1.0,1,0,3,0,1
design,5000,30,junior,21.46,59,0.504,0.601,2.94,0.203,0.343,0,20,10.3,0.1,0.172,1,1,1,1,1
writing,5000,14,mid,39.41,24,0.813,0.711,4.03,0.209,0.677,1,10,6.4,3.5,0.315,1,1,2,1,4
data,10000,30,junior,12.66,32,0.669,0.444,3.38,0.225,0.351,1,30,30.8,2.4,0.051,1,1,1,0,0
writing,10000,7,mid,24.92,186,0.945,0.646,4.05,0.132,0.642,14,40,3.3,2.3,0.1,0,1,2,1,4
design,5000,30,senior,43.41,56,0.91,0.813,4.46,0.116,0.832,1,30,4.8,7.3,0.347,1,1,3,1,1
dev,500,90,mid,24.87,38,0.621,0.756,4.01,0.05,0.618,7,40,2.7,3.0,0.01,1,1,2,1,2
writing,1000,60,junior,13.91,19,0.487,0.73,3.54,0.262,0.49,1,40,19.5,0.5,0.556,1,1,1,1,4
dev,10000,7,mid,20.08,10,0.893,0.75,4.0,0.129,0.617,7,20,2.2,3.5,0.08,0,1,2,0,2
writing,1000,14,senior,52.2,36,1.0,0.855,3.75,0.09,0.703,0,30,1.0,6.7,-0.088,1,1,3,1,4
dev,5000,90,mid,21.02,15,0.814,0.816,4.02,0.198,0.7,7,30,1.7,3.8,0.168,1,1,2,1,2
data,5000,14,junior,12.31,47,0.781,0.522,3.49,0.166,0.751,3,30,9.8,1.5,0.098,1,0,1,0,0
design,500,30,expert,85.63,27,0.861,0.918,4.97,0.031,0.907,3,30,10.7,7.6,-1.0,1,0,4,1,1
marketing,10000,60,senior,76.45,22,0.855,0.967,4.72,0.012,0.68,0,30,2.4,6.9,0.306,1,1,3,1,3
marketing,10000,60,junior,17.21,52,0.621,0.541,3.21,0.203,0.498,1,10,5.3,1.9,0.069,1,0,1,0,3
marketing,2000,90,senior,47.26,13,0.965,0.774,4.82,0.123,0.953,1,20,6.0,5.5,0.945,1,0,3,1,3
dev,2000,60,mid,48.74,3,0.71,0.49,4.03,0.203,0.517,7,10,1.3,4.1,0.975,1,1,2,0,2
data,1000,14,junior,16.76,1,0.537,0.492,3.17,0.175,0.489,14,30,12.2,0.5,0.67,0,1,1,0,0
data,2000,7,expert,112.75,1,0.846,0.965,4.61,0.035,0.834,14,10,6.9,10.0,-0.255,0,1,4,1,0
design,500,60,senior,70.76,10,0.879,0.935,4.59,0.147,0.877,0,20,7.5,6.7,-1.0,1,1,3,1,1
data,5000,60,junior,24.73,17,0.746,0.448,3.03,0.211,0.707,3,20,1.9,1.9,0.198,1,1,1,1,0
design,5000,90,senior,70.14,29,1.0,0.791,4.18,0.095,0.772,7,20,1.8,7.1,0.561,1,0,3,0,1
writing,500,30,junior,14.11,54,0.579,0.717,3.46,0.135,0.497,0,40,9.2,2.0,0.871,1,0,1,1,4
marketing,5000,60,senior,99.75,62,0.795,0.853,4.77,0.066,0.781,0,10,1.1,7.3,0.798,1,1,3,0,3
dev,5000,7,expert,82.97,1,1.0,0.732,5.0,0.084,0.733,14,10,1.6,9.0,0.664,0,1,4,1,2
writing,500,30,mid,39.46,17,0.98,0.685,4.66,0.142,0.543,0,10,2.1,3.7,-1.0,1,1,2,0,4
dev,2000,60,mid,25.4,15,0.783,0.775,4.07,0.169,0.765,7,30,6.6,4.2,0.508,1,1,2,0,2
data,500,90,senior,42.1,4,0.806,0.884,4.86,0.11,0.861,3,40,5.3,6.8,-1.0,1,1,3,1,0
marketing,10000,60,junior,13.81,12,0.726,0.607,3.71,0.203,0.542,0,40,0.3,1.5,0.055,1,1,1,1,3
writing,5000,14,senior,54.02,32,1.0,0.889,4.89,0.106,0.785,3,30,4.9,6.3,0.432,1,0,3,1,4
data,1000,7,junior,17.21,52,0.621,0.541,3.21,0.203,0.498,1,10,5.3,1.9,0.688,1,1,1,0,0
data,2000,60,junior,13.38,7,0.486,0.688,3.47,0.219,0.512,7,20,7.9,2.2,0.268,1,1,1,1,0
data,1000,30,senior,62.95,42,0.785,0.871,5.0,0.037,0.775,0,10,3.4,6.2,-0.518,1,1,3,1,0
data,10000,60,mid,34.27,3,0.73,0.681,3.77,0.123,0.608,0,10,0.7,3.3,0.137,1,1,2,1,0
design,500,30,mid,36.69,5,0.957,0.829,3.65,0.146,0.714,3,30,10.0,3.9,-0.935,1,1,2,1,1
dev,500,14,mid,36.96,48,0.618,0.753,3.59,0.143,0.73,3,40,4.3,3.0,-0.957,1,1,2,1,2
dev,5000,30,expert,116.92,3,0.85,0.709,4.91,0.01,0.928,7,30,6.4,8.4,0.935,1,0,4,0,2
data,2000,30,senior,60.42,48,0.848,0.797,4.39,0.103,0.787,3,30,19.4,6.4,0.792,1,1,3,1,0
dev,1000,90,senior,105.59,11,0.833,0.604,3.9,0.091,0.785,1,30,13.7,6.1,-1.0,1,0,3,0,2
writing,2000,30,senior,92.89,109,0.862,0.711,4.67,0.072,0.667,0,20,1.4,6.9,0.142,1,1,3,0,4
dev,10000,7,junior,11.02,30,0.562,0.479,3.36,0.189,0.7,3,10,8.7,2.0,0.044,1,1,1,1,2
dev,500,60,junior,16.97,26,0.717,0.464,2.89,0.171,0.658,7,40,22.3,2.9,0.642,1,1,1,0,2
marketing,500,30,junior,10.08,5,0.69,0.53,3.53,0.207,0.53,1,10,11.9,3.1,0.806,1,1,1,0,3
marketing,1000,90,junior,14.83,5,0.559,0.514,2.67,0.226,0.457,3,40,8.5,0.8,0.593,1,1,1,1,3
data,1000,90,senior,53.0,200,0.786,0.907,4.68,0.147,0.828,1,40,7.7,5.6,-0.12,1,1,3,0,0
writing,1000,30,mid,23.12,42,0.803,0.594,4.09,0.149,0.518,0,10,1.5,5.2,0.925,1,1,2,1,4
data,500,30,senior,77.72,103,0.776,0.852,4.6,0.099,0.853,0,20,6.2,6.6,-1.0,1,0,3,1,0
writing,2000,90,mid,45.24,5,0.801,0.816,3.86,0.153,0.816,7,30,1.0,3.8,0.905,1,1,2,1,4
writing,2000,30,mid,39.99,38,0.796,0.576,3.34,0.137,0.59,0,10,20.2,5.9,0.8,1,1,2,1,4
design,10000,30,mid,26.22,27,0.759,0.875,4.65,0.166,0.74,14,30,20.6,4.0,0.105,1,1,2,1,1
marketing,20000,14,junior,11.75,3,0.639,0.499,2.73,0.215,0.61,1,10,5.9,3.3,0.023,1,1,1,1,3
design,1000,60,junior,21.46,59,0.504,0.601,2.94,0.203,0.343,0,20,10.3,0.1,0.858,1,1,1,1,1
data,20000,30,senior,67.06,6,0.79,1.0,5.0,0.118,0.787,3,10,1.1,5.8,0.134,1,0,3,1,0
dev,500,30,junior,8.0,3,0.52,0.617,2.28,0.184,0.712,7,30,10.4,2.3,0.64,1,1,1,1,2
design,5000,30,mid,30.73,132,0.687,0.673,3.74,0.191,0.642,3,30,1.3,2.5,0.246,1,1,2,1,1
writing,500,7,mid,36.77,27,0.613,0.902,3.79,0.159,0.675,0,10,7.7,3.6,-0.942,1,1,2,1,4
data,10000,60,expert,152.21,186,0.873,0.853,5.0,0.106,0.931,7,20,1.1,6.5,0.609,1,1,4,1,0
data,2000,30,expert,132.1,51,0.972,0.839,4.31,0.018,0.779,1,20,0.7,8.9,-0.642,1,1,4,1,0
writing,2000,14,mid,38.07,17,0.84,0.587,4.26,0.195,0.569,0,20,7.5,1.5,0.761,1,1,2,1,4
design,500,30,junior,14.96,25,0.686,0.657,3.58,0.148,0.812,7,20,20.7,1.1,0.803,1,0,1,0,1
data,2000,30,junior,8.0,18,0.72,0.461,3.01,0.192,0.488,0,10,26.2,3.4,0.16,1,1,1,0,0
marketing,5000,7,mid,24.93,33,0.672,0.761,3.83,0.165,0.651,0,30,14.3,4.7,0.199,1,1,2,1,3
data,1000,60,mid,37.64,56,0.873,0.692,3.53,0.121,0.416,3,20,1.6,4.9,0.494,1,0,2,1,0
design,500,7,mid,42.3,1,1.0,0.719,4.61,0.165,0.625,7,40,0.9,3.3,-1.0,0,1,2,1,1
dev,500,14,expert,103.04,54,1.0,0.799,4.44,0.01,0.871,1,20,2.6,8.7,-1.0,1,1,4,0,2
dev,2000,30,mid,37.92,55,0.776,0.785,3.55,0.157,0.682,14,30,1.8,6.8,0.758,1,1,2,1,2
marketing,5000,60,mid,26.91,76,0.682,0.8,5.0,0.147,0.719,3,10,6.9,4.1,0.215,1,0,2,1,3
design,5000,60,senior,73.22,87,0.832,0.949,4.68,0.111,0.887,0,20,0.5,4.4,0.586,1,1,3,1,1
dev,5000,90,mid,48.74,3,0.71,0.49,4.03,0.203,0.517,7,10,1.3,4.1,0.39,1,1,2,1,2
design,5000,7,mid,36.81,36,0.783,0.743,4.61,0.176,0.557,3,30,1.0,4.9,0.294,1,1,2,1,1
marketing,1000,30,junior,19.68,2,0.605,0.488,3.58,0.266,0.512,0,20,3.2,1.3,0.787,1,1,1,0,3
writing,20000,30,mid,39.41,24,0.813,0.711,4.03,0.209,0.677,1,10,6.4,3.5,0.079,1,1,2,1,4
design,10000,30,expert,104.45,60,0.945,0.793,4.57,0.054,0.923,3,40,0.4,8.2,0.418,1,1,4,1,1
writing,5000,60,mid,41.9,118,0.722,0.793,4.04,0.112,0.838,1,10,0.2,3.4,0.335,1,1,2,1,4
dev,1000,30,mid,26.91,76,0.682,0.8,5.0,0.147,0.719,3,10,6.9,4.1,0.924,1,1,2,1,2
data,1000,60,senior,41.21,32,0.794,0.96,4.7,0.138,0.736,0,30,8.6,5.9,0.352,1,1,3,1,0
data,5000,14,junior,13.64,0,0.0,0.0,0.0,0.0,0.0,0,40,1.7,3.0,0.109,1,1,1,0,0
design,500,14,expert,71.04,59,0.909,0.863,4.56,0.048,0.879,0,40,7.5,8.7,-1.0,1,1,4,1,1
design,1000,30,junior,15.05,10,0.707,0.644,3.41,0.237,0.443,7,30,1.0,2.1,0.602,1,1,1,0,1
design,500,14,mid,20.08,10,0.893,0.75,4.0,0.129,0.617,7,20,2.2,3.5,0.394,0,0,2,1,1
marketing,2000,30,junior,16.84,11,0.723,0.573,3.35,0.219,0.371,0,20,9.9,2.6,0.337,1,1,1,0,3
data,500,60,mid,37.38,24,0.869,0.713,3.43,0.155,0.671,14,10,4.4,3.5,-0.99,1,1,2,1,0
dev,10000,14,junior,8.0,1,0.606,0.698,3.29,0.166,0.631,3,40,7.7,1.6,0.032,1,1,1,0,2
marketing,2000,14,senior,50.81,79,0.867,0.906,3.86,0.133,0.766,14,40,1.0,5.6,0.984,0,0,3,1,3
marketing,20000,14,junior,19.68,2,0.605,0.488,3.58,0.266,0.512,0,20,3.2,1.3,0.039,1,1,1,1,3
dev,500,30,senior,62.95,42,0.785,0.871,5.0,0.037,0.775,0,10,3.4,6.2,-1.0,1,0,3,0,2
dev,5000,30,expert,82.97,1,1.0,0.732,5.0,0.084,0.733,14,10,1.6,9.0,0.664,1,1,4,1,2
data,2000,90,senior,31.26,58,0.882,0.862,4.72,0.078,0.785,3,20,2.7,6.1,0.625,1,1,3,1,0
writing,2000,90,mid,24.26,31,0.987,0.771,3.87,0.139,0.831,7,30,29.1,5.6,0.485,1,1,2,0,4
data,20000,14,expert,121.18,138,1.0,0.905,4.68,0.062,0.85,3,10,4.5,8.2,0.242,1,1,4,1,0
writing,1000,30,junior,13.85,1,0.67,0.557,4.12,0.193,0.624,0,30,3.7,3.3,0.554,1,1,1,1,4
data,10000,60,senior,42.04,67,0.902,0.858,4.27,0.082,0.773,0,40,0.8,7.3,0.168,1,0,3,1,0
writing,5000,7,mid,31.7,7,0.81,0.736,3.72,0.195,0.479,0,20,1.8,4.3,0.254,1,1,2,0,4
design,2000,30,senior,79.55,17,0.851,1.0,4.68,0.111,0.94,0,10,2.3,5.2,0.409,1,1,3,1,1
marketing,2000,60,expert,108.22,37,0.827,0.903,4.63,0.057,1.0,0,30,0.1,8.1,-0.164,1,1,4,1,3
marketing,500,30,junior,16.84,11,0.723,0.573,3.35,0.219,0.371,0,20,9.9,2.6,0.653,1,1,1,0,3
marketing,1000,30,mid,26.62,22,0.803,0.616,3.45,0.126,0.707,3,10,0.6,3.1,0.935,1,1,2,1,3
design,2000,30,senior,117.35,27,0.889,0.746,4.56,0.114,0.832,0,20,12.4,5.0,-0.347,1,0,3,1,1
dev,2000,30,mid,24.87,38,0.621,0.756,4.01,0.05,0.618,7,40,2.7,3.0,0.497,1,1,2,1,2
writing,2000,14,expert,112.93,155,0.949,0.695,4.42,0.085,0.737,7,20,12.2,8.5,-0.259,0,1,4,1,4
data,2000,60,junior,14.81,40,0.699,0.609,3.17,0.188,0.574,1,10,6.2,0.6,0.296,1,1,1,1,0
design,10000,60,expert,109.73,60,0.786,0.762,4.52,0.125,0.826,0,30,7.1,8.3,0.439,1,1,4,1,1
writing,2000,60,junior,8.0,2,0.617,0.677,3.04,0.192,0.537,0,20,16.1,1.4,0.16,1,0,1,1,4
dev,1000,14,mid,27.57,3,0.832,0.85,3.68,0.112,0.753,30,20,27.8,2.2,0.897,0,1,2,1,2
design,10000,7,junior,8.0,21,0.768,0.577,3.63,0.144,0.694,1,10,3.4,3.4,0.032,1,1,1,0,1
data,1000,90,senior,53.0,200,0.786,0.907,4.68,0.147,0.828,1,40,7.7,5.6,-0.12,1,1,3,0,0
dev,500,90,senior,68.7,84,0.772,0.766,4.14,0.077,0.693,14,30,0.3,5.3,-1.0,1,1,3,1,2
writing,500,60,expert,99.78,57,0.979,1.0,4.53,0.047,0.763,0,30,29.3,9.2,-1.0,1,1,4,1,4
data,2000,60,mid,39.86,20,0.873,0.721,4.24,0.139,0.69,7,10,3.4,3.9,0.797,1,1,2,1,0
data,1000,60,junior,9.8,15,0.726,0.507,3.46,0.224,0.56,7,20,6.3,3.8,0.392,1,0,1,1,0
writing,500,60,senior,55.45,157,0.98,0.938,4.27,0.107,0.809,14,40,3.6,5.9,-1.0,1,1,3,1,4
marketing,500,60,mid,45.45,106,0.651,0.848,4.06,0.121,0.6,7,10,2.8,6.9,-1.0,1,0,2,0,3
dev,500,30,mid,37.92,55,0.776,0.785,3.55,0.157,0.682,14,30,1.8,6.8,-1.0,1,1,2,1,2
writing,500,60,junior,20.37,42,0.59,0.567,3.38,0.227,0.525,0,30,3.6,0.8,0.37,1,1,1,1,4
data,2000,14,expert,132.1,51,0.972,0.839,4.31,0.018,0.779,1,20,0.7,8.9,-0.642,1,1,4,1,0
dev,1000,30,senior,42.1,4,0.806,0.884,4.86,0.11,0.861,3,40,5.3,6.8,0.316,1,0,3,1,2
data,10000,60,senior,31.26,58,0.882,0.862,4.72,0.078,0.785,3,20,2.7,6.1,0.125,1,1,3,1,0
dev,2000,14,senior,47.26,13,0.965,0.774,4.82,0.123,0.953,1,20,6.0,5.5,0.945,1,1,3,1,2
writing,500,60,mid,26.42,105,0.737,0.739,3.26,0.168,0.767,0,10,21.9,3.3,-0.114,1,1,2,1,4
dev,1000,90,mid,41.62,25,0.703,0.848,3.68,0.093,0.579,0,40,1.8,4.4,0.335,1,1,2,1,2
data,5000,60,mid,29.65,9,0.827,0.806,3.43,0.172,0.697,3,10,0.3,3.1,0.237,1,1,2,0,0
dev,1000,14,senior,60.42,48,0.848,0.797,4.39,0.103,0.787,3,30,19.4,6.4,-0.417,1,0,3,1,2
design,500,60,mid,36.69,5,0.957,0.829,3.65,0.146,0.714,3,30,10.0,3.9,-0.935,1,1,2,1,1
data,5000,60,junior,27.78,10,0.781,0.704,2.79,0.218,0.491,7,20,2.0,1.9,0.222,1,1,1,1,0
marketing,10000,30,senior,65.17,2,0.861,0.909,4.45,0.101,0.829,1,40,6.7,5.9,0.261,1,1,3,1,3
dev,5000,30,junior,9.19,1,0.793,0.532,2.63,0.19,0.568,3,30,3.4,2.6,0.074,1,0,1,0,2
writing,5000,7,senior,74.64,5,1.0,0.885,5.0,0.099,0.836,1,30,10.5,5.9,0.597,1,1,3,1,4
writing,2000,60,junior,8.0,5,0.653,0.597,2.29,0.176,0.595,14,30,2.1,2.0,0.16,1,1,1,0,4
data,1000,7,mid,38.73,11,0.762,0.821,3.58,0.195,0.653,0,20,0.2,4.1,0.451,1,1,2,0,0
dev,1000,14,expert,108.22,37,0.827,0.903,4.63,0.057,1.0,0,30,0.1,8.1,-1.0,1,0,4,1,2
writing,5000,30,mid,51.54,111,0.711,0.884,4.0,0.138,0.68,0,30,0.1,4.1,0.412,1,0,2,1,4
marketing,500,60,mid,33.99,89,0.879,0.729,3.74,0.189,0.631,7,20,4.5,2.6,-0.719,1,0,2,1,3
dev,1000,60,mid,48.74,3,0.71,0.49,4.03,0.203,0.517,7,10,1.3,4.1,0.05,1,1,2,0,2
data,2000,7,expert,135.23,200,0.923,0.811,4.62,0.009,0.688,3,20,14.4,9.3,-0.705,1,1,4,1,0
design,2000,14,junior,17.77,3,0.695,0.555,3.89,0.219,0.415,0,30,0.3,2.9,0.355,1,1,1,1,1
marketing,5000,30,senior,44.58,139,0.866,0.964,4.12,0.06,0.782,3,30,21.9,5.6,0.357,1,1,3,1,3
marketing,500,60,senior,63.5,84,0.84,0.898,4.45,0.089,0.864,0,40,4.4,6.3,-1.0,1,1,3,1,3
data,500,60,senior,53.0,200,0.786,0.907,4.68,0.147,0.828,1,40,7.7,5.6,-1.0,1,1,3,1,0
marketing,1000,7,junior,9.34,25,0.709,0.669,3.69,0.226,0.575,0,20,1.7,2.9,0.374,1,1,1,1,3
data,10000,60,mid,47.35,6,0.893,0.807,3.84,0.159,0.62,14,30,6.6,4.1,0.189,1,0,2,1,0
dev,1000,30,senior,29.47,116,0.814,0.813,3.8,0.09,0.877,0,40,3.3,5.3,0.821,1,1,3,0,2
writing,2000,14,mid,18.37,33,0.621,0.58,4.26,0.184,0.629,3,30,2.8,4.7,0.367,1,1,2,1,4
design,500,60,mid,31.69,140,0.761,0.662,4.29,0.18,0.817,7,40,7.1,3.5,-0.535,1,1,2,1,1
writing,1000,14,mid,39.41,24,0.813,0.711,4.03,0.209,0.677,1,10,6.4,3.5,0.424,1,1,2,0,4
dev,2000,7,mid,21.84,38,0.82,0.793,3.4,0.105,0.605,0,40,2.0,3.3,0.437,1,1,2,1,2
dev,2000,7,mid,23.56,29,0.921,0.742,4.13,0.135,0.699,0,20,4.7,3.3,0.471,1,1,2,0,2
design,5000,60,senior,53.42,69,0.716,0.728,4.44,0.147,0.843,14,20,1.2,6.3,0.427,1,0,3,0,1
writing,5000,90,senior,35.7,36,0.859,0.805,4.29,0.019,0.775,14,20,5.2,5.0,0.286,1,0,3,0,4
dev,10000,14,senior,83.65,61,0.863,0.823,4.79,0.077,0.846,3,10,1.8,5.1,0.335,1,1,3,1,2
data,10000,30,mid,29.65,9,0.827,0.806,3.43,0.172,0.697,3,10,0.3,3.1,0.119,1,1,2,1,0
dev,20000,30,mid,43.67,54,0.621,0.54,3.58,0.207,0.639,0,40,4.5,4.1,0.087,1,1,2,1,2
marketing,2000,30,senior,93.74,21,0.95,0.689,4.22,0.099,0.856,3,30,2.8,6.9,0.125,1,1,3,1,3
dev,1000,30,mid,33.99,89,0.879,0.729,3.74,0.189,0.631,7,20,4.5,2.6,0.64,1,1,2,1,2
data,2000,30,expert,121.18,138,1.0,0.905,4.68,0.062,0.85,3,10,4.5,8.2,-0.424,1,1,4,1,0
data,1000,14,mid,35.0,19,0.766,0.629,3.17,0.198,0.574,0,20,7.8,1.3,0.6,1,1,2,1,0
writing,5000,7,junior,18.73,0,0.0,0.0,0.0,0.0,0.0,30,10,9.5,1.4,0.15,0,1,1,0,4
design,1000,7,mid,28.56,17,0.796,0.744,3.9,0.19,0.669,1,30,5.4,3.8,0.858,1,1,2,0,1
data,500,60,senior,70.69,109,0.865,0.848,4.43,0.12,0.752,0,30,12.6,5.9,-1.0,1,0,3,1,0
design,2000,14,senior,59.84,59,0.917,0.965,4.61,0.097,1.0,0,30,5.1,6.9,0.803,1,1,3,1,1
dev,2000,30,expert,127.78,6,1.0,0.975,4.5,0.037,0.801,1,20,15.6,8.0,-0.556,1,1,4,1,2
design,2000,60,senior,117.35,27,0.889,0.746,4.56,0.114,0.832,0,20,12.4,5.0,-0.347,1,0,3,1,1
writing,500,90,mid,39.41,24,0.813,0.711,4.03,0.209,0.677,1,10,6.4,3.5,-1.0,1,1,2,1,4
writing,2000,30,mid,43.54,14,0.788,0.564,3.04,0.166,0.785,7,20,14.7,3.5,0.871,1,1,2,0,4
data,1000,30,mid,29.79,35,0.753,0.804,4.16,0.151,0.681,3,40,17.5,3.8,0.808,1,1,2,1,0
data,10000,30,senior,54.59,9,0.767,0.951,4.46,0.17,0.819,0,30,0.8,6.5,0.218,1,1,3,1,0
design,20000,30,senior,68.52,22,0.993,0.874,4.14,0.15,0.889,0,40,0.4,4.8,0.137,1,0,3,1,1
data,500,60,junior,16.67,2,0.575,0.667,3.15,0.142,0.729,3,30,7.5,1.6,0.666,1,1,1,1,0
data,500,90,expert,152.21,186,0.873,0.853,5.0,0.106,0.931,7,20,1.1,6.5,-1.0,1,1,4,1,0
design,500,30,mid,34.13,36,0.832,0.805,3.88,0.15,0.599,3,30,5.2,3.9,-0.73,1,1,2,1,1
marketing,20000,14,mid,16.92,3,0.844,0.666,3.67,0.206,0.595,0,10,4.4,4.4,0.034,1,1,2,1,3
marketing,20000,30,junior,19.23,10,0.619,0.566,2.71,0.222,0.53,7,30,26.7,1.3,0.038,1,1,1,1,3
design,2000,60,junior,17.35,21,0.604,0.897,3.21,0.172,0.625,30,40,6.3,2.6,0.347,0,1,1,0,1
writing,5000,30,junior,20.47,0,0.0,0.0,0.0,0.0,0.0,1,30,6.8,0.0,0.164,1,1,1,0,4
marketing,5000,90,senior,65.17,2,0.861,0.909,4.45,0.101,0.829,1,40,6.7,5.9,0.521,1,1,3,1,3
design,500,30,senior,73.22,87,0.832,0.949,4.68,0.111,0.887,0,20,0.5,4.4,-1.0,1,1,3,1,1
marketing,5000,60,senior,62.39,85,0.881,0.685,3.96,0.086,0.698,14,40,2.8,7.7,0.499,1,1,3,1,3
dev,2000,60,mid,29.79,35,0.753,0.804,4.16,0.151,0.681,3,40,17.5,3.8,0.596,1,0,2,1,2
marketing,1000,90,mid,37.88,28,0.842,0.879,3.45,0.19,0.793,0,20,1.3,2.9,0.485,1,1,2,1,3
dev,1000,30,mid,22.01,53,0.807,0.717,3.86,0.204,0.72,0,10,9.7,3.4,0.88,1,1,2,0,2
marketing,1000,90,junior,19.23,10,0.619,0.566,2.71,0.222,0.53,7,30,26.7,1.3,0.769,1,1,1,1,3
dev,1000,7,junior,13.92,25,0.62,0.623,3.35,0.249,0.449,0,20,13.6,2.3,0.557,1,0,1,1,2
writing,2000,90,expert,111.44,200,0.927,0.955,4.52,0.038,0.879,3,10,10.9,9.4,-0.229,1,1,4,1,4
writing,500,90,senior,57.83,52,0.836,0.848,4.83,0.123,0.669,7,20,2.8,5.7,-1.0,1,1,3,0,4
writing,1000,7,mid,37.62,27,0.66,0.772,3.87,0.194,0.607,0,40,2.2,3.7,0.495,1,0,2,1,4
data,1000,90,expert,154.05,25,0.968,0.855,4.39,0.057,0.968,14,40,1.4,8.8,-1.0,1,1,4,1,0
writing,2000,90,mid,49.96,1,0.751,0.811,4.35,0.158,0.646,0,30,20.9,4.0,0.999,1,1,2,1,4
data,1000,14,mid,32.13,15,0.864,0.886,3.79,0.143,0.65,30,10,5.0,3.6,0.715,0,1,2,1,0
design,1000,30,junior,11.75,3,0.639,0.499,2.73,0.215,0.61,1,10,5.9,3.3,0.47,1,0,1,1,1
data,5000,30,mid,32.59,23,0.801,0.803,3.58,0.133,0.615,14,30,3.7,3.7,0.261,1,1,2,0,0
marketing,500,60,junior,20.79,19,0.593,0.497,2.35,0.238,0.517,1,30,13.7,1.7,0.337,1,1,1,1,3
data,1000,30,mid,17.47,36,0.632,0.742,3.9,0.143,0.779,0,30,17.0,3.1,0.699,1,0,2,0,0
writing,20000,14,expert,58.7,20,0.875,0.658,3.56,0.026,0.846,3,10,14.1,8.3,0.117,1,1,4,1,4
writing,1000,14,mid,39.46,17,0.98,0.685,4.66,0.142,0.543,0,10,2.1,3.7,0.422,1,1,2,1,4
marketing,1000,30,mid,49.36,2,0.643,0.652,3.65,0.151,0.646,3,20,1.9,3.1,0.026,1,1,2,1,3
design,2000,30,expert,109.73,60,0.786,0.762,4.52,0.125,0.826,0,30,7.1,8.3,-0.195,1,1,4,1,1
data,2000,30,mid,38.73,11,0.762,0.821,3.58,0.195,0.653,0,20,0.2,4.1,0.775,1,1,2,0,0
marketing,1000,30,senior,37.65,83,0.877,0.753,3.82,0.06,0.714,1,20,8.2,5.4,0.494,1,1,3,1,3
writing,5000,60,mid,45.99,57,0.826,0.7,4.45,0.145,0.693,3,10,2.4,2.7,0.368,1,1,2,1,4
writing,20000,30,mid,11.87,88,0.762,0.704,3.8,0.205,0.77,0,20,17.6,4.8,0.024,1,1,2,1,4
marketing,500,30,expert,91.34,35,1.0,0.785,4.58,0.058,0.803,30,20,18.4,8.6,-1.0,0,1,4,1,3
dev,5000,7,senior,35.7,36,0.859,0.805,4.29,0.019,0.775,14,20,5.2,5.0,0.286,0,0,3,1,2
writing,2000,90,mid,11.87,88,0.762,0.704,3.8,0.205,0.77,0,20,17.6,4.8,0.237,1,1,2,1,4
design,2000,30,senior,75.06,12,0.918,0.895,3.88,0.092,0.841,3,30,3.6,6.6,0.499,1,1,3,1,1
marketing,10000,14,mid,34.12,8,0.829,0.619,3.83,0.174,0.739,14,30,12.2,2.8,0.136,0,0,2,1,3
data,500,90,mid,35.25,23,0.871,0.728,4.18,0.148,0.745,7,20,12.0,4.0,-0.82,1,1,2,1,0
marketing,2000,30,junior,20.79,19,0.593,0.497,2.35,0.238,0.517,1,30,13.7,1.7,0.416,1,1,1,1,3
data,1000,30,senior,52.32,41,0.922,0.723,4.28,0.082,0.761,0,10,19.8,6.5,-0.093,1,0,3,1,0
dev,20000,60,senior,58.69,39,0.884,0.769,3.94,0.102,0.702,14,10,10.4,4.6,0.117,1,0,3,1,2
data,5000,7,senior,57.18,17,0.757,0.715,4.74,0.043,0.757,1,20,8.4,7.4,0.457,1,0,3,1,0
data,2000,30,mid,39.86,20,0.873,0.721,4.24,0.139,0.69,7,10,3.4,3.9,0.797,1,1,2,1,0
writing,500,30,mid,18.37,33,0.621,0.58,4.26,0.184,0.629,3,30,2.8,4.7,0.53,1,1,2,1,4
marketing,500,30,junior,9.34,25,0.709,0.669,3.69,0.226,0.575,0,20,1.7,2.9,0.747,1,1,1,0,3
writing,20000,30,senior,111.41,38,0.893,0.987,4.35,0.143,0.918,1,30,8.2,6.5,0.223,1,1,3,1,4
design,5000,14,mid,28.05,10,0.899,0.708,4.02,0.182,0.726,1,30,9.8,4.5,0.224,1,1,2,1,1
design,1000,60,mid,25.96,24,0.715,0.656,4.16,0.193,0.638,1,30,1.4,3.6,0.962,1,0,2,0,1
data,500,14,mid,28.93,6,0.821,0.51,4.05,0.173,0.547,0,40,0.1,3.7,-0.314,1,1,2,0,0
design,1000,60,junior,19.68,2,0.605,0.488,3.58,0.266,0.512,0,20,3.2,1.3,0.787,1,0,1,1,1
marketing,500,7,junior,14.83,5,0.559,0.514,2.67,0.226,0.457,3,40,8.5,0.8,0.814,1,1,1,1,3
data,1000,14,senior,62.95,42,0.785,0.871,5.0,0.037,0.775,0,10,3.4,6.2,-0.518,1,1,3,1,0
marketing,1000,60,mid,51.54,111,0.711,0.884,4.0,0.138,0.68,0,30,0.1,4.1,-0.062,1,1,2,1,3
marketing,1000,30,senior,71.45,38,0.852,0.973,4.08,0.065,0.779,0,40,3.3,5.2,-0.858,1,1,3,1,3
dev,2000,30,junior,21.05,12,0.505,0.561,4.19,0.166,0.616,0,30,4.0,1.9,0.421,1,1,1,1,2
marketing,500,60,junior,14.11,54,0.579,0.717,3.46,0.135,0.497,0,40,9.2,2.0,0.871,1,1,1,1,3
writing,2000,30,junior,9.8,15,0.726,0.507,3.46,0.224,0.56,7,20,6.3,3.8,0.196,1,0,1,0,4
writing,1000,60,mid,24.26,31,0.987,0.771,3.87,0.139,0.831,7,30,29.1,5.6,0.97,1,1,2,1,4
writing,10000,30,expert,127.78,6,1.0,0.975,4.5,0.037,0.801,1,20,15.6,8.0,0.511,1,0,4,1,4
writing,500,60,mid,38.36,38,0.84,0.584,4.26,0.19,0.642,1,20,0.1,3.4,-1.0,1,1,2,1,4
data,2000,60,junior,11.37,51,0.509,0.455,2.91,0.187,0.44,7,20,2.8,2.0,0.227,1,1,1,1,0
writing,10000,60,junior,14.1,0,0.0,0.0,0.0,0.0,0.0,0,40,2.6,1.7,0.056,1,1,1,0,4
marketing,1000,30,senior,56.15,5,0.953,0.736,4.95,0.108,0.675,14,30,4.7,7.9,-0.246,1,1,3,0,3
writing,10000,7,mid,25.0,57,0.726,0.789,3.74,0.136,0.769,3,30,5.5,4.7,0.1,1,0,2,1,4
writing,1000,60,senior,73.05,2,0.832,0.838,4.47,0.146,0.788,3,30,9.3,5.6,-0.922,1,0,3,1,4
dev,1000,30,mid,36.96,48,0.618,0.753,3.59,0.143,0.73,3,40,4.3,3.0,0.522,1,1,2,1,2
dev,500,30,mid,47.84,5,0.759,0.753,4.59,0.148,0.495,0,30,3.4,4.9,-1.0,1,0,2,1,2
dev,2000,30,junior,15.83,44,0.644,0.721,3.21,0.16,0.207,3,20,2.7,0.2,0.317,1,1,1,1,2
marketing,2000,60,junior,12.96,0,0.0,0.0,0.0,0.0,0.0,3,20,1.4,0.2,0.259,1,1,1,0,3
data,5000,60,mid,33.19,43,0.791,0.63,4.01,0.146,0.758,0,30,13.1,2.9,0.266,1,1,2,1,0
design,10000,30,mid,28.05,10,0.899,0.708,4.02,0.182,0.726,1,30,9.8,4.5,0.112,1,1,2,1,1
data,1000,60,mid,39.46,56,0.81,0.809,4.5,0.134,0.618,3,30,0.1,2.9,0.422,1,1,2,0,0
dev,500,60,expert,93.25,82,0.99,0.907,3.61,0.057,0.87,14,40,2.9,8.6,-1.0,1,1,4,1,2
writing,20000,30,mid,24.93,33,0.672,0.761,3.83,0.165,0.651,0,30,14.3,4.7,0.05,1,0,2,1,4
marketing,500,60,senior,27.63,15,1.0,0.777,3.63,0.151,0.873,0,20,14.0,5.5,-0.21,1,0,3,1,3
dev,5000,30,junior,9.03,19,0.71,0.667,2.63,0.181,0.74,1,30,0.1,3.0,0.072,1,1,1,0,2
dev,10000,30,senior,57.97,71,0.75,0.847,4.1,0.151,0.862,1,20,2.4,5.7,0.232,1,1,3,1,2
dev,1000,30,mid,21.84,38,0.82,0.793,3.4,0.105,0.605,0,40,2.0,3.3,0.874,1,1,2,1,2
writing,2000,60,mid,36.26,86,0.729,0.761,3.46,0.124,0.86,7,20,4.2,3.7,0.725,1,0,2,1,4
design,10000,7,senior,80.08,21,0.951,0.876,3.97,0.06,0.778,3,40,8.3,6.3,0.32,1,0,3,1,1
writing,2000,30,mid,45.99,57,0.826,0.7,4.45,0.145,0.693,3,10,2.4,2.7,0.92,1,1,2,1,4
writing,5000,60,junior,13.91,19,0.487,0.73,3.54,0.262,0.49,1,40,19.5,0.5,0.111,1,1,1,1,4
writing,5000,14,junior,20.37,42,0.59,0.567,3.38,0.227,0.525,0,30,3.6,0.8,0.163,1,1,1,1,4
writing,10000,90,mid,38.29,4,0.779,0.796,4.85,0.152,0.557,0,20,9.8,2.3,0.153,1,1,2,1,4
marketing,500,60,senior,75.82,29,0.764,0.796,4.63,0.097,0.641,0,10,4.8,6.2,-1.0,1,1,3,1,3
marketing,500,14,expert,151.62,76,0.923,1.0,4.38,0.104,0.826,0,30,1.9,6.6,-1.0,1,1,4,0,3
design,2000,14,senior,29.47,116,0.814,0.813,3.8,0.09,0.877,0,40,3.3,5.3,0.589,1,0,3,1,1
marketing,2000,30,senior,67.06,6,0.79,1.0,5.0,0.118,0.787,3,10,1.1,5.8,0.659,1,1,3,1,3
marketing,2000,30,junior,20.32,92,0.57,0.652,3.6,0.205,0.665,0,30,2.5,0.8,0.406,1,1,1,1,3
design,2000,30,expert,56.97,110,0.845,0.797,4.59,0.032,0.666,0,20,2.1,8.1,0.861,1,1,4,1,1
marketing,500,30,junior,22.31,9,0.628,0.694,3.45,0.201,0.569,0,20,9.8,1.4,0.215,1,0,1,1,3
design,1000,30,senior,31.26,58,0.882,0.862,4.72,0.078,0.785,3,20,2.7,6.1,0.75,1,0,3,0,1
data,5000,14,mid,39.86,20,0.873,0.721,4.24,0.139,0.69,7,10,3.4,3.9,0.319,0,1,2,1,0
dev,2000,60,senior,35.11,25,0.902,0.931,4.53,0.11,0.939,1,20,12.7,7.3,0.702,1,1,3,1,2
writing,1000,14,senior,66.05,36,0.892,0.796,4.15,0.091,0.741,3,40,10.1,6.2,-0.642,1,1,3,0,4
dev,2000,14,mid,22.07,137,0.73,0.889,4.26,0.165,0.607,0,40,25.8,5.6,0.441,1,1,2,1,2
data,500,14,expert,97.34,4,0.94,0.899,3.98,0.039,0.793,1,10,0.8,7.3,-1.0,1,0,4,1,0
marketing,500,90,expert,88.37,67,0.974,1.0,4.81,0.069,0.94,0,10,1.0,8.1,-1.0,1,0,4,1,3
marketing,1000,30,junior,11.75,3,0.639,0.499,2.73,0.215,0.61,1,10,5.9,3.3,0.47,1,1,1,0,3
marketing,5000,60,mid,26.62,22,0.803,0.616,3.45,0.126,0.707,3,10,0.6,3.1,0.213,1,1,2,1,3
data,500,7,senior,27.63,15,1.0,0.777,3.63,0.151,0.873,0,20,14.0,5.5,-0.21,1,1,3,1,0
marketing,5000,30,mid,22.07,137,0.73,0.889,4.26,0.165,0.607,0,40,25.8,5.6,0.177,1,0,2,1,3
dev,500,30,senior,29.47,116,0.814,0.813,3.8,0.09,0.877,0,40,3.3,5.3,-0.358,1,1,3,1,2
design,500,14,junior,17.35,21,0.604,0.897,3.21,0.172,0.625,30,40,6.3,2.6,0.612,0,1,1,1,1
writing,5000,30,junior,13.91,19,0.487,0.73,3.54,0.262,0.49,1,40,19.5,0.5,0.111,1,1,1,1,4
dev,500,30,junior,16.97,26,0.717,0.464,2.89,0.171,0.658,7,40,22.3,2.9,0.642,1,1,1,0,2
dev,10000,60,senior,105.59,11,0.833,0.604,3.9,0.091,0.785,1,30,13.7,6.1,0.422,1,0,3,1,2
dev,10000,14,senior,77.72,103,0.776,0.852,4.6,0.099,0.853,0,20,6.2,6.6,0.311,1,1,3,0,2
data,10000,30,mid,32.13,15,0.864,0.886,3.79,0.143,0.65,30,10,5.0,3.6,0.129,0,1,2,0,0
design,5000,60,mid,31.69,140,0.761,0.662,4.29,0.18,0.817,7,40,7.1,3.5,0.254,1,1,2,1,1
dev,2000,60,senior,67.8,60,0.851,0.697,4.23,0.108,0.684,1,40,0.4,5.0,0.644,1,1,3,1,2
marketing,500,7,mid,37.62,27,0.66,0.772,3.87,0.194,0.607,0,40,2.2,3.7,-1.0,1,0,2,1,3
data,500,60,junior,27.78,10,0.781,0.704,2.79,0.218,0.491,7,20,2.0,1.9,-0.222,1,1,1,1,0
design,5000,30,mid,30.46,4,0.925,0.716,3.83,0.151,0.688,7,20,2.5,3.9,0.244,1,0,2,0,1
writing,5000,60,mid,41.9,118,0.722,0.793,4.04,0.112,0.838,1,10,0.2,3.4,0.335,1,1,2,1,4
marketing,2000,60,junior,29.64,1,0.74,0.814,3.11,0.207,0.582,7,40,7.0,3.7,0.593,1,1,1,1,3
dev,2000,60,junior,24.2,14,0.7,0.626,3.46,0.2,0.435,0,30,3.3,2.0,0.484,1,1,1,1,2
marketing,10000,60,expert,108.22,37,0.827,0.903,4.63,0.057,1.0,0,30,0.1,8.1,0.433,1,1,4,1,3
design,1000,14,mid,23.7,45,0.82,0.721,4.4,0.162,0.657,1,30,11.8,3.1,0.948,1,1,2,0,1
writing,1000,14,senior,51.22,66,0.877,0.845,4.41,0.106,0.621,3,30,4.9,5.3,-0.049,1,1,3,1,4
writing,5000,30,mid,23.56,29,0.921,0.742,4.13,0.135,0.699,0,20,4.7,3.3,0.188,1,0,2,1,4
dev,5000,14,senior,61.85,19,0.866,0.845,4.25,0.107,0.947,0,20,12.0,5.6,0.495,1,1,3,1,2
data,1000,60,junior,12.1,18,0.522,0.535,3.09,0.251,0.377,14,10,12.6,0.8,0.484,1,1,1,0,0
design,500,60,senior,49.19,174,0.909,0.865,4.21,0.106,0.769,7,30,1.5,8.1,-1.0,1,1,3,1,1
marketing,500,60,junior,8.0,11,0.706,0.857,3.45,0.14,0.514,0,30,0.7,2.1,0.64,1,1,1,1,3
marketing,1000,60,expert,72.72,112,0.932,0.688,4.62,0.148,0.706,3,20,5.6,7.8,-0.909,1,1,4,1,3
data,1000,30,expert,121.18,138,1.0,0.905,4.68,0.062,0.85,3,10,4.5,8.2,-1.0,1,1,4,1,0
design,500,90,mid,36.26,86,0.729,0.761,3.46,0.124,0.86,7,20,4.2,3.7,-0.901,1,1,2,0,1
writing,5000,90,expert,151.62,76,0.923,1.0,4.38,0.104,0.826,0,30,1.9,6.6,0.787,1,0,4,1,4
data,2000,30,junior,14.75,1,0.6,0.55,3.42,0.188,0.427,0,30,2.9,0.9,0.295,1,1,1,0,0
marketing,2000,60,junior,16.84,11,0.723,0.573,3.35,0.219,0.371,0,20,9.9,2.6,0.337,1,1,1,1,3
marketing,500,60,mid,37.88,28,0.842,0.879,3.45,0.19,0.793,0,20,1.3,2.9,-1.0,1,1,2,1,3
marketing,2000,60,senior,57.06,6,0.959,0.992,4.17,0.095,0.758,0,30,0.4,5.0,0.859,1,1,3,1,3
design,10000,30,senior,75.68,106,0.805,0.997,4.08,0.129,0.738,14,40,0.4,5.2,0.303,1,1,3,1,1
dev,5000,30,mid,32.62,49,0.716,0.615,4.34,0.133,0.684,1,10,12.7,5.0,0.261,1,1,2,1,2
marketing,500,14,expert,108.22,37,0.827,0.903,4.63,0.057,1.0,0,30,0.1,8.1,-1.0,1,1,4,0,3
writing,2000,90,mid,21.02,15,0.814,0.816,4.02,0.198,0.7,7,30,1.7,3.8,0.42,1,0,2,1,4
marketing,2000,90,senior,91.75,135,0.894,0.76,4.27,0.088,0.634,7,40,0.0,3.3,0.165,1,1,3,0,3
marketing,2000,7,junior,9.19,1,0.793,0.532,2.63,0.19,0.568,3,30,3.4,2.6,0.184,1,1,1,1,3
marketing,1000,30,mid,16.92,3,0.844,0.666,3.67,0.206,0.595,0,10,4.4,4.4,0.677,1,1,2,1,3
data,1000,90,senior,83.65,61,0.863,0.823,4.79,0.077,0.846,3,10,1.8,5.1,-1.0,1,0,3,1,0
design,1000,30,expert,109.73,60,0.786,0.762,4.52,0.125,0.826,0,30,7.1,8.3,-1.0,1,1,4,0,1
data,10000,14,mid,38.73,11,0.762,0.821,3.58,0.195,0.653,0,20,0.2,4.1,0.155,1,1,2,0,0
marketing,500,30,junior,29.64,1,0.74,0.814,3.11,0.207,0.582,7,40,7.0,3.7,-0.371,1,1,1,1,3
data,1000,14,expert,109.73,60,0.786,0.762,4.52,0.125,0.826,0,30,7.1,8.3,-1.0,1,0,4,1,0
marketing,10000,60,expert,72.72,112,0.932,0.688,4.62,0.148,0.706,3,20,5.6,7.8,0.291,1,1,4,1,3
marketing,5000,60,junior,19.68,2,0.605,0.488,3.58,0.266,0.512,0,20,3.2,1.3,0.157,1,1,1,0,3
design,10000,60,junior,11.17,9,0.607,0.622,3.56,0.22,0.536,0,20,5.0,1.6,0.045,1,0,1,1,1
marketing,1000,30,expert,96.13,13,0.889,0.816,4.78,0.013,0.926,0,40,0.1,7.6,-1.0,1,1,4,1,3
dev,10000,7,senior,77.72,103,0.776,0.852,4.6,0.099,0.853,0,20,6.2,6.6,0.311,1,1,3,0,2
writing,1000,30,senior,76.82,27,0.853,0.874,4.08,0.115,0.714,30,30,0.1,7.6,-1.0,0,1,3,0,4
marketing,20000,60,junior,14.5,5,0.638,0.503,3.31,0.197,0.813,3,10,5.6,1.0,0.029,1,1,1,1,3
dev,1000,30,expert,103.62,67,1.0,0.999,4.91,0.016,0.993,0,30,44.7,6.9,-1.0,1,0,4,0,2
writing,500,14,mid,31.0,20,0.785,0.838,3.5,0.149,0.611,3,30,3.1,5.1,-0.48,1,0,2,1,4
marketing,500,14,mid,23.01,90,0.823,0.454,4.33,0.113,0.701,3,20,13.6,4.0,0.159,1,1,2,1,3
writing,500,60,expert,33.72,110,0.946,0.911,5.0,0.082,0.849,3,10,3.9,8.9,-0.698,1,1,4,1,4
writing,2000,60,mid,26.42,105,0.737,0.739,3.26,0.168,0.767,0,10,21.9,3.3,0.528,1,1,2,1,4
design,2000,30,mid,21.7,116,0.775,0.774,4.26,0.079,0.579,3,30,0.4,5.4,0.434,1,1,2,0,1
design,5000,14,mid,37.2,17,0.798,0.689,4.38,0.168,0.876,1,20,8.5,2.6,0.298,1,0,2,1,1
