agency_id,freelancer_id,skill_match_score,trust_score,experience_score,availability_score,similarity_score,location_score,kyc_bonus,liveness_bonus,was_hired
1,1,0.07589100759264991,0.08689199096153863,0.0,0.011143685043329415,0.0,0.20394165811944853,0.0,1.0,1
1,5,0.045396580789801924,0.14345383938407427,9.809096141107227e-05,0.0,0.034777958235976965,0.16586112651838947,0.0,1.0,0
1,6,0.050324648286563786,0.12425658807398986,0.0,0.029375999480422466,0.011638983514502446,0.16383074453584662,0.0,1.0,0
1,7,0.034853506170331186,0.28731463461683737,0.04387756818387185,0.0,0.034214431856463334,0.19536549717738333,0.0,1.0,0
1,8,0.04247855313333598,0.14972107171993573,0.053837602493863,0.028830982803428072,0.003485220978755682,0.22446486524038253,0.0,1.0,0
1,1001,0.022667434871739965,0.7298825008910079,0.2904150629627625,0.013686504449303912,0.0007163402668152729,0.42465680633281044,1.0,1.0,0
1,1002,0.002870041877103515,0.5695809044978356,0.09212907202959544,0.659170243690689,0.001819513960481076,0.4581365242027744,1.0,1.0,0
1,1003,0.009837667465132646,0.22459730105604517,0.2501947499414568,0.020052765459785387,0.0,0.5353891642818734,1.0,1.0,0
1,1004,0.022365013890341536,0.2822048008234873,0.6849976500202373,0.2809309352421764,0.0,0.4714918279340929,1.0,1.0,0
1,1005,0.02696236758435858,0.25687840646465815,0.004435924082193917,0.9550548824991677,0.03691488762076737,0.4834712467839797,1.0,1.0,0
1,1006,0.001505735867562739,0.7179639887922434,0.9460884044635515,0.9732966416340888,0.0,0.4976796468392959,1.0,1.0,0
1,1007,0.12033881964532676,0.194643088882429,0.7528273384771652,0.02395158366678131,0.0,0.5114019833933215,0.0,1.0,0
1,1008,0.03481140779993199,0.22153360442557873,0.8163234545011078,0.23291618741198697,0.010153967892674795,0.31351802239855503,0.0,1.0,1
1,1009,0.0,0.7227641422987254,0.08234865270293679,0.022830119132745668,0.03155099665897213,0.4830149177665149,1.0,1.0,0
1,1010,0.0,0.4068944898494285,0.038029325532632344,0.5741059126604835,0.0,0.46361724632424645,1.0,1.0,0
1,1011,0.023529397494800375,0.1285047927750922,0.6868613471312413,0.5610095413759973,0.0,0.6311033241506895,1.0,1.0,0
1,1012,0.00048630041509304864,0.5713997011579216,0.37060028287517544,0.2693965025364249,0.029251094953190306,0.4666707252795998,1.0,1.0,0
1,1013,0.04623177247560017,0.18374694910482764,0.013754482232703348,1.0,0.06299941475302008,0.4955187313436619,0.0,1.0,0
1,1014,0.0,0.25738208608670243,0.9812583633883991,0.9666462636802838,0.02693992726022952,0.5036184359492796,1.0,1.0,0
1,1015,0.010317101906533867,0.1489878801814316,0.8686875255261973,0.3552084268371988,0.04201351552687195,0.44647466805083846,1.0,1.0,1
1,1016,0.02425750002334528,0.7805095787656691,0.9981561399195521,1.0,0.0,0.5280689229372695,0.0,1.0,0
1,1017,0.0,0.8085150285263808,0.6579241602157351,0.6045878299623061,0.0,0.47326293768914,0.0,1.0,0
1,1018,0.040788460965927115,0.33141143825910874,0.9631082009627526,0.9120489349273098,0.0,0.4706710951441254,1.0,1.0,0
1,1019,0.0,0.6517197048275031,0.719762376128612,0.3705240564010591,0.020843430226603524,0.5368145975389297,0.0,1.0,0
1,1020,0.0637787273322737,0.6301270260131653,0.6030502534642103,0.237182334430953,0.0,0.43353831142936045,1.0,1.0,0
1,1021,0.050522630969791774,0.14675967847972235,0.0908194462088977,0.9874945467557004,0.005158693748431274,0.5162514858763447,0.0,1.0,0
1,1022,0.12406508110000937,0.5885903382989471,0.4588403802113971,0.3145479118353636,0.03343948242500471,0.5284034918069935,0.0,1.0,0
1,1023,0.06637942797508184,0.21424126048783626,0.711239332526995,1.0,0.03756884619675442,0.4445491285608627,1.0,1.0,0
1,1024,0.0,0.3557897723857581,0.7527847503371361,0.615926701403572,0.008868296835026084,0.39567139030481846,1.0,1.0,0
1,1025,0.04837324445172618,0.253295866886682,0.34971600989523915,0.06828045868164612,0.02272785587905417,0.5474516181772662,1.0,1.0,0
1,1026,0.020288762365359436,0.32321929651350106,0.0,0.018928687497638114,0.013440958477795105,0.5282977691325804,1.0,1.0,0
1,1027,0.0011244805525138235,0.96834689148504,0.47608569308020715,0.010516904149164615,0.05568854746216574,0.46293477282285433,1.0,1.0,1
1,1028,0.036273932058297535,0.4033916002696834,0.7496852328393511,0.5483545895061435,0.02971789593121294,0.48684207902629095,0.0,1.0,0
1,1029,0.012729091062871368,0.4133512792146782,0.03215804558548659,0.31838402206503136,0.03050346714115274,0.522549589521458,1.0,1.0,0
1,1030,0.027747085633596017,0.18620124419103523,0.7874146625012293,0.2096652632317793,0.0040515257040015275,0.4916710419937721,0.0,1.0,0
1,1031,0.0,0.19899282453290595,0.9777820464016653,0.4004348330918367,0.0,0.4881100034714643,1.0,1.0,0
1,1032,0.016791750575376477,0.17109586114912576,0.018356128368076235,0.31060177773933473,0.05564114044541621,0.39041960356100763,0.0,1.0,1
1,1033,0.0,0.1069890266143291,0.1784599464247606,0.27174596977342724,0.0,0.5953386942782286,1.0,1.0,0
1,1034,0.052050048865636495,0.42859892349631157,0.744171831962024,0.564923469912273,0.08310473629395247,0.49155046978787137,1.0,1.0,0
1,1035,0.0,0.8381528313798918,0.6082015334456555,0.9652554904481705,0.026709914958641254,0.51872808775198,0.0,1.0,1
1,1036,0.0,0.19680860845420292,0.9356493332495988,7.544948956648955e-05,0.009433853791923843,0.440317528733292,0.0,1.0,1
1,1037,0.031998132279421866,0.48906831095227304,0.7072661440847081,1.0,0.021792997718916147,0.48422689191778345,1.0,1.0,0
1,1038,0.08252384018684888,0.37452144269704774,0.9092811187579345,0.0,0.0,0.5371053349225458,1.0,1.0,0
1,1039,0.0,0.24510599640284877,0.9804755055610143,0.03385057291936474,0.005385781451032998,0.4398861793414003,1.0,1.0,0
1,1040,0.006592278946403516,0.382245468879711,0.975706030374286,0.022574278292460302,0.04662021595555796,0.5220575693632664,1.0,1.0,0
1,1041,0.06080202347970601,0.600187071052849,0.054982582650751566,0.6490273295667639,0.025482438991529778,0.49156506133454264,1.0,1.0,0
1,1042,0.0,0.8626781851889952,0.6792272640674045,0.253410392035248,0.0,0.4496871278323453,1.0,1.0,0
1,1043,0.03159741882189883,0.16721072591047464,0.4536586937340422,1.0,0.0036685901062274056,0.4532234859547025,1.0,1.0,1
1,1044,0.026288365910337768,0.8872394003123547,0.7325453755356989,1.0,0.011556079533361217,0.5413642805078425,0.0,1.0,0
1,1045,0.0,0.4749590362264829,0.19259423565075812,0.9855347157113481,0.0988231700522382,0.5084754262844133,1.0,1.0,0
1,1046,0.030088257084917056,0.13233357517724145,0.8125946641423657,0.6358362504884977,0.0,0.5058135964023058,0.0,1.0,0
1,1047,0.015075907435631244,0.567788634917951,0.0022210335801578786,0.0694588290630615,0.005509985106137033,0.38298197840417897,1.0,1.0,0
1,1048,0.0,0.9839805879059803,0.5531176968025215,0.9570115961478622,0.07924920355845602,0.5806198265739657,1.0,1.0,0
1,1049,0.01615836417953606,0.16854878783694172,0.7448419123469221,0.35032971591529444,0.044551655944731636,0.5723492248553664,1.0,1.0,0
1,1050,0.016178831324318268,0.46459866223417445,0.23342428121951997,0.2387106065294813,0.030058129919156417,0.5320136413691463,1.0,1.0,0
1,1051,0.0,0.551398374184102,0.004528377623379358,0.6235466007212126,0.03182872035266812,0.5440972238752175,1.0,1.0,0
1,1052,0.004896454458704569,0.5525356814974393,0.9157572931248852,0.34836795386694,0.07903992436907403,0.4562507191400705,1.0,1.0,0
1,1053,0.022913098836128538,0.6403786763945972,0.6438845385185007,1.0,0.021173329334340584,0.6050830869549253,1.0,1.0,0
1,1054,0.011166089503386666,0.36622752445708845,0.7167613198153072,0.22454648524341314,0.0,0.5275282211728315,0.0,1.0,0
1,1055,0.0,0.8133853488439463,0.7974521041406217,0.3403694112780626,0.0,0.5763778327345388,1.0,1.0,0
1,1056,0.0,0.5495297011678152,0.05262107092676441,0.6519804156790469,0.04983341975659203,0.48252295525489963,1.0,1.0,1
1,1057,0.06631799175446715,0.20482759114561686,0.6431806296703155,0.3155270010078646,0.014574567361078112,0.4339643608508071,1.0,1.0,1
1,1058,0.0004509385349801397,0.1237963249244574,0.8062029382563015,0.9691575189819894,0.03526200835376788,0.5301798174512095,1.0,1.0,0
1,1059,0.051694216183559,0.9703314622577616,0.7388227526382335,0.43112545116216194,0.0,0.5063127930555401,1.0,1.0,0
1,1060,0.033420888862158146,0.4521743389067815,0.0,0.6467502980462584,0.04464139180850528,0.6100876772024733,0.0,1.0,0
1,1061,0.0024128828671170065,0.8032731324534387,0.5183959157966002,0.0,0.09466879412913407,0.5255286814760947,0.0,1.0,0
1,1062,0.11173471469041772,0.39827160182652255,0.8027762281316029,1.0,0.0008315481783006083,0.5017383774285518,1.0,1.0,0
1,1063,0.018269666920667477,0.3566096033083754,0.1660105963156449,0.32128407605239145,0.00017835832211229516,0.42517712232621324,1.0,1.0,1
1,1064,0.00865946653497621,0.23655641178717576,0.9612153923518222,0.22170303695201118,0.11412432308915206,0.4834513845208397,0.0,1.0,1
1,1065,0.0014078099411188485,0.5714126252005682,0.5880590575557447,0.0,0.01528238450221681,0.47010803850843924,0.0,1.0,1
1,1066,0.0,0.42267212018745876,0.5585685650440982,0.9387862194904137,0.03843830311679189,0.37041256580649934,0.0,1.0,0
1,1067,0.005906000128572588,0.9530377521502001,0.8292176065236317,0.9372131308200723,0.0,0.5540565414583052,0.0,1.0,0
1,1068,0.002200614619329881,0.39794349680591756,0.3402858347142922,0.058923122491713976,0.0,0.5153100480256866,0.0,1.0,0
1,1069,0.03501083236310522,0.449457371354572,0.1634398473632417,0.671907230514776,0.0070814667358713,0.41538429117276016,0.0,1.0,0
1,1070,0.02888698350212304,0.19625275738850206,0.6606606700897959,0.6336410715621676,0.0,0.5308299868472472,0.0,1.0,0
1,1071,0.09989674029798173,0.40150496003348546,0.41770666603411977,0.0,0.04863160813412326,0.4807618684157076,0.0,1.0,1
1,1072,0.03094893610782682,0.6590428387270894,0.9084154037871248,0.6230930197916599,0.0,0.465496030711974,1.0,1.0,1
1,1073,0.05302399469096499,0.16488162578969426,0.30511827807286607,0.35891943765608,0.004298517014304693,0.487436125108179,1.0,1.0,0
1,1074,0.015138063447860981,0.7396538609517865,0.05340976132710237,0.9703771638607113,0.014011910002289144,0.4803024111059068,1.0,1.0,0
1,1075,0.062209212030479515,0.4155051521380481,0.6881491006725878,0.933326520338664,0.005562518713094163,0.48018139830874523,0.0,1.0,0
1,1076,0.026188030564118697,0.618994636588613,0.30476489014622404,0.3703502618020494,0.0,0.5703227277644293,0.0,1.0,0
1,1077,0.019912428706575686,0.19652037565674085,0.7820694043229766,0.631553639035461,0.10121571952930296,0.4740343631321413,1.0,1.0,0
1,1078,0.1617790517558524,0.21150772936890397,0.07810527101219453,0.9491183673557414,0.05219341760109295,0.3911037198361699,1.0,1.0,1
1,1079,0.0,0.7717259453736067,0.30873496196702127,0.27589344073169136,0.03561592181778316,0.575319435422996,0.0,1.0,0
1,1080,0.03605021476749089,0.3869729442980531,0.18350290922383966,0.6393630761769395,0.015920222897534194,0.3986329098369061,1.0,1.0,0
1,1081,0.07298463738051644,0.47168916559370105,0.8386232411909481,0.6252570309780192,0.053029040546913875,0.4514436486979372,1.0,1.0,0
1,1082,0.04020401666763262,0.6048828315322164,0.5343097856186773,0.8839717354273561,0.06893529432478313,0.48021676705476934,1.0,1.0,1
1,1083,0.02652914857740094,0.2674210359655025,0.3080111452455318,0.35861448785711514,0.038612463986348905,0.4590507013833054,1.0,1.0,1
1,1084,0.04398910632106877,0.17752692734875727,0.007760618897150058,0.035886571753558014,0.002992075048729864,0.4011840275346957,1.0,1.0,1
1,1085,0.0018091850394177835,0.13256620155353196,0.2561586013202614,0.07562659416956174,0.15311371599664014,0.4805798050586475,0.0,1.0,0
1,1086,0.0,0.29012056308425915,0.26233691354542776,0.3471652532320408,0.0,0.4565269064777813,0.0,1.0,0
1,1087,0.006909880990608498,0.44007525987923357,0.13429499497451391,0.33059093305917536,0.06721653381940992,0.5745142204941782,0.0,1.0,0
1,1088,0.0,0.6044369513359527,0.5973752808369683,0.3867366359473263,0.03031706802023955,0.5317202054551028,0.0,1.0,1
1,1089,0.03198021682564735,0.15767287983490194,0.13222509383792158,0.016280363395992266,0.0,0.552676907002746,0.0,1.0,1
1,1090,0.031810019659114695,0.37548731951705094,0.3204348996175994,0.08321521411279312,0.051345283344646594,0.46195672244615016,0.0,1.0,0
1,1091,0.04128215464440306,0.8721606964008444,0.4687864713602326,0.24913619301894135,0.0,0.48659795055131244,1.0,1.0,0
1,1092,0.015036030535538576,1.0,0.5617586298085634,0.9397534831204983,0.00834961284227513,0.4818010628934453,0.0,1.0,0
1,1093,0.05407355027798823,0.4300513507022411,0.1284656254050652,0.2859518044072708,0.044896572230092996,0.5234062814856207,1.0,1.0,0
1,1094,0.024895814253892944,0.8606697067757445,0.06756567567773097,0.31537606310587035,0.0,0.5024006270522717,1.0,1.0,1
1,1095,0.02878841379936763,0.4130944958548501,0.4446117928381439,0.2887164441823854,0.010097831665154083,0.4275707004475639,1.0,1.0,0
1,1096,0.0,0.1178249080761534,0.8978020428496251,0.05761817275767092,0.017620056152558728,0.4332703643963147,0.0,1.0,0
1,1097,0.0,0.1451039573262629,0.0,0.9683743158760298,0.03215951105202412,0.5806440458021882,0.0,1.0,0
1,1098,0.0,0.557496295404492,0.9797774280454764,0.6410307330081652,0.004953134057236737,0.5585075713610032,1.0,1.0,0
1,1099,0.0,0.18168265798568553,0.7683966849814343,1.0,0.02652891865443807,0.462238115083884,1.0,1.0,0
1,1100,0.0647866059786122,0.4153554809131005,0.3977702543121171,0.051971998350196655,0.017931689440480295,0.4918420213672729,1.0,1.0,1
1,1101,0.03501229993239532,0.43405479805806174,0.6926279847370637,0.9688642643203087,0.02938288623019987,0.4671437203557417,1.0,1.0,0
1,1102,0.06131117023159369,0.23066736420514564,0.1308255108010087,0.05880614035147212,0.0,0.6344471292889594,0.0,1.0,0
1,1103,0.039901029998910625,0.9012916669681111,0.08672587816537869,0.07247860304425709,0.04408237511151131,0.45667921645858084,1.0,1.0,0
1,1104,0.0,0.5910568467269647,0.21571522415552608,0.0,0.0,0.5730754053105516,1.0,1.0,0
1,1105,0.05520448516634349,0.5615765349276925,0.08220281490455705,0.6353877365427424,0.13856433301090257,0.4152464415175548,0.0,1.0,1
1,1106,0.011122965145200224,0.6762236759964209,0.02155602799040634,0.04136040885526044,0.04640381248663797,0.40522997845182473,1.0,1.0,0
1,1107,0.03856517464846124,0.19048019015452455,0.4689357431585615,0.3456569284370336,0.08787584058677995,0.5628134478968588,0.0,1.0,0
1,1108,0.0399072599435124,0.5915767531151934,0.24955829308494004,0.5744927321761216,0.022808292006345654,0.5363790470908374,0.0,1.0,0
1,1109,0.0,0.3327984515324994,0.0693245480766817,0.6252916293848859,0.03613760640959976,0.5322520115783534,1.0,1.0,0
1,1110,0.0015871156548604038,0.3796533124459492,0.2917329663007976,0.30652465424276965,0.007606420714123156,0.569092513157719,1.0,1.0,0
1,1111,0.0,0.276172853391985,0.0860084741076435,0.3274100650655613,0.0,0.5620382430297476,1.0,1.0,1
1,1112,0.030388907879291195,0.8050253529822925,0.09197149640924851,0.6416709559914544,0.11431250566985139,0.5133143486785583,0.0,1.0,0
1,1113,0.0465420619997578,0.28976175231018536,0.9204055526507547,0.9427685270243255,0.0,0.5089829278521297,0.0,1.0,0
1,1114,0.09360452792855498,0.4854962406848422,0.5779502270257625,0.26623414193386,0.0,0.48834972239307317,1.0,1.0,0
1,1115,0.0,0.3701352867416239,0.2123904148539713,1.0,0.0,0.5320301589724773,0.0,1.0,1
1,1116,0.0047781457888334475,0.41931241208523223,0.6461574570472524,0.0033474031984376458,0.02653624706806021,0.5204782031622265,1.0,1.0,0
1,1117,0.14082289085113875,0.6003489794707186,0.07432853497403369,0.9166246215304147,0.06425689889773138,0.5429929843301505,1.0,1.0,0
1,1118,0.061902401560869756,0.12889874854584013,0.5032054137872171,0.02559923319972991,0.03620835164183572,0.42751366379467454,0.0,1.0,0
1,1119,0.019596606497266727,0.8699206643560183,0.11852869855518296,0.2689117010365774,0.07684073285382079,0.4969706039925751,1.0,1.0,0
1,1120,0.011690178811072361,1.0,0.4476918275795672,0.5846916930932584,0.0,0.5528213278643889,1.0,1.0,0
1,1121,0.023283027823423882,0.33501584123223643,0.37460218999156436,0.0,0.0,0.41964249505294887,1.0,1.0,0
1,1122,0.0,0.6503947616634891,0.5067989427920371,0.32619398990464704,0.026726829516462058,0.512381973500802,0.0,1.0,0
1,1123,0.012498635163543798,0.3656531719291525,0.9641034852797472,1.0,0.0,0.5087350950528703,1.0,1.0,0
1,1124,0.016006767441486457,0.33215243091019914,0.8295834225070112,0.3087215557444916,0.10325382649158721,0.5064463727544881,1.0,1.0,1
1,1125,0.08602722022924757,0.5534731519295155,0.9049549679419034,0.6433710286954735,0.04561300787596603,0.6060848563553684,1.0,1.0,1
1,1126,0.0,0.20003664225384235,0.6989154490306582,0.048968035528345874,0.028381479270595738,0.5070918110925511,1.0,1.0,0
1,1127,0.05633072201582197,0.11489905894715875,0.4548815125213967,1.0,0.024953506114794778,0.49154776470241246,1.0,1.0,0
1,1128,0.006766138860378599,0.8213987530479999,0.05972393397388871,0.007044874613974632,0.0,0.5507230388481065,0.0,1.0,0
1,1129,0.0,0.7174075269952789,0.09532025757114441,0.3993199702766719,0.06506897113872316,0.3971337172001176,1.0,1.0,0
1,1130,0.06658098636746795,0.9825910732925615,0.6115740692709353,0.10723455144744914,0.02757143315706469,0.4575893582522403,1.0,1.0,0
1,1131,0.0,0.625274263417607,0.07616534966491045,0.03535568097138453,0.07219103740901414,0.6024645392229543,1.0,1.0,0
1,1132,0.0,0.15111930420964648,0.9793023786463813,0.0668942836070917,0.0,0.5696618875455087,1.0,1.0,0
1,1133,0.0,0.40855038433611834,0.900554847774952,0.9734101051424048,0.0,0.4768509459927272,0.0,1.0,0
1,1134,0.016737157693787762,0.9922066285606828,0.18392328542191488,0.021875596391638816,0.03975319373555707,0.49436077513047366,1.0,1.0,1
1,1135,0.09528250407987685,0.534274804733107,0.13971680072853468,0.0,0.04404114237290222,0.5146692565003086,1.0,1.0,0
1,1136,0.0,0.444424098127261,0.2298873532674935,0.31483349089588486,0.06115362507384117,0.53955591108173,1.0,1.0,0
1,1137,0.0,0.9895841516226931,0.37337088592434564,0.6281874179185903,0.0,0.494448159035254,1.0,1.0,0
1,1138,0.037708709875105065,1.0,0.44111809062080226,0.710135333450909,0.03127022888608021,0.5342035571623172,1.0,1.0,1
1,1139,0.04925998038017962,0.41047679274054427,0.042437088859603865,0.987105537760716,0.0,0.4253197769030627,1.0,1.0,0
1,1140,0.0700396932397852,0.13646210074870235,0.36805322792903195,0.5228029093588583,0.010037073739243105,0.4130414682079244,1.0,1.0,1
1,1141,0.021301664858146656,0.671366933957955,0.6812377942298273,0.34306856568792726,0.011495089126654746,0.6277962653859925,0.0,1.0,0
1,1142,0.03129200330380171,0.3494996005019751,0.7401194490525782,1.0,0.025181395805440578,0.5217899423389409,1.0,1.0,0
1,1143,0.0,0.8306184085385487,0.8090511739640296,0.05308427719483459,0.0,0.4491521296494184,1.0,1.0,0
1,1144,0.05032186856433049,0.9670390553776996,0.4314008474754688,0.032679890228840255,0.0024960830379783068,0.4956168052223377,0.0,1.0,0
1,1145,0.06633406885572146,0.7184699137649813,0.2911969699189839,0.6715251869932993,0.01801443538796547,0.590073346567817,1.0,1.0,0
1,1146,0.08666022811379241,0.7249070631232825,0.4136211364106305,0.4195751883858299,0.0,0.5148801400339507,1.0,1.0,0
1,1147,0.0172178025670124,0.36253794111224014,0.6563817494181148,0.12450148931027712,0.0,0.5857520063406578,0.0,1.0,1
1,1148,0.0,0.15180401681131073,0.018030820505996678,0.28694088791827344,0.04208552169761681,0.5264522555177594,0.0,1.0,0
1,1149,0.03111585704153647,0.18320515015036692,0.6858768747462626,0.0,0.0,0.5783409495454405,0.0,1.0,0
1,1150,0.02418411628173299,0.21103320077759682,0.9752174145249725,0.5318706731930959,0.0,0.5173244089975618,0.0,1.0,0
1,1151,0.05526483179794764,0.3951736753673994,0.5414289097570519,0.028572970274394482,0.0010470193089619842,0.56699026868995,0.0,1.0,0
1,1152,0.006730801699474258,0.2006982038429556,0.729382351696505,1.0,0.03480482443905617,0.48386140973042546,1.0,1.0,0
1,1153,0.0,0.14878697833932564,0.23657728001881306,0.9447386673436976,0.0,0.5602341814848604,0.0,1.0,1
1,1154,0.07457049290730057,0.22416160228741303,0.2931466308906237,0.0,0.03485155283776785,0.4177433643337291,0.0,1.0,0
1,1155,0.08643417509633974,0.3500393605220144,0.9557234769164699,0.06698763336352097,0.016926449084876918,0.5185949406386754,0.0,1.0,0
1,1156,0.0,0.1489726105883062,0.0109303940053706,0.5231065964560412,0.02188813086514085,0.5678643988769875,0.0,1.0,1
1,1157,0.0,0.5815611558730949,0.13817045640662773,0.9804293337184979,0.023809140526736966,0.5572473430257804,0.0,1.0,0
1,1158,0.04147336099205604,0.16835163716588128,0.39467615574993753,0.6222211542995099,0.0,0.4952797660933615,0.0,1.0,0
1,1159,0.0031580611827017762,0.20996524138327902,0.0,0.5333531952323441,0.0,0.4731345056705817,0.0,1.0,1
1,1160,0.0006284957232254003,0.9866777192689549,0.0583966657805724,0.9906045430128438,0.06650852053381315,0.5138299931079415,0.0,1.0,0
1,1161,0.005312095646522096,0.36785901755957506,0.8081827803922825,0.2682175839047237,0.018136751292775942,0.5138128656269255,1.0,1.0,1
1,1162,0.0,0.4538032609546886,0.1168441137836291,0.32958558716926223,0.0,0.4682158508087238,1.0,1.0,0
1,1163,0.014602333202096026,0.6302931686027947,0.7794468563720616,0.9922520148655345,0.0,0.4665183598566339,0.0,1.0,0
1,1164,0.0,0.19560054846483865,0.6785001406025508,0.2719070200999642,0.02586164022403016,0.5654822961522604,1.0,1.0,0
1,1165,0.03411925451499478,0.2040741788218633,0.6876703347340675,1.0,0.07914029040887985,0.5904686260827942,0.0,1.0,0
1,1166,0.02111728944659778,1.0,0.3057722387273344,0.040106249976450375,0.0,0.5260032443806,1.0,1.0,0
1,1167,0.035075253044557324,0.1439789158191236,0.9681671945300462,0.9936865229850355,0.0,0.484760497700222,1.0,1.0,0
1,1168,0.023177531835017993,0.18304005062717488,0.43328374129504577,0.3191609839713525,0.02346016501734253,0.3731285481848467,1.0,1.0,1
1,1169,0.0,0.6161767653916373,0.961546546837795,0.2599868265837961,0.008389620101211206,0.4942103618211577,0.0,1.0,0
1,1170,0.0,0.4791444311404674,0.3034779148020478,0.9070215000855711,0.0567644060384072,0.42001433199145083,0.0,1.0,0
1,1171,0.0,0.41440356811235024,0.42850093582299886,0.9704976053151956,0.10349955227489249,0.5454209409072015,1.0,1.0,0
1,1172,0.023748809208636496,0.35569883361332205,0.006098175620271732,1.0,0.023468720522696145,0.49018778249207645,1.0,1.0,0
1,1173,0.0,0.244358447200276,0.8333923539659677,0.5709554577861741,0.07102903188161964,0.5026645065059058,1.0,1.0,0
1,1174,0.0,0.31695923503353113,0.7030577413585086,0.012014757861636517,0.08724311946271573,0.544527438957118,0.0,1.0,0
1,1175,0.004319396622237255,0.8999086805040016,0.9728164175296491,0.0,0.0,0.5262822297296831,0.0,1.0,1
1,1176,0.013480014817477525,0.46346905821942735,0.9897488614589565,0.28929973308108464,0.03130522853419887,0.5018335696076869,0.0,1.0,0
1,1177,0.04092260652569347,0.13189140980785236,0.3868561390055217,0.5573426921785202,0.04442334845524755,0.5097426086792891,0.0,1.0,0
1,1178,0.03757323759801675,0.4276437859286803,1.0,0.0,0.0,0.4626071230529396,0.0,1.0,0
1,1179,0.002581148394336947,0.78816345589776,0.9389953934767236,0.5676968088128084,0.019287771558588854,0.46500526282378296,1.0,1.0,0
1,1180,0.020745251067490582,0.2773816788225199,0.3006818111954416,0.0,0.06787020490841161,0.5827589265478321,1.0,1.0,1
1,1181,0.022859545659225478,0.17808693922241545,0.0,0.9869449287796881,0.02231413047646179,0.5184264459761806,1.0,1.0,1
1,1182,0.010561640827304328,0.6120893554803667,0.7433150555760619,0.30961664667854005,0.050515490885483696,0.5053739319210366,0.0,1.0,0
1,1183,0.019066370593279487,0.9758450435250079,0.6345373295958313,0.63096459192703,0.0056449704194478124,0.5686108842355884,0.0,1.0,1
1,1184,0.05830914871442538,0.1379295719219239,0.66946618415359,0.0,0.0,0.5099095848925204,1.0,1.0,0
1,1185,0.0076311013664750365,0.20259110881749826,0.2799677172845227,0.4104748312055319,0.0,0.5483793643265928,1.0,1.0,0
1,1186,0.0,1.0,0.496950215609634,1.0,0.03172538900560078,0.529312269989583,1.0,1.0,0
1,1187,0.02712222803531289,0.37415895483956096,0.0169063656967353,0.25466623997819005,0.02488202248627272,0.4922009358889827,1.0,1.0,0
1,1188,0.08677042508981346,0.9964212994931695,0.2643624906854829,0.02729658001084794,0.0,0.5109704488127782,0.0,1.0,0
1,1189,0.0,0.8588995271035889,1.0,0.3114386233471935,0.0,0.5202033875668968,0.0,1.0,0
1,1190,0.009671262549927206,0.26386077060677554,0.27854690753453937,0.014865284314244852,0.0,0.598089657890008,0.0,1.0,0
1,1191,0.011132927434874793,0.35326718197598916,0.9664763929898756,0.9989399882250442,0.0,0.5253783245303707,0.0,1.0,0
1,1192,0.0,0.4558857669544291,0.972088475971439,0.9510671513999122,0.0,0.5358292642315889,1.0,1.0,0
1,1193,0.0,0.2289236315142395,0.9592975943364014,0.24666767147312868,0.031658072297964406,0.5017665679807555,0.0,1.0,0
1,1194,0.0,0.5943383008723357,0.9565434188242167,0.5526422687800374,0.04674464038381764,0.5381235426343757,0.0,1.0,0
1,1195,0.015809123561746966,0.7870084599113059,0.5603752639047698,0.3835042468024728,0.0,0.6028999339916169,1.0,1.0,1
1,1196,0.019085259668833177,0.9445298502956955,0.3313793190120622,0.9617765696456508,0.030341870444229625,0.5073675845397447,1.0,1.0,0
1,1197,0.0221982771070239,0.5406877092835776,1.0,0.8899728200101211,0.013477840483934895,0.542234872940016,0.0,1.0,0
1,1198,0.025529711016411084,0.07305259127728811,0.46095988578153013,0.20804223980284592,0.0,0.6000246834827142,1.0,1.0,0
1,1199,0.0,0.35786152710429714,0.13949213300259733,0.9517225286433637,0.07828512157934536,0.4799440990497403,0.0,1.0,0
1,1200,0.007039173897374441,0.40212993442014566,0.02267600101410109,0.4436423949255347,0.010136713416884085,0.6218272763154434,0.0,1.0,0
13,1,0.0005448640556002668,0.14802865955192882,0.01724610176890555,0.0,0.039198736361225464,0.20527555904149378,0.0,1.0,0
13,6,0.001384320318581372,0.1791205736941759,0.12054988889708386,0.11419247575508505,0.0,0.2508378523495049,0.0,1.0,0
13,7,0.0,0.21126911755885913,0.06796454232441183,0.041088402946952415,0.0,0.11082054580506681,0.0,1.0,0
13,8,0.025657915534659553,0.18937675448375166,0.0,0.0,0.06964771806284585,0.20430810631317922,0.0,1.0,0
13,1001,0.08261818226984176,0.8010027333764994,0.3475274153362034,0.057135460277479684,0.015244137219167881,0.5179509101364226,1.0,1.0,1
13,1002,0.08056292645566238,0.6222035602320142,0.0743245976852095,0.6895471748408885,0.0,0.4969695876286874,1.0,1.0,0
13,1003,0.021823129862724833,0.22704216085726986,0.12455353956701862,0.0,0.0,0.5372271295342869,1.0,1.0,0
13,1004,0.0,0.3762111998803467,0.7632157838152563,0.28056658235952947,0.0,0.47158481504346367,1.0,1.0,1
13,1005,0.00496389849624328,0.19740663955992857,0.0,0.9575829627901814,0.146786546070005,0.4745640056321769,1.0,1.0,0
13,1006,0.0417940992930009,0.6789020307778812,0.98806512126481,0.963338735355674,0.04916795191650261,0.4312183967919373,1.0,1.0,0
13,1007,0.0013840980687737283,0.09311244218038614,0.6930461158213975,0.03560831220732883,0.043351937076255447,0.5466933480105532,0.0,1.0,0
13,1008,0.0,0.10617308540160361,0.9763766357249489,0.271372488652438,0.030379817788657705,0.5613844123488583,0.0,1.0,1
13,1009,0.0042174321181661445,0.8225672798595829,0.046812429370916966,0.05465596949090219,0.0,0.48991075258330846,1.0,1.0,0
13,1010,0.00395681262609113,0.43578779287699854,0.009258547042274365,0.6071955816575729,0.05421023310799874,0.5163886298612087,1.0,1.0,0
13,1011,0.0069388407264043,0.20333350152927204,0.7454727830910289,0.597884806276132,0.017352498879559076,0.44241848095931485,1.0,1.0,0
13,1012,0.0,0.5074200414506321,0.33857237377284943,0.3108252170924977,0.0014532566446262955,0.5557232392606485,1.0,1.0,0
13,1013,0.0,0.27151448846499937,0.024723570835271304,0.9289743385630919,0.035613598361814054,0.9985250614450812,0.0,1.0,1
13,1014,0.0269166968414745,0.26551630091363027,0.8131882626764096,0.9274057986849439,0.032707325276356516,0.5248969117684629,1.0,1.0,0
13,1015,0.018791502228209665,0.21683006356526657,0.9447707656443244,0.32814610644362024,0.0,0.5496475119091943,1.0,1.0,1
13,1016,0.0,0.869656086136289,0.937715059733388,0.963349017074968,0.058733098001464264,0.5179095235445764,0.0,1.0,0
13,1017,0.001620793543095883,0.7411585833199109,0.8393969921528335,0.49239875514128234,0.009160529897744553,0.4709332008002135,0.0,1.0,1
13,1018,0.10010483474792496,0.35348233688647485,1.0,0.9761102599957506,0.0,0.5488465857630836,1.0,1.0,1
13,1019,0.0017511627326190302,0.5786586897941415,0.6639437197962516,0.3586661654098937,0.000422760383918969,0.5081168386678832,0.0,1.0,0
13,1020,0.027629314067106267,0.5516281688583438,0.7529002396804186,0.31624812440500605,0.019774893181894918,0.4908029009113505,1.0,1.0,0
13,1021,0.0007643833595035707,0.20396610171024188,0.18784979396010215,0.9448082183251292,0.01011802060568871,0.5240124523856651,0.0,1.0,0
13,1022,0.0,0.6395537388755841,0.4419994699049929,0.27107775040299964,0.0,0.435111740011505,0.0,1.0,0
13,1023,0.0,0.17564408029622733,0.7719038065012566,0.9961767898420242,0.016262139479421,0.5252164182923043,1.0,1.0,0
13,1024,0.01470624553210927,0.3662016843532402,0.6995806615141497,0.5189772467155984,0.01983785290164662,0.4649411411359572,1.0,1.0,0
13,1025,0.03208193651584248,0.17497101535906276,0.34552678554504046,0.00048247385453730927,0.08665247948904564,0.3944791599610263,1.0,1.0,0
13,1026,0.019897245648803043,0.3073585076006173,0.030826131394310858,0.0,0.13275329323421522,0.4906277047808456,1.0,1.0,1
13,1027,0.06187787498449923,1.0,0.4063477915406934,0.0,0.06404746115832156,0.4696111665886702,1.0,1.0,0
13,1028,0.0780142119601811,0.39265796189577507,0.7374940731213282,0.6431808465317079,0.04533662996815765,0.5213768033743459,0.0,1.0,1
13,1029,0.0,0.34131562318607994,0.0,0.3617975118240693,0.07711047241375968,0.43871914240904486,1.0,1.0,0
13,1030,0.0,0.15339987928089796,0.6715341096904152,0.3429539476785428,0.0,1.0,0.0,1.0,0
13,1031,0.0,0.2119153468702151,0.9977781339595986,0.31095889330323956,0.07676688218066208,0.5776005713614218,1.0,1.0,1
13,1032,0.04816037462380204,0.2558253643604152,0.031744237494349035,0.3656667746817938,0.004601607296235325,0.4487252262611662,0.0,1.0,1
13,1033,0.028940642182773594,0.19541040301490797,0.007642250611540211,0.21837927519560968,0.006724183850673575,0.5122551354335823,1.0,1.0,1
13,1034,0.11799803244403717,0.40462294226754353,0.8266309209697366,0.5683473380827648,0.0093196763707387,0.6015581353505689,1.0,1.0,1
13,1035,0.0,0.7848865960752189,0.6782061053833883,0.9547530794091076,0.0,0.4884435525210717,0.0,1.0,1
13,1036,0.0,0.17032923911675454,1.0,0.0038968307518495184,0.1266016789227174,0.4887401827413444,0.0,1.0,0
13,1037,0.0,0.679914968055208,0.693704750651836,0.9837061894026671,0.01788310765733707,0.9566004033248996,1.0,1.0,0
13,1038,0.0,0.37080878301758086,0.8720427466231337,0.0,0.0021198488555789104,0.5210896346763483,1.0,1.0,0
13,1039,0.024135279690428797,0.3025982443501471,0.9699533288576263,0.009566498610008942,0.019300403698848032,0.4946050556133651,1.0,1.0,0
13,1040,0.035032561278631746,0.3577877407900261,0.9753663110637047,0.0859301094024929,0.02495733789786906,0.5656485162845521,1.0,1.0,0
13,1041,0.029484269704561614,0.6378074366228298,0.07119737498109924,0.6171723294406142,0.0,0.578380975517766,1.0,1.0,1
13,1042,0.051361057404783486,0.7944814156665904,0.6647255396123245,0.3156508476712855,0.022416710333633634,0.4491276731214907,1.0,1.0,0
13,1043,0.0,0.1691142541311904,0.5638031350872621,1.0,0.0,0.42521490346206203,1.0,1.0,0
13,1044,0.0,0.8159162958288045,0.9205315979506198,1.0,0.014815374094981048,0.41380837888886357,0.0,1.0,1
13,1045,0.09776067305457793,0.4360317036589649,0.055674644372019605,0.9902315125384604,0.030813461750797466,0.4918843327069644,1.0,1.0,0
13,1046,0.007892730294179294,0.20485124994778794,0.9215324309723486,0.7007765532150619,0.02061868454058069,0.9385661529535496,0.0,1.0,0
13,1047,0.00837472106784313,0.6841190946628496,0.0002212811937294458,0.0,0.018831228848256176,0.41499698619512043,1.0,1.0,0
13,1048,0.019219098125318773,0.9853087889330892,0.5710668630872088,0.9111354331190313,0.10431912103789365,0.41983367338794053,1.0,1.0,1
13,1049,0.003879607357750339,0.18406576449502127,0.7809321988448883,0.4169967705346731,0.08389254019472858,0.47872161988678646,1.0,1.0,1
13,1050,0.0,0.34791326479899287,0.21970483073128969,0.260385137171112,0.061394230694779506,0.572654253758381,1.0,1.0,0
13,1051,0.0,0.5412582823110335,0.0619172554629292,0.5030946708608885,0.03558507575261054,0.5133489301892706,1.0,1.0,0
13,1052,0.01704774070435083,0.7081444767612315,1.0,0.29158041734530443,0.03806623925200103,0.5386087610199861,1.0,1.0,0
13,1053,0.0,0.583855738027713,0.6120205624427321,0.9872494490280855,0.013394440118963657,0.5016206191764904,1.0,1.0,0
13,1054,0.022539236494784502,0.3362433092998082,0.695327268235173,0.28491757765680964,0.0033515084690725694,0.5268466400066668,0.0,1.0,0
13,1055,0.0,0.7351720715766139,0.8261748721070019,0.3377706962982108,0.008691867921447221,0.4361040255440784,1.0,1.0,0
13,1056,0.0,0.563446887469715,0.04845164400517685,0.5942808628831748,0.0509902024371719,0.47872655886896104,1.0,1.0,0
13,1057,0.010488988416901133,0.1391353882369042,0.6705165442993037,0.39268629090767976,0.0,0.5201964878205223,1.0,1.0,0
13,1058,0.11364945078698896,0.17036508655842036,0.7702428518824146,1.0,0.0872126762124886,0.41238350276994845,1.0,1.0,0
13,1059,0.005027582660126428,0.9880633543529953,0.7024217011888833,0.39907988395606137,0.02736789237101328,0.5631951467256281,1.0,1.0,0
13,1060,0.04574452430454893,0.3929269488858992,0.0,0.5558276399623463,0.0,0.48650576269292317,0.0,1.0,1
13,1061,0.0,0.8077428435123211,0.4086111692604457,0.0016771420466367322,0.029427610823341572,0.48838784530078605,0.0,1.0,0
13,1062,0.0,0.4257892756719853,0.8773514055446163,0.9924967636462432,0.04551638713175612,0.5526604885707015,1.0,1.0,0
13,1063,0.0,0.38606660670752896,0.08570965383038652,0.3217072302563606,0.012103905727222293,0.5434660924432487,1.0,1.0,0
13,1064,0.01572468915060106,0.2407296352969703,0.992455022493516,0.3496644386539577,0.0,0.48046211093790214,0.0,1.0,0
13,1065,0.12805283648553292,0.6267383416813945,0.6203159333707449,0.0019650781144892123,0.03390345822352828,1.0,0.0,1.0,0
13,1066,0.015727206623868856,0.35148023110186666,0.543829435055916,0.97667867257829,0.0,0.4886415811956647,0.0,1.0,0
13,1067,0.004704950952166525,0.9000679373184998,0.7282574878044804,1.0,0.018798957965997648,0.439717417085998,0.0,1.0,0
13,1068,0.0,0.42718457076227456,0.38770335356232843,0.0,0.04913308552446449,0.561556684248486,0.0,1.0,0
13,1069,0.006388047944550771,0.41470219973530703,0.11751068754904463,0.6637608372039395,0.0,0.9878957821574299,0.0,1.0,0
13,1070,0.0,0.22715900985457751,0.7376192031948346,0.5644473792938485,0.016892671715338006,0.5192270514897225,0.0,1.0,1
13,1071,0.0,0.34008878308361845,0.3504600709667314,0.053602192070768544,0.0,0.5009481953379273,0.0,1.0,0
13,1072,0.0461147943363937,0.5986376004999865,0.8807909013554277,0.652914137041931,0.02682214099079456,0.47871758607551035,1.0,1.0,0
13,1073,0.01993658518345807,0.2610493696604457,0.44581464352134414,0.2802987606575872,0.0,0.516392500276227,1.0,1.0,0
13,1074,0.0,0.8096507380598003,0.0,0.9922141654249662,0.00883251990061135,0.53750713120198,1.0,1.0,0
13,1075,0.0,0.2848004739381677,0.7630428827784596,0.9746714771339726,0.06219066392349497,0.520152602191848,0.0,1.0,0
13,1076,0.0,0.5507390915075927,0.34032922266747023,0.32114591217805954,0.0293243006601148,0.5149706120518315,0.0,1.0,0
13,1077,0.11870102569233276,0.09623107886546606,0.9106351917109419,0.6324494884282313,0.010212925434660515,0.5878700798310621,1.0,1.0,0
13,1078,0.0,0.12446269177809885,0.1190038007833556,1.0,0.0,0.4829278734492932,1.0,1.0,1
13,1079,0.010386298883101346,0.7856063551685151,0.258631887887119,0.29033617091041986,0.027698272736029837,0.535854795629111,0.0,1.0,1
13,1080,0.12776774678598934,0.34738404575812193,0.17885920819109993,0.5995696651191013,0.0,0.5160645579971911,1.0,1.0,1
13,1081,0.0,0.39609483019143255,0.9797524611705574,0.6073842379698766,0.023304103977264096,0.4909085024753464,1.0,1.0,0
13,1082,0.02712267425369702,0.6709431634927445,0.5880756235352274,1.0,0.015699115056503458,0.5142121623303315,1.0,1.0,1
13,1083,0.0,0.21373958293900622,0.3297378443933381,0.28236190093461994,0.03348240495855948,0.4977989930758983,1.0,1.0,1
13,1084,0.025176448488357758,0.28210982687868963,0.0,0.050202700328319506,0.15229827874235669,0.5602458283705332,1.0,1.0,0
13,1085,0.04188855034740721,0.24919506295387148,0.3602211034052573,0.0,0.10602899179563699,0.5332584119293229,0.0,1.0,0
13,1086,0.1200476564308261,0.3539930342059194,0.23475670452337194,0.33754039516845363,0.020552121499839617,0.5076781425445347,0.0,1.0,1
13,1087,0.01450440246539467,0.445653937437887,0.15372085368434113,0.25540362591930854,0.018730811752163797,0.5247355725165498,0.0,1.0,0
13,1088,0.051285841179887416,0.6371216628456232,0.6284035932494413,0.4119914652631969,0.0,0.4888476383987526,0.0,1.0,0
13,1089,0.022573451160416782,0.1629378244504502,0.08060501241210045,0.029643399732881336,0.0036278692311309565,0.4328381963263661,0.0,1.0,1
13,1090,0.0088938886917043,0.4514544306655576,0.19925498966307595,0.0,0.0,0.5002959304641141,0.0,1.0,0
13,1091,0.004379483667131165,0.743035659531023,0.38244803386485615,0.24548415916588176,0.0,0.49085881806200726,1.0,1.0,0
13,1092,0.0,1.0,0.6174166763503095,0.9894223620655503,0.05062448207383978,0.5447565054940043,0.0,1.0,0
13,1093,0.08535096204308382,0.42551212664671617,0.0,0.3029225912975736,0.02808046465697474,0.4332423059892102,1.0,1.0,0
13,1094,0.0076282103119420346,0.8253471470089498,0.1239221551845108,0.30391738614871694,0.0,0.5708517344809461,1.0,1.0,0
13,1095,0.0,0.4067449896100039,0.5615932244803942,0.3770042277106973,0.0,0.5523205542713168,1.0,1.0,0
13,1096,0.016154962616546108,0.19107773370709197,0.9990870687943675,0.0,0.014724255151440078,0.4383676925724176,0.0,1.0,1
13,1097,0.0007937736713683839,0.15199657740941655,0.08233328305651004,0.961299805165758,0.0,1.0,0.0,1.0,1
13,1098,0.02218545570715092,0.6349497695505101,0.9544407316791732,0.6928724819494011,0.0019078313833474983,0.4403683410053186,1.0,1.0,0
13,1099,0.07946319303205747,0.21733232577309053,0.9092408280221163,0.9402440748739159,0.0,0.5136733574041827,1.0,1.0,0
13,1100,0.0,0.3812657493286954,0.35377229111161024,0.0,0.007270133956533692,0.552281310877353,1.0,1.0,0
13,1101,0.05214361777105334,0.40223127645054596,0.5480953083603021,1.0,0.020828885949972516,0.9871279523023183,1.0,1.0,0
13,1102,0.03574864222963579,0.24678804591092632,0.12146483357246814,0.0,0.0,0.9443161066522993,0.0,1.0,1
13,1103,0.031874143259158896,0.9178871591541035,0.09977376719271702,0.0004533190059237398,0.0,0.48146381112329883,1.0,1.0,1
13,1104,0.014394195762432564,0.5591885941718904,0.1576765350209521,0.012070227272951881,0.0,0.44221816742139525,1.0,1.0,0
13,1105,0.0,0.6526147219782128,0.13180750411209394,0.6066598212881358,0.03562718920730764,0.9987402954330199,0.0,1.0,0
13,1106,0.0,0.6215729640895923,0.007861110679385823,0.008540371003617667,0.01891974882054603,0.5554108145072455,1.0,1.0,0
13,1107,0.001534153133589944,0.13019094266355843,0.4038507467621717,0.3018128479138357,0.0,0.40632246364334246,0.0,1.0,0
13,1108,0.008921332867176057,0.5953640164297667,0.18674014105747766,0.6023416172952281,0.0,0.5016071884655208,0.0,1.0,1
13,1109,0.02092291157541828,0.4499261911950267,0.09523182010672727,0.6454546416095289,0.00706563080202496,0.5040533774750411,1.0,1.0,1
13,1110,0.0,0.39115335175507876,0.19200341862021283,0.21469437143318906,0.07200626364763049,0.9085486565738454,1.0,1.0,0
13,1111,0.10788482067212729,0.22438855062678487,0.06405375826825002,0.2641848521081038,0.0,0.5373791023341391,1.0,1.0,0
13,1112,0.02510393727443483,0.7970038975957962,0.0,0.6127574659168393,0.01697130703140604,0.46660014182417675,0.0,1.0,0
13,1113,0.0,0.20508912045161173,0.7984389706420116,1.0,0.0,0.6078575235007004,0.0,1.0,0
13,1114,0.0328132637966844,0.4877684521156685,0.5954258272883279,0.15141912938973903,0.0,0.42573267648395396,1.0,1.0,1
13,1115,0.13913470304608538,0.33003432204427263,0.10001087500936454,1.0,0.0,0.4762743030307231,0.0,1.0,1
13,1116,0.017968225208983706,0.4492429582094879,0.6260514928143543,0.0,0.1491991541701192,0.5329988061374017,1.0,1.0,0
13,1117,0.0,0.6307961553344942,0.12762640042488654,1.0,0.0,0.5538544512442185,1.0,1.0,0
13,1118,0.08829747541523071,0.28921427112238135,0.5370144019617493,0.026511187586578017,0.03396542664930353,0.5435132050032161,0.0,1.0,1
13,1119,0.0,0.7849587043275981,0.16443017043403624,0.39648835655706777,0.0,0.9982271652281304,1.0,1.0,1
13,1120,0.052789678458797645,0.996663964959155,0.3771320183064519,0.6403316091313553,0.003287187170623201,0.5590051314756614,1.0,1.0,0
13,1121,0.02068135725668349,0.36285696857544003,0.431526934602534,0.0,0.014346741573143262,0.4830963346336781,1.0,1.0,0
13,1122,0.015908275407602486,0.5943386992864209,0.44165621605850003,0.31032989183167514,0.0,0.47265379016590403,0.0,1.0,0
13,1123,0.03874537787496073,0.4498646218106162,0.9989448928303082,1.0,0.007525360379231794,0.4627256529470031,1.0,1.0,0
13,1124,0.0,0.383403417883867,0.8194345454349183,0.2970767534923042,0.0,0.47503301520056535,1.0,1.0,0
13,1125,0.04526712712639815,0.5403332407273486,0.9097072310047067,0.615582274559802,0.03222997993712881,0.5468257014627153,1.0,1.0,0
13,1126,0.047633145484552615,0.18889154997530638,0.7504055307991317,0.0,0.0,0.5227967697369702,1.0,1.0,0
13,1127,0.016890597625929506,0.2445835054116363,0.603487760345967,0.9999591731029334,0.020107354324785158,0.45587970416863965,1.0,1.0,0
13,1128,0.0,0.8319330647878166,0.0162723788454611,0.0,0.06499450013633631,0.4870439125483914,0.0,1.0,1
13,1129,0.0,0.6968339311046342,0.04969490917219167,0.27781616708756984,0.0,0.9491124950755611,1.0,1.0,1
13,1130,0.01414270172303914,0.9808918285516431,0.7543093587753111,0.016576494964795033,0.020209976536279414,0.507848424335794,1.0,1.0,0
13,1131,0.039828780430521946,0.5379538336716702,0.1268758504299013,0.11347759917653936,0.0,0.49003669401699634,1.0,1.0,1
13,1132,0.0,0.13942719306133697,0.9915957665901702,0.01635146571010925,0.0,0.5908702589702581,1.0,1.0,0
13,1133,0.041979276671451564,0.476748253084982,0.8301238700381537,1.0,0.012757420597786222,0.41593293396909264,0.0,1.0,0
13,1134,0.0,0.993944979237647,0.22487660184050706,0.024612107238695145,0.04762145050879842,0.4400782162710222,1.0,1.0,1
13,1135,0.03239830424062063,0.6078387033045023,0.024032454126128498,0.0,0.026680024630147046,0.48081013313747584,1.0,1.0,0
13,1136,0.0,0.321150964477747,0.35050573755431635,0.35296875139221773,0.0,0.5523905731511124,1.0,1.0,0
13,1137,0.07029065648633084,1.0,0.3309774451033384,0.5050243753159948,0.04984995313667075,0.46651464273340587,1.0,1.0,0
13,1138,0.0,0.9902273796061737,0.3273247424159891,0.6332647586271825,0.04372484494405136,0.44771340093473244,1.0,1.0,0
13,1139,0.0,0.44034796342671745,0.16428653748642916,0.9772822241275776,0.00994429302112983,0.5257134819781404,1.0,1.0,0
13,1140,0.0016774449121745635,0.24645287797839857,0.36346404805639465,0.4907428661192905,0.0,0.4240142575435142,1.0,1.0,0
13,1141,0.036361372560710946,0.5403952578117802,0.7411874758200808,0.24134627959980479,0.003149912263771003,1.0,0.0,1.0,0
13,1142,0.1079966310061064,0.4222158406391878,0.8307824254314485,0.9655688265948819,0.0010944487036048866,0.5560398752632645,1.0,1.0,0
13,1143,0.0,0.8433444863852538,0.8514097677615753,0.004867073808841207,0.004338270857649443,0.4137105689663804,1.0,1.0,0
13,1144,0.0,0.9489756389040734,0.42863218888830734,0.010427661664250581,0.0025435744299963934,0.4630414790660287,0.0,1.0,0
13,1145,0.001298365579878824,0.6060696848342694,0.33806590441892886,0.5816545377902677,0.0,0.995641252012198,1.0,1.0,1
13,1146,0.09235536467291094,0.779530535170275,0.49176385294430686,0.28821567726238606,0.0021431873785431417,0.48497141888165246,1.0,1.0,0
13,1147,0.0361435238058734,0.4240319923475452,0.695513641174346,0.062369739493113,0.030353049196683343,0.47901758624305507,0.0,1.0,0
13,1148,0.054264789084971954,0.2255368680964072,0.018209411871603253,0.19332659655917464,0.013389034291520418,0.5878236157536918,0.0,1.0,0
13,1149,0.046699602275494856,0.30227108277624826,0.7637707813352281,0.032643158483062484,0.07073143552644885,0.46477701374089886,0.0,1.0,0
13,1150,0.03487213848998269,0.25859086520538677,0.8405027746121977,0.6512113821767371,0.010147774097866952,0.5024598554914605,0.0,1.0,0
13,1151,0.035482930484692615,0.4363943100343747,0.4260071300596634,0.0,0.006576366053027958,0.48497176011577714,0.0,1.0,0
13,1152,0.05859954304995995,0.1602398493085715,0.8388263536134107,0.8927889595475486,0.0,0.43664424976666744,1.0,1.0,0
13,1153,0.003809983508737448,0.18101922798243036,0.22998629609200544,1.0,0.027047789419664695,0.3969377281975906,0.0,1.0,0
13,1154,0.0,0.21527029800080666,0.24393221840848825,0.006482767726846336,0.0,0.5291079914514121,0.0,1.0,0
13,1155,0.0,0.25679957700656486,0.8651978527878336,0.05087460191673078,0.0,0.5081432554531842,0.0,1.0,0
13,1156,0.010544890753264322,0.2624313328110254,0.025679474780804002,0.5720956587930894,0.0,0.41154620975999195,0.0,1.0,0
13,1157,0.057156111918810024,0.6048986595660008,0.06190139375385163,1.0,0.0,0.48868956044644923,0.0,1.0,0
13,1158,0.0,0.2901209504025203,0.3517956703681385,0.6265405890695843,0.05761081973620873,0.5272636830421751,0.0,1.0,1
13,1159,0.054513758979695015,0.16556531053173382,0.0,0.5596557804778016,0.10855983726644036,0.9388037070503407,0.0,1.0,0
13,1160,0.0031153767746080266,0.9608881974444025,0.04333721216744389,1.0,0.0,0.46135088030548327,0.0,1.0,0
13,1161,0.0209111682692149,0.41529455134590376,0.791335450763363,0.32207049139377797,0.008468536966646324,0.4911654921389124,1.0,1.0,1
13,1162,0.0,0.310612030673741,0.11194336670377886,0.25987375615581204,0.0,0.4988305619145437,1.0,1.0,0
13,1163,0.004533168255767587,0.4961795711166872,0.8787046479189458,1.0,0.07083050337730296,0.4346749253935583,0.0,1.0,0
13,1164,0.003219805452363264,0.2761432902547721,0.5530237042192204,0.24837545627445784,0.009877262901841067,0.48157687847679237,1.0,1.0,0
13,1165,0.0,0.2797271245860612,0.5937561119726903,0.8462994932611906,0.0,0.4373717526972644,0.0,1.0,0
13,1166,0.013467955177568498,1.0,0.27755091166151696,0.0,0.09249761266029237,0.9259593432498976,1.0,1.0,1
13,1167,0.0,0.28158973065644716,1.0,0.931968650152659,0.033041135682052795,0.4467350200865696,1.0,1.0,0
13,1168,0.13044291155008525,0.2034628544880321,0.49447199965468003,0.3055709600618791,0.041903394242994246,0.5307311167751755,1.0,1.0,0
13,1169,0.020838711412626925,0.5350377767751497,0.9337545685428245,0.33885385443404875,0.001958183928276083,0.4308730731966527,0.0,1.0,0
13,1170,0.06563602614723539,0.4170891479528206,0.2915133359043958,0.952351982016375,0.024665036948819268,0.5316385251435953,0.0,1.0,1
13,1171,0.03132383017033239,0.34511681427565066,0.42969628798269904,0.9870531346325594,0.03533496613314798,0.5833487551527532,1.0,1.0,0
13,1172,0.018714653872087168,0.41753664987191025,0.0,0.9867178648896272,0.0,1.0,1.0,1.0,0
13,1173,0.005531359991204272,0.1767967516478875,0.7508707799359396,0.6650551801138103,0.02571232085523531,0.4746420835950498,1.0,1.0,1
13,1174,0.012432211347517427,0.48928262461729155,0.7225803438720392,0.008957238618164796,0.08097934822054619,0.4842697052075347,0.0,1.0,1
13,1175,0.0053544333186893635,1.0,0.917536492400067,0.0,0.0266525243381463,0.49783761331577386,0.0,1.0,0
13,1176,0.007370227693988529,0.5328582591472107,0.9839633881608456,0.28688035100436343,0.01657494934741096,0.3960254129614292,0.0,1.0,0
13,1177,0.0,0.19034534522229718,0.4159032513274768,0.5684271402367214,0.05206064513574031,0.9970388824128281,0.0,1.0,0
13,1178,0.07699722979768497,0.4403921239506121,0.9596939535506906,0.004361770726341014,0.012784687848527463,0.9214111711458549,0.0,1.0,1
13,1179,0.03732582369938367,0.864712485594244,1.0,0.5616201900542613,0.013870716310293938,0.5026079499082214,1.0,1.0,0
13,1180,0.01937079713600762,0.3497005726178995,0.29761531019074344,0.019084331379805322,0.02001673487841074,0.489823602901661,1.0,1.0,0
13,1181,0.016402078986929018,0.1744705234282353,0.0,0.9947223591487349,0.03661340103923308,0.6234965994447387,1.0,1.0,0
13,1182,0.054102942832940405,0.43764761559994014,0.6597877572981413,0.28336620739745827,0.05459979787883385,0.46576311731400255,0.0,1.0,0
13,1183,0.0484815164792095,0.9646295775462478,0.634120045614749,0.5728638622051038,0.004267016644058794,0.5821286436951274,0.0,1.0,0
13,1184,0.004608164422953188,0.26148090301488996,0.6273422248250816,0.0,0.0,0.4929575509813718,1.0,1.0,1
13,1185,0.013949129894634968,0.32414011298725837,0.30094244030577005,0.3384979430035337,0.04053437531410847,0.5473187511798219,1.0,1.0,1
13,1186,0.023561090800759982,0.9768438023847277,0.4553596308119953,0.9764665328074664,0.009341016466642028,0.9936532307681589,1.0,1.0,0
13,1187,0.07505465572855397,0.39189784575035447,0.01723090765574851,0.28026898188787075,0.0,1.0,1.0,1.0,0
13,1188,0.027062640997205234,0.9959337546123059,0.26208366230923275,0.007859874476466211,0.0,1.0,0.0,1.0,0
13,1189,0.0,0.7665525959596492,0.9934655239682483,0.4060176091868627,0.038604651634679715,0.4892575561473665,0.0,1.0,0
13,1190,0.0,0.19198787946882445,0.3467307413180272,0.047002046989556685,0.017103069148278506,0.5889327052487582,0.0,1.0,1
13,1191,0.005667159703798691,0.47881373536605176,0.9026941451274334,0.9361299470253401,0.017417653134638184,0.40905828421782947,0.0,1.0,1
13,1192,0.037686462716839286,0.4704926381889911,0.9656581491645817,0.9920766998967814,0.0,0.5577614706962764,1.0,1.0,0
13,1193,0.0,0.13611708252100238,0.9245009585615038,0.2248695263610614,0.11140457062026869,0.522046280469103,0.0,1.0,0
13,1194,0.04083291578152734,0.5877822222482431,0.9773635927191787,0.6045873674666193,0.0,0.5098754053285923,0.0,1.0,1
13,1195,0.0,0.7642912531167233,0.5185622988984414,0.27501250554424406,0.01173206911428959,0.5039572178874079,1.0,1.0,0
13,1196,0.0,0.9548606887258365,0.4060684122436149,1.0,0.0,0.40451144570397213,1.0,1.0,0
13,1197,0.0017547883423206252,0.5981004662854615,1.0,0.9177168959074029,0.018767547483714415,0.5659344341747746,0.0,1.0,0
13,1198,0.034266970694723654,0.2603645707386503,0.416636757206185,0.36048167393021424,0.03905776561352772,0.5459080467203853,1.0,1.0,0
13,1199,0.0,0.12495059974152031,0.1492912370245153,1.0,0.024756857571569823,0.496238839720572,0.0,1.0,0
13,1200,0.025883374338287687,0.41646995610758064,0.0,0.6758697289112295,0.09432221348619549,0.5356943077320404,0.0,1.0,0
14,5,0.060364524776657685,0.12740007943370252,0.04075589080416448,0.055227498441868667,0.0,0.19311796671463358,0.0,1.0,0
14,7,0.0,0.09014117211413317,0.0,0.0,0.0,0.11453252098050723,0.0,1.0,0
14,1001,0.0,0.7425840264591019,0.3326370331541378,0.005681832961600936,0.05240129530447993,0.5109111413958225,1.0,1.0,0
14,1002,0.0834255571096993,0.6192742619374587,0.17566195046463018,0.6656406699251829,0.002910528931364851,0.4990869392485392,1.0,1.0,0
14,1003,0.019006989378479174,0.2042718187123599,0.1901258765698767,0.09817242114813243,0.028643423316007038,0.4971082011201974,1.0,1.0,0
14,1004,0.0,0.3001958940816629,0.6889423555194801,0.3518572482476995,0.0,0.5105141691135597,1.0,1.0,1
14,1005,0.0,0.18727443084430875,0.006152692631935483,0.9973030771850212,0.0,0.543690862539337,1.0,1.0,1
14,1006,0.07974278245866098,0.5577993855762727,0.8380930502843916,0.9932235373068884,0.012953635252192992,0.47585794909245,1.0,1.0,0
14,1007,0.007988344153231394,0.2480589546651405,0.7698670724836693,0.0,0.0,0.5782130843056359,0.0,1.0,0
14,1008,0.03453654144799701,0.1932525217319038,0.8695332311339735,0.27956868508031707,0.02398594386922579,0.5497408436522929,0.0,1.0,0
14,1009,0.0,0.7818592574597484,0.0,0.07010076830925935,0.014396812233888112,0.5480160026599387,1.0,1.0,0
14,1010,0.025446326909210688,0.37941895022081923,0.035190830658974145,0.6411028239460173,0.0,0.5075331613303231,1.0,1.0,0
14,1011,0.004568766059895914,0.18883434996833964,0.7466751755523746,0.4463510839670375,0.0,0.6016173659769924,1.0,1.0,0
14,1012,0.12322718198878965,0.5424620547825341,0.2734246328070633,0.34931330007201605,0.0,0.5116837518114772,1.0,1.0,1
14,1013,0.0,0.22957378924927285,0.0,0.9737742310843643,0.0677360442782386,0.49609382611807806,0.0,1.0,0
14,1014,0.07182494550015264,0.15709897146709903,0.9902727694462338,0.9649761675499162,0.01858907942875449,0.4822952100339868,1.0,1.0,0
14,1015,0.019039652765571864,0.1769469674291321,0.9371451614013087,0.2887840577967239,0.0,0.4921839047046533,1.0,1.0,0
14,1016,0.013922949975370665,0.8029129912849603,0.9876144005856208,1.0,0.0882771447746959,0.46610587352820165,0.0,1.0,0
14,1017,0.0,0.6618695353233743,0.7114707359284453,0.5735436550559975,0.11376378371432287,0.5673582864822146,0.0,1.0,1
14,1018,0.0679164736370378,0.3572666845870851,0.9944127583439886,0.9612078932083656,0.009774867750853374,0.49042942893705815,1.0,1.0,1
14,1019,0.0517501435337296,0.5442692808264938,0.7195685353003141,0.26954431070246454,0.025083237514348232,0.4717957241755303,0.0,1.0,0
14,1020,0.0,0.6335269912028889,0.573557051743552,0.2731856400008994,0.05904401291796185,0.45393697696364194,1.0,1.0,0
14,1021,0.0,0.07838405170919087,0.0749418543266128,0.9652067942933441,0.0,0.46858302473735564,0.0,1.0,1
14,1022,0.0,0.5680597705248527,0.397507660147138,0.33382648672464277,0.0032784399542112215,0.5097392072409391,0.0,1.0,1
14,1023,0.0,0.1809978823427313,0.8248076353837993,1.0,0.07017958171936547,0.5221455310095706,1.0,1.0,1
14,1024,0.018404164669900296,0.3963743705942756,0.7639308799081905,0.6240507238873414,0.0,0.4758577475143504,1.0,1.0,0
14,1025,0.042800004410574036,0.20286105122417936,0.3770777757862162,0.0264716415817608,0.0,0.4397521230706302,1.0,1.0,0
14,1026,0.0441889661750162,0.38967881825512407,0.011265552527759626,0.0,0.03507799594419757,0.5837826890877265,1.0,1.0,1
14,1027,0.01831275211724476,0.9800606114904313,0.46790651427985586,0.0,0.0,0.5047228464904432,1.0,1.0,0
14,1028,0.01658655130212668,0.3477537506012493,0.7326128545009074,0.5893622432262557,0.06467022939924785,0.5438754530071703,0.0,1.0,0
14,1029,0.023725624646660715,0.3435773422300124,0.023057546180666185,0.2682916895372134,0.009842828912844768,0.5431937710308021,1.0,1.0,1
14,1030,0.0,0.11737137907399836,0.7146629531252501,0.4201332295400572,0.027672932986232097,0.4789001481349144,0.0,1.0,1
14,1031,0.05659278326488779,0.19815291251116776,0.973979012102142,0.2988452085230828,0.0,0.5115988686303777,1.0,1.0,0
14,1032,0.007002394642539208,0.2153586874811127,0.012040854993345392,0.3310503628447438,0.0,0.5449995820426518,0.0,1.0,1
14,1033,0.0,0.2303406202215539,0.16311908342422002,0.1881609060907816,0.10101752134329209,0.5652011350646712,1.0,1.0,0
14,1034,0.0,0.30129039789640577,0.8840821635122168,0.5945212913588573,0.0,0.5719200451768147,1.0,1.0,0
14,1035,0.0,0.8197139830366694,0.6676194982975913,0.9714209373727428,0.015301542063566884,0.9810936100533226,0.0,1.0,0
14,1036,0.0,0.1572601437437719,0.9950794335897358,0.03397191903346422,0.04332568089546828,0.4745635392840405,0.0,1.0,0
14,1037,0.0,0.6400359514255323,0.577940959881803,0.9341809078001816,0.017631066138170143,0.5534132682034136,1.0,1.0,0
14,1038,0.0,0.4083254381842531,0.8396681649625515,0.0,0.0,0.9406827083976667,1.0,1.0,1
14,1039,0.05232781071880259,0.22123092236403502,0.9660200388600103,0.004701977023131074,0.011757457298500255,0.47299509175323096,1.0,1.0,0
14,1040,0.01760211740611753,0.437715342373041,1.0,0.0,0.029772218049339005,0.5242819952047257,1.0,1.0,1
14,1041,0.0,0.5998784555115959,0.029709827079874768,0.5770332622465022,0.04718874958047251,0.38977607160343586,1.0,1.0,1
14,1042,0.0,0.814265955604657,0.6888871026669805,0.20372769067394383,0.0,0.458783242466885,1.0,1.0,1
14,1043,0.0,0.2135426916927174,0.5169546218436802,0.9793997435585061,0.010446772828426739,0.6125140985302765,1.0,1.0,0
14,1044,0.02274878268393284,0.7219021772001872,0.8598875083008299,0.9414866189961716,0.036171411783712436,0.508419762039638,0.0,1.0,0
14,1045,0.03340785701280131,0.4130836224428154,0.12065131532896095,0.8800858271873977,0.06430875858284985,0.5162026766037077,1.0,1.0,1
14,1046,0.006408560550120583,0.14961324891295844,0.9768211984101565,0.5580856571065014,0.0283573054328117,0.5049748490674065,0.0,1.0,1
14,1047,0.03440737802333137,0.5481966629082893,0.0,0.0,0.0,0.45099797588362794,1.0,1.0,1
14,1048,0.009098246563005565,0.9973360331486694,0.5542023944773738,0.9206957616615812,0.0,0.4378101146363074,1.0,1.0,0
14,1049,0.012448130789777571,0.21444559991976303,0.679822056354931,0.1693712642674145,0.007894244449423814,0.5157678690454752,1.0,1.0,0
14,1050,0.027804132799052916,0.460288195000018,0.09502012826738242,0.28693737568218997,0.0028502058434828293,0.5424447062982839,1.0,1.0,1
14,1051,0.0,0.6653992998031523,0.02219599636956445,0.6150094546919443,0.06504504924083286,0.521627675289971,1.0,1.0,0
14,1052,0.012823916798593855,0.5914302750767452,0.9517988929802702,0.362813012517887,0.0,0.5796338383881245,1.0,1.0,1
14,1053,0.04337859383216738,0.5730826863610327,0.6267314805918197,1.0,0.0018584709801530458,0.574482835130163,1.0,1.0,0
14,1054,0.057849125407805374,0.34394729607589564,0.6349735526626367,0.24025117023690837,0.0556232132148625,0.49471295335689214,0.0,1.0,1
14,1055,0.010910962254663668,0.7874172419087576,0.8592113396147566,0.3087195569370573,0.06482717755341,0.4295867603792292,1.0,1.0,0
14,1056,0.011913203853009735,0.5126307789673135,0.0,0.5674493510534896,0.0,0.5454176828569979,1.0,1.0,0
14,1057,0.0,0.2340836195987682,0.6801177352375704,0.32250800203537894,0.0,0.45372652612662817,1.0,1.0,0
14,1058,0.06735365845602992,0.26130492171450526,0.847612601093127,1.0,0.0,0.49510658756158715,1.0,1.0,0
14,1059,0.0,0.9793274332295161,0.7280959231640021,0.36370425753949365,0.06443788080877813,0.5322262696981265,1.0,1.0,1
14,1060,0.04211836866165436,0.305532225798354,0.035308386932495064,0.7893113831886368,0.0,0.4086869042209307,0.0,1.0,1
14,1061,0.07726915367742543,0.7541594772395357,0.42075138018590186,0.0,0.0,0.48817188827146824,0.0,1.0,0
14,1062,0.03665487260077295,0.40132018494126637,0.825531917028134,0.8996011460790946,0.035819281726123774,0.41306415365666804,1.0,1.0,0
14,1063,0.11920682403220118,0.38108774227780595,0.08819396051089241,0.32113641863905495,0.021883851261124694,0.504205088518488,1.0,1.0,0
14,1064,0.0,0.18849475923863698,0.8963483245090073,0.3417251428681604,0.0005177434641487123,0.4578178870673671,0.0,1.0,1
14,1065,0.03253998129225314,0.6766703859788853,0.6465556254789069,0.046721733813843716,0.0,0.43753005689066954,0.0,1.0,0
14,1066,0.08231838017781742,0.3185876754937184,0.5370427228297295,0.9975376327012377,0.01975671047339219,0.5036822569891345,0.0,1.0,0
14,1067,0.045974939214838834,0.9123887847171487,0.8258854520557697,0.9772201843771051,0.0,0.5413955693784581,0.0,1.0,1
14,1068,0.01984411157798951,0.3951425421212591,0.4008225681673592,0.0,0.005484225706251662,0.46094867187235333,0.0,1.0,0
14,1069,0.055678235181173014,0.39010875114520815,0.06416081718704171,0.6097132306321289,0.005056148435026998,0.5366455113960129,0.0,1.0,0
14,1070,0.0,0.22405037219942417,0.6785728289838238,0.620110230080785,0.022093069145858835,0.409013204856229,0.0,1.0,0
14,1071,0.014885566595450298,0.39614654634733243,0.39790476486894866,0.02717949327824412,0.0,0.5007311194235293,0.0,1.0,0
14,1072,0.0,0.5216711247119882,0.9498932915134196,0.5804280604307669,0.011386731524808747,0.5246684560254926,1.0,1.0,1
14,1073,0.0,0.27157336775381197,0.445170869160846,0.303061224987049,0.014955432771592857,0.5449655967011771,1.0,1.0,1
14,1074,0.003538685501539456,0.7487640524116496,0.0,0.9906255261519946,0.0,0.9632188160617371,1.0,1.0,0
14,1075,0.0,0.3642357633474581,0.7201187547772698,1.0,0.016616370392351962,0.48147021287139413,0.0,1.0,0
14,1076,0.010583138370290086,0.6181223699745148,0.28296199965395313,0.35240779148799983,0.0,0.5200438988013643,0.0,1.0,0
14,1077,0.038883865913332705,0.1572157054046974,0.8587864689211793,0.5450691660435366,0.0,0.5040771161273632,1.0,1.0,0
14,1078,0.03342870250530961,0.27670433623774865,0.11058699286590705,1.0,0.035317291381203625,0.392129256575453,1.0,1.0,0
14,1079,0.021566793787704795,0.7088529420738474,0.3163075266295516,0.3120612228912623,0.0,0.5976000575300017,0.0,1.0,1
14,1080,0.0013080924498815461,0.4157917513834931,0.279236962929886,0.5768474512806541,0.0,0.4868845995147341,1.0,1.0,0
14,1081,0.12648833012800131,0.32533748644217453,1.0,0.5352822064646037,0.0,0.4200884169655587,1.0,1.0,0
14,1082,0.002005858481603477,0.6860292046127799,0.5459352411645965,0.9985614090687908,0.0,0.4626502385415822,1.0,1.0,0
14,1083,0.0,0.19937644059404463,0.238832078383099,0.3452828618101473,0.0,0.46078242410475273,1.0,1.0,0
14,1084,0.033467954409039415,0.16325188029395982,0.01360160735778172,0.0,0.015011906451738222,0.4742507547390947,1.0,1.0,0
14,1085,0.0,0.1366450483637717,0.29608216015335753,0.05576162403398399,0.12787743284714187,0.5307467830697757,0.0,1.0,0
14,1086,0.0,0.38669679593788464,0.30392542106572845,0.29283477820848924,0.0,0.5403352963460137,0.0,1.0,0
14,1087,0.0416007750721717,0.41355842391074676,0.11813406551055691,0.3320945830513313,0.08884790211717103,1.0,0.0,1.0,0
14,1088,0.0,0.602929776737069,0.6544295654832617,0.26574791341115617,0.10186102274425075,0.9967730830384567,0.0,1.0,1
14,1089,0.0,0.13137010892748577,0.11292415278273174,0.0036808739758310096,0.0666171843948368,0.4449123978283519,0.0,1.0,0
14,1090,0.002856655250365402,0.36423753788473623,0.33236996766949245,0.109020646512966,0.0,1.0,0.0,1.0,0
14,1091,0.038636944307110115,0.8180465838037174,0.449296091646216,0.311171075697567,0.004017446523114245,0.5449536944408778,1.0,1.0,0
14,1092,0.0,0.9971970843204631,0.5831967778972822,0.9225133723605268,0.040536067951830804,0.579206322900012,0.0,1.0,0
14,1093,0.02626853861876037,0.3663185579272294,0.250832741587784,0.20221622033314346,0.0,0.5661905655813436,1.0,1.0,0
14,1094,0.020233787586208984,0.8124964962047746,0.11980905187870478,0.2672400410118337,0.0,0.49834850619360077,1.0,1.0,0
14,1095,0.0,0.40965819504021284,0.5135988867570886,0.2733283134999962,0.005449115542514524,0.4980844574820951,1.0,1.0,0
14,1096,0.0,0.13019585989915064,0.9148393309620534,0.009269704194341134,0.010878079834735942,1.0,0.0,1.0,0
14,1097,0.006275355985988529,0.16386700383593794,0.0,1.0,0.0,0.5701023561355901,0.0,1.0,0
14,1098,0.03966055704160892,0.6546174586315426,0.965473172045508,0.6513395038238895,0.009772060671106121,0.4693577622082197,1.0,1.0,0
14,1099,0.0,0.2380484530201874,0.8854610072355342,0.9167503199125929,0.054472655121245696,0.5219507005612779,1.0,1.0,0
14,1100,0.056347732883175024,0.34654603509148674,0.38978374139042826,0.0,0.007820249927891845,0.5282838747265864,1.0,1.0,0
14,1101,0.019252434916835776,0.28154078545123395,0.6776491084383158,0.9409621296927767,0.0,0.46561181058470186,1.0,1.0,1
14,1102,0.0206850806834295,0.3061677929562606,0.04087002660127496,0.04902993976401107,0.0,0.4201658203890373,0.0,1.0,1
14,1103,0.0,1.0,0.04987990620193667,0.033849638321820565,0.0012258798064363776,0.4714029282514331,1.0,1.0,1
14,1104,0.0,0.614475528093905,0.16102551590248912,0.047488991357966866,0.0,0.4989999269642973,1.0,1.0,0
14,1105,0.0,0.5850287267945996,0.1248966963719292,0.5975720319495744,0.03148602937151142,0.452408537136083,0.0,1.0,0
14,1106,0.12509272433763188,0.7049780963434942,0.007160309521788883,0.05152408169871772,0.04820199862299729,0.47151977595550904,1.0,1.0,0
14,1107,0.0525085278370199,0.134439609794821,0.44382367414408536,0.30323231501303793,0.03634801901283914,0.5979329205748323,0.0,1.0,0
14,1108,0.08713459244591323,0.6694930794002555,0.18141118604679465,0.6405268090696817,0.027261720092556056,0.554231580473263,0.0,1.0,0
14,1109,0.054867565151989414,0.42772517721049247,0.10002587712340084,0.5697173822449029,0.0,0.9876477477962577,1.0,1.0,0
14,1110,0.006409569619194339,0.34966841209755173,0.16953425791786558,0.22379193588019616,4.32722801781138e-05,0.37781567439697333,1.0,1.0,1
14,1111,0.02961020528933071,0.17869442852289874,0.026068430942941992,0.2287412198137038,0.0012739809606570323,0.4722495128667204,1.0,1.0,0
14,1112,0.026266386378932013,0.7268576574840635,0.021332803781242055,0.6449805095726076,0.0,0.5164111752975024,0.0,1.0,1
14,1113,0.010294930387989563,0.3607672989154377,0.8466843592694947,0.934849940155467,0.07866107033201403,0.5343677670591417,0.0,1.0,0
14,1114,0.01203142982774482,0.3585542851768224,0.5671340886622325,0.3147426333235194,0.0,0.4979253044814906,1.0,1.0,0
14,1115,0.0,0.4836246170901433,0.044458569303303455,0.980801551241995,0.05313014962473914,0.5257965591086783,0.0,1.0,0
14,1116,0.08719151725088692,0.3647330669512212,0.6690833713051234,0.0,0.055906684137987245,0.548167307422348,1.0,1.0,1
14,1117,0.0,0.5293978632850914,0.05575914279113863,0.9165713202374557,0.0065319207798083135,0.9540412134003748,1.0,1.0,1
14,1118,0.0,0.20353068734940466,0.5007414136111538,0.0025717118233085957,0.0,0.5222565726931865,0.0,1.0,1
14,1119,0.01382823732330898,0.7474010639391578,0.08076084869527407,0.3713535246742641,0.053561137885650235,0.47446107605522375,1.0,1.0,1
14,1120,0.03315894525141811,0.9772549942195173,0.479672476928738,0.6829652191742196,0.07347593556696838,0.4638905414978507,1.0,1.0,0
14,1121,0.0,0.3882406358963056,0.36913344312602603,0.08763470563239992,0.0,0.4884930998117951,1.0,1.0,0
14,1122,0.0,0.6155180864730685,0.44407143882661626,0.2779545978137681,0.07092086224410489,0.4890485282251143,0.0,1.0,0
14,1123,0.0032066788027038983,0.3817166056675634,1.0,0.9529296647890081,0.0,0.5377610166648933,1.0,1.0,0
14,1124,0.017875629460753516,0.35060313146237726,0.7937947764950528,0.3093434660963167,0.0,0.41148718797409706,1.0,1.0,1
14,1125,0.0020796077595700477,0.5700230606857186,0.9666170563367793,0.6375678167024053,0.0,0.41779244434398777,1.0,1.0,0
14,1126,0.027790970226153802,0.29841526690727516,0.6501026583627525,0.038475916089040635,0.02993405038178576,0.51950537983982,1.0,1.0,0
14,1127,0.0,0.07733873380618213,0.48134263240028247,1.0,0.0,0.5061148784093364,1.0,1.0,1
14,1128,0.1239787807542059,0.8661629750061408,0.022481672653571285,0.0357593956745751,0.029780226690343064,0.9356271545570967,0.0,1.0,0
14,1129,0.0,0.8064710001663815,0.030319326584704275,0.2801479088470998,0.09672080975946404,0.4123255602967809,1.0,1.0,0
14,1130,0.023846547404064743,0.9231719642851072,0.7222976155767125,0.0,0.07080207496417346,0.5651245026635842,1.0,1.0,0
14,1131,0.07226197539014735,0.5382599997269751,0.11890879993491466,0.0016273448078812668,0.02082406789791722,0.5123139156653741,1.0,1.0,0
14,1132,0.006680049265838525,0.24124589891891593,0.9294080339623931,0.021119716263331225,0.0,0.5637645491742203,1.0,1.0,0
14,1133,0.04248846285860755,0.2974593094036891,0.8788282521242463,1.0,0.009062967599340437,0.5076314451356904,0.0,1.0,0
14,1134,0.0,0.9777782824294398,0.26334488433909226,0.011699298351296503,0.0044660877379495145,0.9861333371708938,1.0,1.0,0
14,1135,0.0,0.5835998580296203,0.09719055253651604,0.0,0.06833453488677742,0.4441344063942211,1.0,1.0,0
14,1136,0.002704419860915498,0.37029685854732436,0.16642018532750166,0.22909092619440177,0.0008647343432961111,0.49307146596160906,1.0,1.0,0
14,1137,0.003695855396632887,1.0,0.3628457736801735,0.5656421004200131,0.0,0.5562252318936801,1.0,1.0,0
14,1138,0.04236607284087044,0.9644828438756468,0.36937343521401733,0.6364824138058683,0.054601052516804624,0.5135187807396993,1.0,1.0,0
14,1139,0.0,0.42941098522383175,0.12052336325035705,1.0,0.04857020378691791,0.507545053751941,1.0,1.0,0
14,1140,0.04457991127708212,0.24497640701087164,0.31978298651262416,0.568923602690647,0.018296933157904604,0.5138895617452804,1.0,1.0,1
14,1141,0.03852948315347417,0.591876232491731,0.7111489423664374,0.40333011023446624,0.020656717537327077,0.5508580663309357,0.0,1.0,0
14,1142,0.012405077242884133,0.4003483499156604,0.76404752060195,0.9636139601202647,0.04274182579421821,0.5262884810203861,1.0,1.0,1
14,1143,0.0,0.7580974609884094,0.7353999525069357,0.014576971248239742,0.1264552411300841,0.4896605540497298,1.0,1.0,0
14,1144,0.0,0.9873355045108161,0.36634917035384496,0.011227686241260991,0.002081463764218537,0.5461857615456025,0.0,1.0,1
14,1145,0.0,0.6165239494584526,0.4509051338920162,0.6310134904057814,0.006635213923979409,0.5295708035470142,1.0,1.0,0
14,1146,0.000364662844312965,0.8269773491555141,0.45396465603410086,0.3185328849111935,0.0014820945920232087,0.48793738306815687,1.0,1.0,0
14,1147,0.07492622555051251,0.37554813608328785,0.8025222807063968,0.0019593392778284517,0.12657603570163073,0.5128384444945875,0.0,1.0,0
14,1148,0.0,0.24077763267761776,0.10076851020644491,0.2848245521977014,0.02105253243308869,0.42645616555579857,0.0,1.0,1
14,1149,0.008773751216529383,0.21449866027543688,0.6885337553074877,0.0016847459950464962,0.0,0.5585818891005845,0.0,1.0,0
14,1150,0.04892984227164283,0.2710488398636455,0.9047113542514097,0.5718953492307856,0.05888900380503564,0.4639736401585848,0.0,1.0,0
14,1151,0.02269633457292186,0.3390911738549567,0.39089050097970973,0.01865431817944526,0.0067932689701782735,0.5967569049970931,0.0,1.0,0
14,1152,0.06597336382470476,0.11077928908105782,0.8167422931211029,0.9661887489456221,0.019329168248722536,0.5430364297554737,1.0,1.0,0
14,1153,0.0009578372351706656,0.1674407256468264,0.2374138269521435,0.9309478306702976,0.0,0.5590076905847846,0.0,1.0,0
14,1154,0.03958756791928103,0.2106268085134302,0.40277561865769096,0.0,0.07666789808054533,0.49464718979267186,0.0,1.0,0
14,1155,0.0825673620135599,0.2706819416241262,0.8785883363863126,0.01754827214803941,0.037538162315905114,0.5151434158348674,0.0,1.0,0
14,1156,0.0,0.20622611988516806,0.0,0.6337114720535348,0.03588242192733096,0.4591031579781051,0.0,1.0,0
14,1157,0.02827989151784635,0.5938644924401582,0.06595940842171212,1.0,0.0,0.5467686284643313,0.0,1.0,1
14,1158,0.09807973228750898,0.21386012895987247,0.33523173110188914,0.5822698770234598,0.0,0.4226782434088318,0.0,1.0,0
14,1159,0.09601451494829658,0.22724332205490527,0.07546241511044158,0.5957975839784697,0.006170417928108888,0.47241966411560926,0.0,1.0,0
14,1160,0.0,0.9396875910072872,0.0305847410054393,0.9967575059350084,0.0,0.996642150089734,0.0,1.0,0
14,1161,0.007072735788115082,0.41753745843896134,0.8027229673963923,0.3743941494572809,0.03280859827366224,0.4899437135674664,1.0,1.0,0
14,1162,0.036265499593908415,0.3663513384930546,0.0959362723793798,0.2527243952418319,0.0,0.5477569765343528,1.0,1.0,0
14,1163,0.0,0.5949322478451594,0.7533281861539677,0.9922750000070542,0.027744496707404653,0.57475844509881,0.0,1.0,0
14,1164,0.0,0.25728036956550415,0.5412922065710363,0.3254600187147616,0.10947699856372749,0.5363669860810799,1.0,1.0,1
14,1165,0.08934367139689288,0.2636702567400805,0.6509801127741662,1.0,0.0026932761354123837,0.9746165974843612,0.0,1.0,0
14,1166,0.08625289083271245,1.0,0.26073241990387763,0.11578026643171578,0.025404274249696986,0.5421100560914345,1.0,1.0,0
14,1167,0.0,0.2648783262249397,0.9661461980892203,0.9690445356537143,0.05520260691109882,0.46311727690449,1.0,1.0,0
14,1168,0.0,0.25566485177500875,0.5331861722167712,0.295794236319251,0.005620064860524768,0.5115135746816021,1.0,1.0,0
14,1169,0.0,0.6840883534792398,1.0,0.38186628268087563,0.0,0.511263561521329,0.0,1.0,0
14,1170,0.009299165581142051,0.40653265408002176,0.24539050474402238,0.9849315383908467,0.03399448358838956,0.4107987233223721,0.0,1.0,1
14,1171,0.0,0.39396952870753904,0.443576252201482,1.0,0.00104418289415873,0.40421680166915325,1.0,1.0,0
14,1172,0.02499139723149955,0.4738153367350594,0.0,0.997754147478471,0.006855581581876633,0.4984113992719066,1.0,1.0,0
14,1173,0.046828909616041976,0.20511160918691496,0.6236801753386959,0.5387135482091137,0.006874958784471701,0.48137964115454906,1.0,1.0,0
14,1174,0.02021236456895649,0.4869441921223267,0.8517049097686855,0.0,0.020963750425156438,0.5024481558568935,0.0,1.0,0
14,1175,0.011294262532411836,0.9021525081446783,0.9958233064387612,0.014245982576131615,0.01758335865598152,0.5528191857692022,0.0,1.0,0
14,1176,0.020554764348333938,0.4497664226225962,0.8890195088820166,0.3292296720451759,0.023389742649234643,0.40167060871891724,0.0,1.0,0
14,1177,0.009642954813120481,0.15132995442881386,0.3349775269774296,0.6384862325564131,0.10533728601130696,0.5198376839439284,0.0,1.0,0
14,1178,0.03641058418648827,0.4381093859631208,0.9872292028029416,0.046549867663936734,0.0017714900751116148,0.5200111485858395,0.0,1.0,0
14,1179,0.0,0.754666220452807,0.9675097982732833,0.5076215298405949,0.0,0.5019071893203918,1.0,1.0,0
14,1180,0.0,0.47587857052122406,0.2914461806779565,0.018818471194410918,0.04783310954628198,0.4789765559818101,1.0,1.0,0
14,1181,0.0,0.22285702705801813,0.05581389985392698,1.0,0.0,0.5341486835337976,1.0,1.0,0
14,1182,0.0,0.6124630553270267,0.6828241676495111,0.31698702064189904,0.0,0.40928567540912125,0.0,1.0,1
14,1183,0.0,1.0,0.5893388264069772,0.5063916334444312,0.026893104090558173,0.9980259687749948,0.0,1.0,0
14,1184,0.02900496388298828,0.20896158409756282,0.7659164722780203,0.024809841055323568,0.027131076744023964,0.47141866742048805,1.0,1.0,0
14,1185,0.0,0.30980037247429243,0.27688889893731206,0.3525868773192036,0.021819783426673012,0.429755899747841,1.0,1.0,1
14,1186,0.023818021733740043,1.0,0.41444757185450937,0.9937034401967514,0.011735798662363153,0.4539691583675599,1.0,1.0,0
14,1187,0.0,0.32068898941643925,0.0,0.3790082888918639,0.0,0.4869568678095831,1.0,1.0,1
14,1188,0.0009507472112581387,1.0,0.29846609886463416,0.00030856718981386313,0.0,0.47927927446481267,0.0,1.0,0
14,1189,0.0,0.818278043651759,0.9562059569622814,0.35477868801392237,0.00030479111004307085,0.46743653834581694,0.0,1.0,0
14,1190,0.03988283226774681,0.3015067613236174,0.2954747183808639,0.0,0.0,0.48315260012423,0.0,1.0,0
14,1191,0.0920443088325639,0.2688792392657065,1.0,1.0,0.03074509663100834,0.5096663518653485,0.0,1.0,0
14,1192,0.0033025746902685662,0.34004744167972634,1.0,1.0,0.0,0.4051532812667537,1.0,1.0,0
14,1193,0.043266517311840266,0.23076816778811124,1.0,0.28411122606983946,0.0,0.43396564048771447,0.0,1.0,0
14,1194,0.045994474379196564,0.655513464912514,1.0,0.6376875190014105,0.05340902026866272,0.5624074761503164,0.0,1.0,0
14,1195,0.02497527536873466,0.7894877381182162,0.4792433987794431,0.3040673006744246,0.016007869037873268,0.45553781661914167,1.0,1.0,0
14,1196,0.030996969937682257,0.9981327284479935,0.3015058890853735,0.9991429832204327,0.09851581420700199,0.5224214190468365,1.0,1.0,0
14,1197,0.008496195122613785,0.6979502344932534,0.9264619880713968,0.9829951409938104,0.03391734774477906,0.5551607102524824,0.0,1.0,0
14,1198,0.0,0.24363166560730126,0.42008565759132754,0.39771827475521276,0.033530212080356836,0.5765486707752998,1.0,1.0,1
14,1199,0.011800852706245056,0.17885367833039167,0.11947862838525379,0.9886943415449805,0.0,0.5236893093149438,0.0,1.0,1
14,1200,0.02887844772160058,0.3962738847678442,0.0,0.6048881988320493,0.08714798456587822,0.4742630930347428,0.0,1.0,0
15,5,0.0,0.2864869183262202,0.08696511236602883,0.007381143618466194,0.07119803980774053,0.16753923074140425,0.0,1.0,0
15,7,0.004470425832277422,0.12131435347526358,0.05506711750354809,0.05353724782845979,0.0,0.2657100610281397,0.0,1.0,0
15,8,0.06953644175577742,0.3146830896891632,0.00703755634217524,0.0,0.0760041607136073,0.2320754182116912,0.0,1.0,0
15,1001,0.00551502517342927,0.8888075067331489,0.3080753762318529,0.0023273786774235393,0.040981544380602315,0.5093812110904418,1.0,1.0,1
15,1002,0.00302987045588049,0.608561430454282,0.0893577000711037,0.6985831324436454,0.0,0.43920091834585256,1.0,1.0,1
15,1003,0.0,0.19934419142492837,0.20829389813922913,0.0,0.02586842222234032,0.5038194086190625,1.0,1.0,0
15,1004,0.06722875321526628,0.43789697212512974,0.6248495966943498,0.3188328126586312,0.0025928253783008524,0.5292419962542639,1.0,1.0,1
15,1005,0.0,0.22556713631251427,0.010275361193926396,0.9371175948667058,0.09708632163369649,0.4732863522818948,1.0,1.0,0
15,1006,0.027221525538512856,0.6047020980405562,0.9814935204277055,1.0,0.017477232910199352,0.5128971362860589,1.0,1.0,0
15,1007,0.0,0.15568936512988485,0.6614433478617576,0.05551435189478269,0.013932423893814796,0.4871561884330585,0.0,1.0,0
15,1008,0.0,0.24363316268179033,0.889801970935264,0.3477580389096431,0.0,0.5106071245342022,0.0,1.0,0
15,1009,0.023990006122738206,0.8596938614208006,0.03755738688122623,0.0,0.00491351848978617,0.4531391037805433,1.0,1.0,1
15,1010,0.021086933876414467,0.39909379942092377,0.08049568118521758,0.5491130443328565,0.0,0.5587046446299355,1.0,1.0,0
15,1011,0.0,0.22011632452957103,0.8752124784869771,0.5416924695193142,0.09247595779273085,0.5648374455154532,1.0,1.0,0
15,1012,0.06405833533227553,0.4937176661817974,0.2855832637950443,0.3095394918785851,0.07779456893619824,0.5146000368036306,1.0,1.0,0
15,1013,0.01858732834763686,0.1737542622805683,0.05462354680653999,0.9524176635393695,0.07492326582682259,0.4943947195316417,0.0,1.0,1
15,1014,0.05442457171476228,0.11183255421817737,0.9124540411335311,0.9647717481660247,0.013017344898388862,0.4480008463077125,1.0,1.0,1
15,1015,0.1114678724598655,0.11801833567280076,0.8726340171790236,0.34430184435089606,0.030398735293174002,0.48828332942394004,1.0,1.0,0
15,1016,0.00063032023320035,0.7914217562751465,0.9355957927374581,0.958560176028704,0.0,0.5141884410234261,0.0,1.0,1
15,1017,0.013419959323605716,0.8035153386122709,0.7995436424139587,0.6627086204308523,0.059735640274902836,0.484180908156395,0.0,1.0,0
15,1018,0.0,0.35684494465460137,1.0,1.0,0.0,0.5352381892843839,1.0,1.0,1
15,1019,0.0,0.6356001487035718,0.7387204431148933,0.4184857868671235,0.0281915629690832,0.4561422176681654,0.0,1.0,0
15,1020,0.0,0.6057910888670027,0.6401306153665014,0.34003993077031824,0.013404112766409904,0.5014968313149083,1.0,1.0,0
15,1021,0.0,0.18164769335430533,0.05094541836267361,0.969702600106214,0.013984205585686388,0.4753256641026797,0.0,1.0,0
15,1022,0.0,0.5033543492130987,0.3891414682832319,0.30316810820346696,0.023257169045858395,0.545196765118076,0.0,1.0,1
15,1023,0.0,0.2136446861370674,0.7915534629316024,1.0,0.09497191743329945,0.5472113463332231,1.0,1.0,0
15,1024,0.06484652468312666,0.3537431167943203,0.6920059840562515,0.565481548432663,0.054425170215018366,0.4158099530884171,1.0,1.0,0
15,1025,0.0,0.12965213253849547,0.5058750085541428,0.0,0.008238375518896793,0.35213220236906,1.0,1.0,1
15,1026,0.07800041974609413,0.5095488149889225,0.020503514691197485,0.007760669136308532,0.0,0.41230939723410676,1.0,1.0,0
15,1027,0.015397071918044467,1.0,0.4917543688413915,0.006043529770768348,0.018975902549815064,0.49287817701589304,1.0,1.0,1
15,1028,0.018370812714859814,0.3558092936284973,0.5198721653727284,0.4877140402819049,0.0,0.4145056063927274,0.0,1.0,0
15,1029,0.0,0.38798279435830596,0.07801425788018373,0.3401479556205117,0.0989835138015496,0.45732926455956147,1.0,1.0,0
15,1030,0.03740166236617029,0.14465673233859813,0.6912229202647697,0.2501063786113026,0.0,0.4219872963248984,0.0,1.0,0
15,1031,0.04063719644577251,0.23049628018055396,1.0,0.28212343272978496,0.00569037639521494,0.5835198875284806,1.0,1.0,1
15,1032,0.0,0.16573091327419281,0.0,0.27314800524691607,0.03793574098880334,0.4444460035945346,0.0,1.0,0
15,1033,0.0,0.1879149365092572,0.13963788763163837,0.23129397521760142,0.021472737440846205,0.541394105405631,1.0,1.0,1
15,1034,0.01728928000653811,0.39091473846842134,0.7680304296058814,0.5904573861958113,0.0,0.5289875628613387,1.0,1.0,0
15,1035,0.06090723103648633,0.7742191174673329,0.633441170789934,0.9716936476233943,0.016042264399835485,0.47845279296715665,0.0,1.0,0
15,1036,0.013579211840515717,0.19108906935997916,0.9750057381299351,0.005787298186994048,0.0,0.49695998211687,0.0,1.0,1
15,1037,0.04856474836917697,0.5289587747167094,0.6070157920360654,0.9931536853462878,0.011580039411691142,0.3896751274122446,1.0,1.0,0
15,1038,0.05102575854434796,0.4033747027058553,0.8439866463763808,0.08760192014127127,0.030960651228549567,0.5432469757513851,1.0,1.0,1
15,1039,0.007932708305517728,0.10318749568046816,1.0,0.010423834557541829,0.0,0.47144362789164285,1.0,1.0,1
15,1040,0.004595404714166355,0.4042661550575427,0.9351784681029224,0.0058223035429175495,0.03745279839929315,0.4961644973972099,1.0,1.0,0
15,1041,0.07820977482837403,0.599102100202252,0.13344217661012542,0.6615528480270053,0.0,0.60044231093735,1.0,1.0,0
15,1042,0.027955536206270656,0.810086299673225,0.7612770487871047,0.44900919266385875,0.0,0.48254733509954656,1.0,1.0,0
15,1043,0.005906425705805136,0.1345086426340184,0.576889570427549,1.0,0.011148850780013188,0.5392976182603108,1.0,1.0,0
15,1044,0.01475721224814611,0.8002776280609593,0.8662085148619467,0.9814508869975036,0.05813329708213152,0.5318211976432519,0.0,1.0,0
15,1045,0.012960216389586542,0.3573563869293129,0.12233077047011637,0.9873497218843473,0.010094211672813694,0.6533362671406671,1.0,1.0,0
15,1046,0.0,0.21143931442114489,0.8519624402306225,0.546125617492274,0.0,0.5295616626295605,0.0,1.0,0
15,1047,0.0,0.6678923220851535,0.019372618496045192,0.019956261703577,0.0,0.4805660993856415,1.0,1.0,0
15,1048,0.0,0.998284352849877,0.506301731435274,0.9822185240878905,0.004391997200705211,0.4488488655707438,1.0,1.0,0
15,1049,0.07820350340314401,0.17902147676899474,0.7801172711754916,0.30832191305818846,0.0,0.6384918745159165,1.0,1.0,0
15,1050,0.05396949298812677,0.3978876603087295,0.22391806365006217,0.3527376672086318,0.0,0.5265654702651992,1.0,1.0,0
15,1051,0.0,0.5865961137893432,0.02429532445802543,0.5561211013361742,0.0,0.4485387718171118,1.0,1.0,0
15,1052,0.01956831669200739,0.6303602287995851,1.0,0.31655752604423504,0.010512981649253626,0.4980938703349331,1.0,1.0,0
15,1053,0.015869317803259328,0.5028024990969419,0.5248401724371217,0.9943600658850229,0.07461722315203173,0.4512623944341707,1.0,1.0,0
15,1054,0.03447537873723032,0.38261362825666245,0.6707480053097931,0.23792871088204265,0.024465438596070418,0.6746435940072347,0.0,1.0,0
15,1055,0.0,0.8186640757594449,0.7717930640055805,0.3096301645685539,0.03776897357616526,0.43676384413737274,1.0,1.0,0
15,1056,0.0,0.6152877981459619,0.022969461273331018,0.5838868525017805,0.027609503720419388,0.4243321486294093,1.0,1.0,1
15,1057,0.01083345160565483,0.20714156631249278,0.6029596253500974,0.26787602473486394,0.05005930928628755,0.4811776964042163,1.0,1.0,1
15,1058,0.014687630354941984,0.1976439559622603,0.7173302277823831,1.0,0.04956823399017182,0.4896835227874702,1.0,1.0,0
15,1059,0.018848405877877786,0.997889999392386,0.791421956770482,0.34791078848313667,0.014593332256561446,0.573346331874492,1.0,1.0,0
15,1060,0.04698466994543263,0.4462107375894834,0.009647906139529552,0.609973964740519,0.017271521489027945,0.5685452523743977,0.0,1.0,0
15,1061,0.0,0.8122305355533777,0.4091043089862531,0.013794966467754839,0.0,0.5670308055234664,0.0,1.0,0
15,1062,0.021444217170406524,0.35903251056264834,0.8762063107595475,0.9965202996582911,0.01366074847659905,0.43650515982598503,1.0,1.0,0
15,1063,0.024272656939920173,0.35614819886898297,0.05850018722625712,0.26722969466961644,0.0,0.4627365937157977,1.0,1.0,1
15,1064,0.0,0.20848621427832756,1.0,0.29464692542796694,0.061789423700311305,0.4714752399302472,0.0,1.0,1
15,1065,0.0,0.603232256704861,0.563104205209527,0.0,0.004884837385749142,0.5471136036236632,0.0,1.0,1
15,1066,0.012223265201407181,0.3646636677575925,0.4099621999639995,0.9908091608145881,0.05357871549038973,0.48777317087352484,0.0,1.0,0
15,1067,0.05775322804322864,0.9738994434175593,0.7245457810758474,0.9678923431493764,0.04211615113933728,0.4999813424477833,0.0,1.0,0
15,1068,0.0,0.3184511764461401,0.4212417741788471,0.0031921617091073273,0.00011054655560893009,0.47870459137762456,0.0,1.0,0
15,1069,0.0,0.3995712230288101,0.0701856543501922,0.7119885666842456,0.0,0.41762063197230126,0.0,1.0,1
15,1070,0.029194546446639838,0.2069586354968223,0.6475231065998336,0.5964828285009522,0.07922160379088652,0.5382826297678461,0.0,1.0,0
15,1071,0.0045571945402489746,0.3792620075282968,0.2840526906551141,0.09148387851397431,0.009154346665353853,0.5730983835443924,0.0,1.0,0
15,1072,0.04436866026174908,0.5879171447699802,0.9556613033510057,0.6032749186867569,0.011582574321357602,0.4687426426916494,1.0,1.0,0
15,1073,0.074186176985707,0.11147201499660674,0.38837281786257094,0.3143985453847804,0.0,0.5176583329408084,1.0,1.0,1
15,1074,0.01200261660966644,0.841067832109901,0.10555577517991635,0.9473269172691564,0.0,0.578407006804376,1.0,1.0,0
15,1075,0.036264167503062494,0.43565153286924274,0.7866071619093365,0.9233613176734388,0.006958530055369054,0.4821211890880998,0.0,1.0,0
15,1076,0.04094025458292937,0.597554165729593,0.25394451024294507,0.29974098898026624,0.04007777039059435,0.4393238325456839,0.0,1.0,1
15,1077,0.0,0.1860369934310739,0.7819916958567698,0.5512154036291982,0.025767321843433708,0.4719355995269285,1.0,1.0,0
15,1078,0.0,0.23187224694800718,0.059246249008140406,0.9221318027414733,0.029572131749865775,0.45172369962039166,1.0,1.0,0
15,1079,0.0,0.853409804942038,0.2446708124442261,0.2950429973818088,0.09085427717761421,0.49140229803252117,0.0,1.0,0
15,1080,0.10607161969788866,0.36464373863789895,0.3669438362061286,0.47566093940616105,0.0,0.49486410422860255,1.0,1.0,1
15,1081,0.0,0.3555215271302462,0.9713941354362384,0.5792012117642199,0.0386334668614573,0.4698762711258664,1.0,1.0,0
15,1082,0.016820722976636636,0.6983165667371408,0.5226055922910496,1.0,0.037113356143344614,0.5030568094955887,1.0,1.0,0
15,1083,0.047677400302913994,0.14027840429371144,0.21383033302646753,0.29565440905706325,0.020600367037044855,0.5558387014439125,1.0,1.0,0
15,1084,0.032153593559737445,0.2481632692697927,0.010372483913020217,0.011193166181060898,0.07252565507739807,0.5573402119078785,1.0,1.0,0
15,1085,0.005722880622525901,0.2729173928241204,0.2217650946060379,0.0,0.005779040977177456,0.45091360251413926,0.0,1.0,1
15,1086,0.0,0.44990781900106547,0.28502203397972975,0.2540201881869026,0.007399365068855635,0.4552123922386862,0.0,1.0,0
15,1087,0.0,0.3909059224197829,0.07780450053708757,0.22342179708603932,0.019402033486845816,0.5161233683775246,0.0,1.0,0
15,1088,0.0056192293463073,0.6238085513482439,0.686820419141106,0.2772736738880069,0.015466756540942544,0.4034001234340408,0.0,1.0,0
15,1089,0.0444806778415677,0.2247331601036944,0.07829267461348421,0.02355075977152752,0.0,0.4924448773429123,0.0,1.0,0
15,1090,0.11075731093061959,0.3828485152593599,0.37304099840308197,0.0,0.005074005235224381,0.48020430504752937,0.0,1.0,0
15,1091,0.0,0.8842879177410413,0.4421487726415359,0.24809718197239833,0.0,0.5209192306361219,1.0,1.0,0
15,1092,0.0,1.0,0.5960895761811503,1.0,0.060931679131855584,0.36011047818773706,0.0,1.0,0
15,1093,0.0,0.39115308688060746,0.14479517607363326,0.332404279769728,0.014005401803777693,0.4695714129931694,1.0,1.0,0
15,1094,0.010071316312484875,0.8326500977903967,0.09227645166589743,0.2334256033766971,0.0,0.4855871403665518,1.0,1.0,0
15,1095,0.0,0.4512309668405483,0.3916805366840282,0.2965355211127364,0.0,0.38345891866411663,1.0,1.0,1
15,1096,0.020273723962587406,0.16940821042648194,1.0,0.02263481401897872,0.03860575655699063,0.5246658539789404,0.0,1.0,1
15,1097,0.008958345786960505,0.22625664982973773,0.008402410530276773,0.9958982965850541,0.026515295997833036,0.4971171378299987,0.0,1.0,0
15,1098,0.07382599687241824,0.6310951508605308,0.9682685059697757,0.5684269650953118,0.026841692287854223,0.43127007877351453,1.0,1.0,0
15,1099,0.030457002352338183,0.11219059776085182,1.0,0.9505389858996174,0.0,0.4612381654380038,1.0,1.0,0
15,1100,0.040352322906501904,0.4422247685386899,0.42397845269873646,0.08771753889336653,0.11956088675227845,0.39315128859507803,1.0,1.0,0
15,1101,0.026624417533081958,0.407199813751832,0.6614570338301492,0.9668820136977627,0.04539711431711186,0.5514117886407572,1.0,1.0,0
15,1102,0.0,0.07637983996484442,0.05469531679161091,0.004252609282298096,0.011504821297313514,0.4775866695222823,0.0,1.0,1
15,1103,0.012688342008102274,0.9027293545454171,0.09306733151065955,0.009725878099521612,0.05785743410640192,0.5397340563820354,1.0,1.0,0
15,1104,0.0070178667445541295,0.6366308168525365,0.21548619480609116,0.031198362125877822,0.0,0.5819136865105691,1.0,1.0,0
15,1105,0.01587787102768835,0.6601771341712264,0.016140762871700964,0.5512039593501283,0.07758879434317749,0.5843386184864608,0.0,1.0,1
15,1106,0.055224941742307194,0.6003083980388477,0.017305251903378092,0.0,0.0063573034811652785,0.5900924825520214,1.0,1.0,0
15,1107,0.0246037967459419,0.18545502955847312,0.4611344394981055,0.2631334966472252,0.09059457743652174,0.5462209513053002,0.0,1.0,0
15,1108,0.028757030750810084,0.5909662092128882,0.136089573861739,0.5705920795322438,0.0,0.4130906463138959,0.0,1.0,0
15,1109,0.0,0.3819022052761214,0.09778274945922538,0.623046182357608,0.0,0.44648808809365864,1.0,1.0,0
15,1110,0.11149061846031866,0.33799456771445124,0.24949788662008537,0.2899447257445809,0.08121550616976726,0.45247993500468253,1.0,1.0,0
15,1111,0.052847432154825444,0.21796447161884142,0.20038771483418508,0.2698346459014995,0.03051803154642152,0.5815488363887187,1.0,1.0,0
15,1112,0.019383223886589158,0.8553984758250306,0.08455443620230642,0.6999734785751212,0.01547044734884061,0.5415368168855503,0.0,1.0,0
15,1113,0.10598766823026902,0.1009202573136499,0.9286708642473931,1.0,0.0,0.42923893978581407,0.0,1.0,0
15,1114,0.10653933364961443,0.36027350459884017,0.6412514403628072,0.3209109042454177,0.0,0.46488059422024974,1.0,1.0,1
15,1115,0.03626035049196983,0.4320096062843196,0.14642839977998806,0.9700849305289989,0.0,0.44883703460550317,0.0,1.0,1
15,1116,0.07871523595008018,0.35139305180593855,0.64700634330762,0.01634514520684133,0.0,0.40919558894775176,1.0,1.0,1
15,1117,0.0,0.6347204043632583,0.07248747202135548,0.9875131926447472,0.0,0.5322245066456638,1.0,1.0,0
15,1118,0.05376805533826119,0.24553148382780726,0.5525457532666832,0.053583487239900474,0.0,0.4087803700770056,0.0,1.0,1
15,1119,0.028928075359486584,0.7350848250238066,0.13467736693224427,0.35992878673765405,0.0,0.561955126965666,1.0,1.0,0
15,1120,0.03749797531652792,0.9857738480897322,0.41006831487131024,0.6460701642832027,0.0,0.5414625534655562,1.0,1.0,0
15,1121,0.0,0.3678142359675332,0.3912326844165999,0.04733912279802177,0.04880027513809264,0.5224218556690582,1.0,1.0,1
15,1122,0.02560217787319569,0.5396741320750492,0.49543782357164956,0.26372249888541616,0.0,0.4987260450532418,0.0,1.0,0
15,1123,0.0,0.3425557558564265,0.9483398372091655,1.0,0.04556779613724829,0.4690873773819585,1.0,1.0,1
15,1124,0.02410850242146078,0.24421733335177412,0.8289924740124789,0.21073749117331522,0.017177628142229468,0.5537062059210367,1.0,1.0,1
15,1125,0.03729488802351756,0.5015330241302516,0.9156948644613633,0.611170242565474,0.03599751171508185,0.5000581400312804,1.0,1.0,0
15,1126,0.030858913633836187,0.2823107605568614,0.6803813582539725,0.018001699628742332,0.014497092148878907,0.4768318480369018,1.0,1.0,0
15,1127,0.0,0.19180788799091492,0.4891817234691567,0.9852111463447359,0.0,0.5216049503901038,1.0,1.0,0
15,1128,0.02616764082893798,0.8102119868566844,0.02378875233050168,0.014915370731797417,0.08531382914975341,0.508936758740008,0.0,1.0,0
15,1129,0.08650428318068276,0.8212639011496776,0.04998224925249765,0.18415535107828554,0.0,0.45172449225344286,1.0,1.0,0
15,1130,0.0,1.0,0.7287625199533628,0.012463140429487074,0.0,0.43758072047961855,1.0,1.0,0
15,1131,0.008147289617434128,0.6100465504954595,0.027332018211889055,0.0,0.0,0.4946748641451811,1.0,1.0,0
15,1132,0.0,0.1633930874834811,0.9914755986512049,0.04114355620958896,0.0347357673070262,0.40094493220740257,1.0,1.0,0
15,1133,0.0008475209816346971,0.3214482299200859,0.9348746431840986,0.9357147526812359,0.019539758153238197,0.4877615820056,0.0,1.0,0
15,1134,0.001348160908097678,1.0,0.14930472190851327,0.06475267969682949,0.024075349761182932,0.5722285181667551,1.0,1.0,1
15,1135,0.047683669379883775,0.5838657908055751,0.0,0.0,0.0,0.5723986689018032,1.0,1.0,1
15,1136,0.0035117838707086416,0.37171388876151673,0.2546936749902235,0.3359607016212368,0.029049369964129518,0.405841151558081,1.0,1.0,0
15,1137,0.0,0.9645391014254205,0.35390096121810727,0.6106067815645688,0.005304468584084228,0.49099302172649656,1.0,1.0,0
15,1138,0.08074074187687562,1.0,0.35586025274661603,0.6302441519771106,0.0,0.4882799076402463,1.0,1.0,0
15,1139,0.0,0.45458648850023814,0.07857024566461993,0.9788440547464284,0.005109556809418951,0.48471545644339287,1.0,1.0,0
15,1140,0.0,0.23523760664872348,0.34207023885886534,0.5975207354909123,0.01901272667354812,0.4752886062571792,1.0,1.0,0
15,1141,0.0,0.5320963687198396,0.6749400391359696,0.2150661704323064,0.05122243336833057,0.5781351861189583,0.0,1.0,0
15,1142,0.036729743271332785,0.3096855815115023,0.8233516316833187,0.982225571218373,0.0,0.5661124155716577,1.0,1.0,0
15,1143,0.0,0.7009579877968685,0.8609143906392057,0.034196184301917947,0.014352490937380929,0.5778659459042643,1.0,1.0,0
15,1144,0.020820052497712977,0.9846020420850646,0.421781659204148,0.00022936806288233525,0.01858362101448953,0.49440980935001894,0.0,1.0,0
15,1145,0.0033797558502341686,0.5846214893406656,0.4164302953946049,0.5391907661624046,0.0,0.5158795487992204,1.0,1.0,0
15,1146,0.0,0.7617879179088509,0.5475048209400397,0.28672013733057466,0.0,0.4918748123766888,1.0,1.0,0
15,1147,0.0,0.42114067436298985,0.7221018374611203,0.010955835487792824,0.020759762712526202,0.5189278683719247,0.0,1.0,1
15,1148,0.0,0.16534081259879874,0.016643215726252977,0.24260662252526924,0.0,0.44398858696224425,0.0,1.0,0
15,1149,0.010552371417454456,0.19897083572811328,0.6083483255775719,0.004202861556879842,0.02648795248656098,0.4259579913927168,0.0,1.0,0
15,1150,0.11944087926773804,0.26647223252679425,0.93098447844586,0.5990468888298772,0.0,0.5538211183371099,0.0,1.0,0
15,1151,0.022518500354517062,0.4036671292403988,0.3396485173348862,0.0,0.0,0.4868813250166714,0.0,1.0,1
15,1152,0.008252886085164673,0.11066965368565018,0.7591645947380226,0.963774002412415,0.0,0.5035923728320378,1.0,1.0,1
15,1153,0.0,0.21709184424933914,0.261748719757303,1.0,0.0,0.5029677124695288,0.0,1.0,0
15,1154,0.00718311068975332,0.17190935438074342,0.28354987850926666,0.020026358197575686,0.001485423449217638,0.4422944820581535,0.0,1.0,0
15,1155,0.06800275715911949,0.128360115882621,0.9180988902774491,0.10460867075804639,0.0,0.6044678727573054,0.0,1.0,0
15,1156,0.003067361932019166,0.25759170330467807,0.0,0.5549173929781013,0.0,0.4412644469395254,0.0,1.0,0
15,1157,0.018534626106164045,0.5491293736573655,0.1627773897971494,0.9947676677691178,0.004010551220356977,0.39098404021475697,0.0,1.0,0
15,1158,0.0,0.15992753537590632,0.31948645308499735,0.6178244046871721,0.0,0.43331367334446114,0.0,1.0,0
15,1159,0.0,0.22142288579283112,0.053143240521616994,0.5579065252712634,0.0,0.5477241041842132,0.0,1.0,0
15,1160,0.012970024937786533,1.0,0.0,1.0,0.0,0.48832752605781765,0.0,1.0,0
15,1161,0.00157378140075189,0.4472764283645538,0.9757202796675564,0.33809940511882947,0.006648723858163478,0.5487438446384622,1.0,1.0,0
15,1162,0.037997881738939386,0.3190935392047769,0.22307436034317346,0.22733833304308015,0.015814596180227087,0.5903260267474603,1.0,1.0,0
15,1163,0.016235759460305945,0.6663041526655732,0.7701366138599929,0.9949123121462359,0.08338713206170827,0.5244839026694776,0.0,1.0,1
15,1164,0.0,0.16174660074318117,0.581619216148323,0.2988117535590227,0.005698411000918482,0.48379400223783525,1.0,1.0,0
15,1165,0.005562183652240914,0.28200957819966344,0.6955538139119841,0.9407986714606822,0.06202643624562837,0.6026555881181919,0.0,1.0,0
15,1166,0.03716173113711757,1.0,0.29678625972505385,0.04196110614330124,0.0091326985071395,0.47860961510362066,1.0,1.0,0
15,1167,0.006725137245141305,0.20889120626730476,1.0,0.983728959834827,0.01132548667430103,0.44527561789055825,1.0,1.0,1
15,1168,0.0,0.18065222066017703,0.5183890021552247,0.2657802867953887,0.019629849869573016,0.5136691119430471,1.0,1.0,0
15,1169,0.002331825413426424,0.6051032437263547,0.9948662819981472,0.32106350028691516,0.041121717209442875,0.4338919225728951,0.0,1.0,0
15,1170,0.06189406719744178,0.3726405381336381,0.30527259466715534,0.9670247846339383,0.0,0.4251547703307098,0.0,1.0,1
15,1171,0.0,0.42766463360613066,0.44282105501132973,1.0,0.006397329211121615,0.4796699731479754,1.0,1.0,0
15,1172,0.0,0.3714234219210903,0.02263568816661686,0.9445939384306425,0.021783540480004675,0.497213238595258,1.0,1.0,0
15,1173,0.005625207526630799,0.15190511100908408,0.6563560593893748,0.6023657387975754,0.03138992086859643,0.5723184678881794,1.0,1.0,0
15,1174,0.016197234119659808,0.3764977727752609,0.7626760387150148,0.04344654663701735,0.04556544065880759,0.47091082313190286,0.0,1.0,1
15,1175,0.0,0.9781969202129279,0.9842602215709306,0.0,0.0,0.5218749548808923,0.0,1.0,0
15,1176,0.013652437381405414,0.47036559496889013,0.9533146463220592,0.32829788829349715,0.005299014987024442,0.5605145845863658,0.0,1.0,0
15,1177,0.004392182472028606,0.22412711017236098,0.46390202453016827,0.5350925105542181,0.015920813331824567,0.4548483737031156,0.0,1.0,1
15,1178,0.03584196521639202,0.4833394401777481,1.0,0.0,0.001766691240278771,0.4534080826708209,0.0,1.0,0
15,1179,0.08932155433598442,0.9248066297322487,0.9588095028966294,0.6560934202310515,0.0745491938640957,0.5603672156560536,1.0,1.0,0
15,1180,0.0,0.36981318138087593,0.2489517757178905,0.013279734756898667,0.002503421619168163,0.5202836513840626,1.0,1.0,0
15,1181,0.03080655291093237,0.252994063529629,0.06784505971918199,1.0,0.0214822107193106,0.4421937780668997,1.0,1.0,0
15,1182,0.026102362882210482,0.5908608680697799,0.640197678584497,0.3235069987466306,0.03652794158953021,0.5011198689954716,0.0,1.0,0
15,1183,0.07767065257604074,0.9950619317821529,0.8248856195547638,0.5541350631926023,0.06362020245860725,0.49819655974497556,0.0,1.0,0
15,1184,0.05218599936948202,0.2698774650041121,0.752078433004278,0.0,0.04352886382219051,0.6286049422676693,1.0,1.0,0
15,1185,0.0026320773001390634,0.1451762181220821,0.23259578375185014,0.2898520751353222,0.009149983021933726,0.4886926172425066,1.0,1.0,0
15,1186,0.003919254295226027,0.995014751232135,0.4071325378883582,0.9671043639191463,0.009331216969667907,0.4459865970578785,1.0,1.0,0
15,1187,0.012926239107460318,0.3846873950300957,0.0,0.19085051449654444,3.1722936437514384e-05,0.5611002015174377,1.0,1.0,0
15,1188,0.0,0.9508785147796315,0.28067248561535796,0.0,0.0,0.3896577977005992,0.0,1.0,0
15,1189,0.0,0.8599157211667724,1.0,0.3197771486702562,0.0,0.43355058235105887,0.0,1.0,1
15,1190,0.01664742063166293,0.2128683997367497,0.3292403218635733,0.02037979669586841,0.02402315464333353,0.4107450452188237,0.0,1.0,0
15,1191,0.05978340013106892,0.44177559220295404,0.8940714045086886,0.9834445795109362,0.07054855056060774,0.5948664228480275,0.0,1.0,1
15,1192,0.0,0.4121916953389566,0.9691686028901167,1.0,0.019045477436157896,0.41436711271772275,1.0,1.0,0
15,1193,0.006144470263831996,0.22895323042344867,0.9870400807761092,0.2731511239223054,0.0,0.5304582261070873,0.0,1.0,0
15,1194,0.020777914314059728,0.5532339408091502,0.9640509661571075,0.6941343615817855,0.00489934022787127,0.48676697557051085,0.0,1.0,0
15,1195,0.02584215950098049,0.7707666333916698,0.535507854804922,0.27176759987763327,0.04449178187623941,0.4331378743244652,1.0,1.0,0
15,1196,0.05559306966553137,1.0,0.3338297186918846,1.0,0.0,0.5970878098716187,1.0,1.0,1
15,1197,0.011000077270168072,0.5898173832389949,0.9591991239731462,1.0,0.0879290917454534,0.43853495757573197,0.0,1.0,0
15,1198,0.004891052907480578,0.15241431740786884,0.3342995431131117,0.2041429293332414,0.0,0.40842872382598233,1.0,1.0,0
15,1199,0.027559850683310412,0.24822402213917294,0.11254046957139847,0.9999718352474047,0.0077850689192526055,0.4466735240994914,0.0,1.0,0
15,1200,0.03994023034624644,0.3766448396386579,0.0,0.6435839968320975,0.0,0.45599308770926555,0.0,1.0,0
20,1,0.07083104712570847,0.15923075049840069,0.005333866933955202,0.00150520903699738,0.023045851327938602,0.257200101333935,0.0,1.0,0
20,5,0.1545562258499077,0.18327089240687883,0.0,0.04245708279406501,0.0,0.14191379524660636,0.0,1.0,0
20,7,0.04294962828351026,0.13966207812451636,0.05465435021096378,0.01929031932771248,0.0017488757290855322,0.2696805435941855,0.0,1.0,0
20,8,0.022664011513249795,0.18039429894473477,0.027146044001368896,0.01045180292375922,0.043979227637224665,0.23524513576471795,0.0,1.0,0
20,1001,0.0,0.7562425107228574,0.13832379087933325,0.02773740866571708,0.009338035096260733,0.4822405716622238,1.0,1.0,1
20,1002,0.021640571490392353,0.5353178897445067,0.1977034371059043,0.55244308482678,0.06637106106591592,0.39960626227974966,1.0,1.0,1
20,1003,0.009664158260469234,0.2521843401784635,0.17182297197705979,0.0,0.027637778735306415,0.5224457896924073,1.0,1.0,0
20,1004,0.00498323151484944,0.2668966872994503,0.7767567556174927,0.3605671993561185,0.015270779688898756,0.525303883592056,1.0,1.0,0
20,1005,0.010089001161021393,0.16752721072279994,0.006345243251023723,0.955149107855519,0.005516095178809191,0.5489821101796015,1.0,1.0,0
20,1006,0.028973503415636283,0.6799077675193439,0.8456245457025476,1.0,0.0,0.5474208420608132,1.0,1.0,0
20,1007,0.0451597066197462,0.15313770319017936,0.6768887434095312,0.0,0.07975347890234509,0.5002272826587498,0.0,1.0,1
20,1008,0.012315346086510229,0.18513924271927917,0.9593862142050974,0.33566373532446536,0.0,0.5685976598081911,0.0,1.0,0
20,1009,0.0,0.817062288662357,0.18397109725455577,0.0,0.011990671942983179,0.4154521855984197,1.0,1.0,0
20,1010,0.00688437129912464,0.43199200503617774,0.06338899437528847,0.5449591411350377,0.0,0.4592171895759342,1.0,1.0,0
20,1011,0.0463451170145294,0.2297585541251676,0.8090325448430822,0.5625443527972342,0.008884196889101671,0.572439859103451,1.0,1.0,0
20,1012,0.02300609936679967,0.5579789969670302,0.2732920943009545,0.20614056971620343,0.02722479879361523,0.5747246986068905,1.0,1.0,0
20,1013,0.01355747906294032,0.24441952840139872,0.010389036216973044,0.9622353871824703,0.023271457621962206,0.43350527843285835,0.0,1.0,0
20,1014,0.052304750693309796,0.08450678598850425,0.8891641919158549,1.0,0.0855664592697348,0.4527146680926735,1.0,1.0,1
20,1015,0.010010916422822463,0.18253897422551202,0.9134620977729387,0.21094841500007797,0.03450502687110463,0.49730109596127764,1.0,1.0,0
20,1016,0.0,0.706181308938869,0.9273487793413566,0.9971085157147872,0.01896984260242179,0.5335904461186373,0.0,1.0,0
20,1017,0.0,0.8936304689313733,0.667355751010109,0.619179362795625,0.0,0.5353382261630029,0.0,1.0,0
20,1018,0.06718571002630955,0.4470760404185663,0.9036747248507159,1.0,0.0,0.4013853797731195,1.0,1.0,0
20,1019,0.0,0.5370079883466978,0.6064053238353895,0.32325620844375036,0.0,0.5111961327697397,0.0,1.0,1
20,1020,0.02159987334106955,0.671632941264925,0.6662463593552591,0.2756036905893766,0.022395246438795265,0.5098241951320678,1.0,1.0,0
20,1021,0.0,0.11036694879093747,0.16303477433612742,0.9969541884418287,0.06872971063001178,0.48695928441240655,0.0,1.0,0
20,1022,0.0,0.5505970229861205,0.4155688630351182,0.24120121069197648,0.009093643510338761,0.47322176858209164,0.0,1.0,0
20,1023,0.0659354722652952,0.11369090194406695,0.8266103325532677,1.0,0.0,0.6000133622059876,1.0,1.0,0
20,1024,0.0011006760008933235,0.3700794544118009,0.6180676489150438,0.5788333064393861,0.01410705444804813,0.5277952807777073,1.0,1.0,0
20,1025,0.003101407553410524,0.1924978641215601,0.45911898493595726,0.0,0.024528675272397566,0.512173638779382,1.0,1.0,1
20,1026,0.0,0.4159563081359728,0.008531561749218642,0.0,0.04908075323120206,0.5853311786999771,1.0,1.0,0
20,1027,0.021944273346309894,0.9822311035435844,0.4241780491015998,0.008609462285913125,0.024646419207564715,0.5624991244497939,1.0,1.0,1
20,1028,0.047183760211395774,0.30806009538961243,0.6492094938130643,0.651016374064683,0.015758062166746297,0.5227381148026607,0.0,1.0,0
20,1029,0.046636620338070645,0.35771778756133354,0.01824696041977592,0.3227005868263129,0.0042100146926936435,0.5900976753787254,1.0,1.0,0
20,1030,0.0,0.16178869189225073,0.5800406134676578,0.31170254015138027,0.038261379290779066,0.5032939199211341,0.0,1.0,1
20,1031,0.016443399760186984,0.2620886679340342,0.8628378108544982,0.37558922218840884,0.08903350613650367,0.5234334593918677,1.0,1.0,0
20,1032,0.03658966370086885,0.21741618137449248,0.04696410902755498,0.20553245960942917,0.0,0.48290735143995706,0.0,1.0,0
20,1033,0.000566076028154456,0.2617603840739916,0.1318637716040822,0.3529796164538775,0.01617362679759638,0.569390921474166,1.0,1.0,0
20,1034,0.00381735191607721,0.35025004533992804,0.8611116544852093,0.6483899966505102,0.027535445738958032,0.530071908318442,1.0,1.0,0
20,1035,0.0,0.8050661149858377,0.7783725631035889,0.9879280358058087,0.019054932679377683,1.0,0.0,1.0,0
20,1036,0.012623753062445682,0.07710255651800967,0.935777855190977,0.00992430995225136,0.0,0.47622637476653856,0.0,1.0,0
20,1037,0.0584117070655701,0.5541750273179435,0.4340028752524278,0.8161323493926615,0.044044549605413846,0.5428417556292726,1.0,1.0,0
20,1038,0.0,0.3965523939797254,0.9493836232849692,0.05514248945990716,0.07189610945146155,1.0,1.0,1.0,0
20,1039,0.03813407069497928,0.15429223398488798,1.0,0.0,0.013666813330308074,0.5239767431496268,1.0,1.0,0
20,1040,0.0,0.3567443288080283,0.9885548467191778,0.019252561280135687,0.019762534623300496,0.47989590118108416,1.0,1.0,1
20,1041,0.018360228676522507,0.6245704485421975,0.02050033478255196,0.5038559679204703,0.0,0.5055530278196354,1.0,1.0,0
20,1042,0.06985963692074375,0.8283679400879246,0.724057077054704,0.29376684392555297,0.057657753025599445,0.5518870502142151,1.0,1.0,0
20,1043,0.031712101487843175,0.17062310241097697,0.47751611040062997,0.9811338034417977,0.03735580622726244,0.3901814066910863,1.0,1.0,0
20,1044,0.0,0.8263600273163477,0.8328760629144543,0.9624794581925734,0.017762246124336453,0.4400896160813028,0.0,1.0,0
20,1045,0.013013460208020767,0.3394917700018661,0.10465053923321793,1.0,0.0,0.4493453557572145,1.0,1.0,0
20,1046,0.0,0.21920261186374593,0.8676610848652129,0.632340047618597,0.028783109144145693,0.5683120325926493,0.0,1.0,0
20,1047,0.0,0.6259720754320871,0.013844637250498464,0.09655947785552954,0.0957655841311309,0.4407817067537904,1.0,1.0,0
20,1048,0.013789159936997163,1.0,0.6179275474751562,1.0,0.016288584085377315,0.49050101630690945,1.0,1.0,0
20,1049,0.039850919219197395,0.13652552475622953,0.7389199966289624,0.3206839599076632,0.007784589987260999,0.4706950233965968,1.0,1.0,0
20,1050,0.0012024444136606155,0.46311442419217097,0.2563921184905168,0.24121549843530307,0.01479213094209157,0.5122843987299283,1.0,1.0,0
20,1051,0.0494235224319093,0.6184590959620607,0.10097395796686887,0.6243155104529972,0.008505048123394119,0.5157116312118134,1.0,1.0,0
20,1052,0.001223198973181151,0.5983471715920787,0.9671623684900791,0.23362036821765042,0.015281540186625408,0.4942674119363434,1.0,1.0,0
20,1053,0.03285927818667383,0.6454142689371999,0.5850570697557406,1.0,0.057016818026923745,0.5026098956006103,1.0,1.0,0
20,1054,0.04561728989842694,0.41036545719014134,0.7324927248233837,0.29015177566602013,0.04545541151258782,0.559471925130576,0.0,1.0,1
20,1055,0.0,0.7365255612497955,0.809825314813026,0.3608925269052579,0.015522130814400702,0.5307893741359585,1.0,1.0,0
20,1056,0.09024765023830399,0.5637293096093339,0.03029424890999826,0.5504651530443199,0.0,0.5442046309214547,1.0,1.0,1
20,1057,0.0,0.3065380501139345,0.5922768034580623,0.3290654804330803,0.015604031974103722,0.5051094784963168,1.0,1.0,0
20,1058,0.02417462627721829,0.1769140655047497,0.8880644505433944,0.9846351334345705,0.019815598269181202,0.4113032639213289,1.0,1.0,0
20,1059,0.03477289916391427,0.9954844988781936,0.8329255862511751,0.2820732207991168,0.09874671473335203,0.5890248038707802,1.0,1.0,1
20,1060,0.002904542667193814,0.39729150550566017,0.015930032178711754,0.5759931184575219,0.0,0.543227104261035,0.0,1.0,1
20,1061,0.0,0.8602415334959037,0.4094591234716643,0.0,0.08385439706793248,0.4521431406765082,0.0,1.0,0
20,1062,0.015038727133607805,0.30502221190210577,0.8295667567445932,1.0,0.0,0.4686076590295108,1.0,1.0,0
20,1063,0.0,0.38664561988464574,0.23217290092882145,0.22635593700398102,0.06472140463560623,0.49793317732629677,1.0,1.0,0
20,1064,0.07137592464658404,0.2116971834368567,0.9796257964435664,0.275632085735007,0.05117307101908518,0.5620109938664926,0.0,1.0,0
20,1065,0.0,0.534129880127303,0.6595043767280563,0.019941678118046046,0.12270281847132425,0.4669159143107017,0.0,1.0,0
20,1066,0.0,0.49101335328842544,0.5325227262403914,0.9920068512225126,0.0,0.4471810419689193,0.0,1.0,0
20,1067,0.08858832961337487,0.9527620391713318,0.8111487827548701,0.9657727804829828,0.013075384634669961,0.5701224774845428,0.0,1.0,0
20,1068,0.0,0.5686190518889475,0.38729009780069434,0.0,0.0019219485801679863,0.5194125629520182,0.0,1.0,0
20,1069,0.0,0.3498056425786904,0.08384866663092026,0.5664385593721308,0.010600987116342176,0.48060397886184103,0.0,1.0,0
20,1070,0.019075575616607592,0.2337903541999163,0.7621398499089468,0.5439326332320726,0.015606216476828028,0.4720036256135216,0.0,1.0,0
20,1071,0.044030887919157255,0.4196951721248299,0.4385242317717952,0.03065761871073836,0.02606149420057268,0.5243472844840171,0.0,1.0,1
20,1072,0.011740963413781419,0.6053197508446645,0.9580247336966375,0.6513246798928075,0.030947317054295504,0.6185599188852922,1.0,1.0,0
20,1073,0.0,0.23272537633765722,0.39075912415052066,0.25139534734942776,0.004776066869950946,0.518811149390958,1.0,1.0,1
20,1074,0.019676053312990924,0.7619227707485364,0.07330303059077904,0.9568268271117332,0.0,0.9465874508347043,1.0,1.0,1
20,1075,0.0,0.37398273052711417,0.7060026836988708,0.9630844095051653,0.025402324729065954,0.500709472418583,0.0,1.0,0
20,1076,0.0,0.6013468393244262,0.34038087552673735,0.29403010330073787,0.0,0.49599613021075645,0.0,1.0,0
20,1077,0.13331189547331498,0.22924426620909022,0.6646947060021717,0.6039704959609686,0.025787953136618635,0.4827296596622929,1.0,1.0,0
20,1078,0.0,0.18703687161148258,0.1000825733806574,0.9899375634304332,0.13160728456419324,0.43414145227669887,1.0,1.0,0
20,1079,0.012304930899100048,0.7879166026953992,0.31047984864306266,0.3259165873997082,0.030579505785707322,0.5588503548509759,0.0,1.0,0
20,1080,0.028015114516373788,0.4826382993344043,0.1934912252462072,0.7287183559062094,0.002873375651630948,0.5447093363409096,1.0,1.0,0
20,1081,0.0026559562552490278,0.35258616722217584,0.7845625601513678,0.4743781544261544,0.0161947130509589,0.5466363213699106,1.0,1.0,1
20,1082,0.03920394356430891,0.6170640091818245,0.5204196937679538,0.939838177383371,0.03941193070537724,0.6117551265606134,1.0,1.0,0
20,1083,0.009398609728370713,0.1873937815382666,0.3841982430137078,0.3307758515134907,0.0038086031368805857,0.5657167775407588,1.0,1.0,0
20,1084,0.027193678443713065,0.1782715790511989,0.06650936022700679,0.05243453655041591,0.016745308347056072,0.4823369878410297,1.0,1.0,0
20,1085,0.08972793421089321,0.15325623227825688,0.24480041934570207,0.036514433202251444,0.0,0.4860676134254908,0.0,1.0,1
20,1086,0.05715577102070163,0.5077404618894981,0.2681153175516857,0.25052124455100094,0.03090869245296509,0.49566997371784866,0.0,1.0,0
20,1087,0.02296721625677557,0.3451735178231809,0.17571063845215837,0.2617308145859093,0.0,1.0,0.0,1.0,1
20,1088,0.0,0.592785362299593,0.6901672787307498,0.33482940323091154,0.0,1.0,0.0,1.0,0
20,1089,0.0,0.2621143332373792,0.15479028870948067,0.0,0.07920406034545582,0.5447534922722471,0.0,1.0,1
20,1090,0.0,0.4808313839922535,0.25815720370534057,0.009762454451480827,0.035380953773450775,0.9024017988405859,0.0,1.0,0
20,1091,0.06816258978973687,0.8482744948464228,0.39675768182280574,0.4098455593101831,0.023114551805477616,0.4433410475053951,1.0,1.0,1
20,1092,0.018225739017626568,0.9946875432362046,0.6794135854786486,1.0,0.0,0.5390790701131927,0.0,1.0,0
20,1093,0.0,0.4674657102471473,0.10901534648470762,0.34596321292159166,0.018642068538136988,0.4647134878005178,1.0,1.0,0
20,1094,0.041697232982701254,0.7454534183779762,0.03681617752836219,0.3106574473522521,0.0007824765374415745,0.5488989135642748,1.0,1.0,0
20,1095,0.0,0.351951178356742,0.5224495451267754,0.2868617262564288,0.05294230560584194,0.4530040220101208,1.0,1.0,0
20,1096,0.03309499906535767,0.15285686747181024,0.9207898402847986,0.006042552720814311,0.0,1.0,0.0,1.0,0
20,1097,0.01062120994021748,0.24355052767878513,0.0012516780495919156,0.9837912090198686,0.0,0.524080634775611,0.0,1.0,0
20,1098,0.051932879407640395,0.5590430009762068,1.0,0.49193808442736847,0.0,0.674723409599691,1.0,1.0,1
20,1099,0.05814851270086326,0.19676274559837661,0.9856537113569243,0.9665485168036235,0.07692844919851038,0.49142759173213096,1.0,1.0,1
20,1100,0.09484920394768617,0.3717187582018907,0.3894093913483585,0.0019731279342003593,0.0,0.5191940037505188,1.0,1.0,0
20,1101,0.12129028092933929,0.3711830614331338,0.6081939687724813,1.0,0.0,0.5599807057368468,1.0,1.0,0
20,1102,0.0,0.23072759548516228,0.17352511881334157,0.06393452469888948,0.0,0.468372042112298,0.0,1.0,0
20,1103,0.0,1.0,0.13661498747834863,0.0704924604449674,0.012631273614451358,0.45350982232115084,1.0,1.0,0
20,1104,0.0,0.6453078857051683,0.2006795042126312,0.0,0.0,0.4975607209727685,1.0,1.0,0
20,1105,0.001824195523701786,0.5972455768858197,0.13247396142186033,0.6042193224897288,0.05320634358852391,0.5475043371347695,0.0,1.0,0
20,1106,0.03350507129059115,0.5488487304983117,0.0,0.0,0.0,0.45116276648231846,1.0,1.0,0
20,1107,0.0008517506868640512,0.16687256043130055,0.3734849142076634,0.27076467604213506,0.029851071425885452,0.5024803015629422,0.0,1.0,0
20,1108,0.0,0.6374483946523867,0.1070755110220418,0.6422358874062146,0.0,0.5303353532721611,0.0,1.0,0
20,1109,0.000874312143466727,0.32707399484317357,0.12814953964894968,0.608515687053394,0.008925506865025464,0.9880871234312101,1.0,1.0,0
20,1110,0.10963195292552426,0.32270742783717926,0.22864568630234916,0.28403860263387226,0.033254414436475185,0.5836479633120206,1.0,1.0,1
20,1111,0.021945380021510665,0.18276139841549896,0.2282868306609337,0.27879959734040777,0.0,0.447383893915167,1.0,1.0,0
20,1112,0.0,0.8519339255973901,0.18423467380849895,0.6376171341492575,0.0,0.577171050692824,0.0,1.0,0
20,1113,0.05611370862896718,0.2098236530586403,0.8724921251568557,0.960673656145431,0.008183642256708232,0.4978378147736869,0.0,1.0,0
20,1114,0.04414273453223411,0.454915172420868,0.6689744753473053,0.2386060026066054,0.0,0.5432310687068458,1.0,1.0,0
20,1115,0.0007316910130779072,0.4046332106943542,0.05148537754661474,0.9856841109767979,0.00644960558182856,0.4874250953148155,0.0,1.0,0
20,1116,0.0,0.4606423130051347,0.7504773514244334,0.022149495389610065,0.047752547040752255,0.43711389903706643,1.0,1.0,0
20,1117,0.04441486474857116,0.5123428353214576,0.12006920497067711,0.9337251122982397,0.09568870595881981,0.9681362511909543,1.0,1.0,1
20,1118,0.0,0.254321695742074,0.5459856408978545,0.09632551141074781,0.03432191003813531,0.505504102107016,0.0,1.0,0
20,1119,0.06794973193088336,0.7435093084898128,0.11455142301205375,0.36240969236209225,0.028413146477463878,0.5026113302479783,1.0,1.0,0
20,1120,0.0035975241126448127,0.9433089987502744,0.4216908983901417,0.5663357331966109,0.02303030319662059,0.41256422388737995,1.0,1.0,0
20,1121,0.011099880865273318,0.2447182677626079,0.45520575226095605,0.038331164775284546,0.07087160911090781,0.4736261580890919,1.0,1.0,0
20,1122,0.07890872517939115,0.5540260380522888,0.44748584752470366,0.3904498618007134,0.006456968658328769,0.5110561120400684,0.0,1.0,0
20,1123,0.0,0.34103509067960946,1.0,1.0,0.0,0.5873792996469595,1.0,1.0,0
20,1124,0.01731268253327398,0.3362987029541187,0.8098797044124235,0.22698162439507985,0.0,0.5606330340964505,1.0,1.0,0
20,1125,0.0,0.5620282222392923,0.8472679965873728,0.6836191568328085,0.06401967548767024,0.5129743381121131,1.0,1.0,0
20,1126,0.0009735354402449591,0.18797725335827858,0.6786978942755596,0.0,0.0,0.4799109485755119,1.0,1.0,0
20,1127,0.034227234257743835,0.2024595790983669,0.47877621404393716,0.9967566129283075,0.05160330984876122,0.5047479816161229,1.0,1.0,0
20,1128,0.0,0.8359986173371062,0.025309245005044723,0.0363751186360963,0.02319419780137823,0.991638486120583,0.0,1.0,0
20,1129,0.0,0.7764432213068025,0.1231974269721548,0.3332436240845345,0.0,0.4767439948687527,1.0,1.0,0
20,1130,0.0,0.9669494745721952,0.6956345624801428,0.09073395576947521,0.03467228380859981,0.5409608096413266,1.0,1.0,0
20,1131,0.028086848397317725,0.5818329669144754,0.13851143158420093,0.0,0.05837338604415931,0.5242085390758214,1.0,1.0,0
20,1132,0.017245220062872015,0.22516228950677403,0.982780352260235,0.0,0.007468379174068312,0.5501654188729099,1.0,1.0,0
20,1133,0.05398130007326557,0.4088613987262701,0.9736534837139823,1.0,0.009114334964521433,0.4878317205380916,0.0,1.0,0
20,1134,0.043054124704704176,0.9989224016230438,0.1864820507535799,0.052442056111978365,0.0,0.9312121443833025,1.0,1.0,0
20,1135,0.0013462764452194943,0.6595247772971664,0.0,0.0,0.008376292498180903,0.44479505250121165,1.0,1.0,1
20,1136,0.007936766711470143,0.3664188708987337,0.3286571069694274,0.2150738324528322,0.0,0.485635335182268,1.0,1.0,1
20,1137,0.0,0.9807035394148774,0.4054909683293202,0.6290438905594411,0.0,0.5484538072182665,1.0,1.0,0
20,1138,0.10280304576304798,0.9927651552947577,0.35127026810949685,0.6055775694106479,0.08061378842647839,0.49470353849686144,1.0,1.0,1
20,1139,0.06170022328824728,0.44268012645925553,0.07673914158905328,0.9699622165065176,0.04561578327324813,0.5810692162815196,1.0,1.0,0
20,1140,0.01591370837525936,0.15708675797679508,0.2974724903845468,0.4502439745755105,0.016189117554612022,0.5491723946021644,1.0,1.0,1
20,1141,0.006304784457209258,0.6457408506375542,0.7622948673106631,0.23134285990996012,0.01960160655398055,0.46170601001193523,0.0,1.0,0
20,1142,0.0,0.36988305715313297,0.8720580215699665,1.0,0.06863951947207597,0.54336476397512,1.0,1.0,0
20,1143,0.027131870635053894,0.8369148522198946,0.820601573225074,0.009805964912259045,0.03165970254043078,0.43257548095688775,1.0,1.0,0
20,1144,0.0,1.0,0.36765323623985646,0.1007790189234081,0.0,0.40836304346632807,0.0,1.0,0
20,1145,0.016843523156829448,0.5630319659041197,0.4110015360466652,0.5334714424820258,0.004956627363516661,0.5362808273036991,1.0,1.0,0
20,1146,0.0,0.9082629895646286,0.5436207925216994,0.2719360820873153,0.009028820515879145,0.432311336976355,1.0,1.0,0
20,1147,0.08386637646712385,0.3410771148483197,0.6673891233635993,0.0,0.008552500070659769,0.5012531828811869,0.0,1.0,0
20,1148,0.0015520727069773432,0.11753539050295843,0.0,0.3465573215829441,0.0,0.5441139732452203,0.0,1.0,0
20,1149,0.0,0.22093668809802183,0.6759491308271738,0.04893077651362179,0.01973341395949365,0.5695447697042602,0.0,1.0,0
20,1150,0.0,0.22497524151334208,1.0,0.5870327953400771,0.010695254563306989,0.5287734510310231,0.0,1.0,0
20,1151,0.013291874259571235,0.40940313516297017,0.3252241319489206,0.01664445860169393,0.02214172748778346,0.43575729541739616,0.0,1.0,0
20,1152,0.0,0.17705839801583328,0.8289801464373419,1.0,0.0,0.49218043365264513,1.0,1.0,0
20,1153,0.07673626622122223,0.2463595111750123,0.14450017582008406,0.9614908642001396,0.009634851002587328,0.5938070738955622,0.0,1.0,0
20,1154,0.09822888761406437,0.1502497107138117,0.25005723843667965,0.0068385479238501955,0.0,0.5610503039821375,0.0,1.0,1
20,1155,0.0,0.17263236835034865,0.9185230068175829,0.021101891905783616,0.0,0.5595513386023357,0.0,1.0,0
20,1156,0.038605939357610204,0.2537480338085594,0.0,0.5927009970037208,0.07778636207003531,0.45558730730321984,0.0,1.0,0
20,1157,0.07141564190639768,0.6647929839180499,0.15154305966212905,0.975736419250264,0.052174391481151494,0.405475495672,0.0,1.0,0
20,1158,0.06689733159036143,0.26674113752981193,0.1858880706542966,0.6351749244968595,0.004187277709500296,0.40074716097589685,0.0,1.0,1
20,1159,0.03781619506072025,0.2452950270856558,0.04599822813748208,0.5696296367034077,0.0,0.5188881681315188,0.0,1.0,1
20,1160,0.03962693355676055,0.9482101939555987,0.0,0.955064017919484,0.0,0.97875517557737,0.0,1.0,0
20,1161,0.0,0.3993667402254925,0.9440422249670389,0.299934545085983,0.0027321166867174313,0.5535115812112442,1.0,1.0,0
20,1162,0.021679631399452913,0.3401128221594059,0.07134773014502305,0.3073232022709376,0.018489623059995058,0.4918790890313751,1.0,1.0,0
20,1163,0.0720759808202781,0.6197209291289973,0.8705649326378788,0.9997805010948971,0.0,0.5173092204642844,0.0,1.0,0
20,1164,0.06788520517978437,0.18841995197165387,0.6287824166240371,0.27712237907523585,0.028571307159016655,0.5074546115228931,1.0,1.0,0
20,1165,0.00038085429899453564,0.21753438301513942,0.7779283914097789,1.0,0.015601424686989282,0.9643679008620385,0.0,1.0,0
20,1166,0.040686155166884695,0.9453407120204966,0.3966448593309427,0.013986394477804717,0.03636981062958211,0.5760222730715004,1.0,1.0,0
20,1167,0.07398461266815752,0.2841832639725057,0.8997433133603671,1.0,0.018892238701114655,0.41247704833240845,1.0,1.0,0
20,1168,0.030207892735546395,0.22788692521292006,0.5018840055282283,0.2629002880474391,0.06223406846589,0.48660560110298223,1.0,1.0,0
20,1169,0.022058152064119534,0.6322909877372339,1.0,0.24055410796672996,0.014593887791428808,0.4438719785181824,0.0,1.0,0
20,1170,0.0,0.37712479055702336,0.2890300913287742,1.0,0.0,0.47796261096048603,0.0,1.0,1
20,1171,0.0,0.42814143165452995,0.3752835764833478,1.0,0.0,0.6002873637487897,1.0,1.0,0
20,1172,0.026134914072326633,0.4134601849308202,0.10478284630723261,0.9946615007530566,0.033585622909857255,0.5361270219572409,1.0,1.0,1
20,1173,0.0,0.1895423357790411,0.7061183900914105,0.5456951581038894,0.09081299727556509,0.4459792850512671,1.0,1.0,0
20,1174,0.0,0.40845105033564877,0.8310744016260898,0.039976839544995604,0.0,0.5428023201386042,0.0,1.0,1
20,1175,0.0,0.94328131190118,1.0,0.0,0.0812352190871159,0.5463070189444802,0.0,1.0,1
20,1176,0.0065185084811444785,0.30671452999476495,0.9884949795387966,0.2997122394088481,0.0,0.46338587344290666,0.0,1.0,0
20,1177,0.04227748834630078,0.23207836596505885,0.3101537053590249,0.5448975142667231,0.007422738622669776,0.4639716799173723,0.0,1.0,0
20,1178,0.05938769041308424,0.3613632646236344,1.0,0.011222392208654558,0.0,0.5259403235172972,0.0,1.0,0
20,1179,0.09931766106049476,0.7869390595628467,0.9968427118212677,0.6016149607865481,0.11493371477689031,0.5215554734518846,1.0,1.0,0
20,1180,0.007301932362503857,0.4636327800866377,0.3092734276600932,0.0,0.009401347365162335,0.5040121282646836,1.0,1.0,0
20,1181,0.0,0.1671229092235822,0.01707432585806036,1.0,0.09074721323794853,0.5000320629802812,1.0,1.0,0
20,1182,0.017476423015615552,0.5735285595129297,0.7531602138492137,0.34126292183294055,0.0,0.4906176431130076,0.0,1.0,0
20,1183,0.0,0.9713603860603682,0.6909182317577394,0.6213944979711838,0.0,0.96751145356043,0.0,1.0,1
20,1184,0.013176463492302264,0.20405573086609038,0.7049517631967582,0.005880773487670272,0.0690244148983353,0.5712370204581554,1.0,1.0,0
20,1185,0.0,0.23236377979277667,0.29110560995354295,0.2970304682358127,0.0,0.46594670027627033,1.0,1.0,1
20,1186,0.016501699767198348,0.9769367267903468,0.30293945408011647,0.9941657454721711,0.0,0.5670968898922428,1.0,1.0,0
20,1187,0.0,0.3588916576788939,0.04755131499244139,0.44899776228913374,0.0,0.5121739439853449,1.0,1.0,0
20,1188,0.0,0.9873102615896328,0.31769197221839046,0.0333240004047923,0.06371138150591725,0.5286513581786645,0.0,1.0,0
20,1189,0.04392640366630952,0.8141795987669291,0.9839442901875188,0.29818548130474354,0.0,0.4821061160397173,0.0,1.0,0
20,1190,0.003972500330917828,0.2978716473662044,0.2818916743405847,0.0,0.0067509705517325,0.5422718264696307,0.0,1.0,1
20,1191,0.01631087198635311,0.4186621342262127,0.9495701101860895,1.0,0.0,0.4128335243122215,0.0,1.0,0
20,1192,0.016124012962158464,0.3302607857270572,1.0,0.9994376104372664,0.05978134790453321,0.45190097668983453,1.0,1.0,0
20,1193,0.06399992321693652,0.1451434386614524,1.0,0.2791915390386154,0.0,0.5211746109102767,0.0,1.0,1
20,1194,0.010174369430916454,0.6698904606162186,0.9922780455622348,0.5232648418800386,0.037750812399622004,0.502000465663766,0.0,1.0,0
20,1195,0.014712107600128553,0.800254429936277,0.49137134637534247,0.317697814718125,0.032583367654628013,0.48867190353520085,1.0,1.0,0
20,1196,0.07003542235616991,0.9240622500253822,0.3445145908740108,0.9608754540362693,0.06975287749510065,0.39091295717646235,1.0,1.0,0
20,1197,0.019011756167131195,0.636098799766601,0.9838648103949995,0.9160333851811157,0.0,0.5234150803486154,0.0,1.0,0
20,1198,0.0007722210532643051,0.20875714411643745,0.3247980054682476,0.25376738725937,0.0,0.4227597539078973,1.0,1.0,0
20,1199,0.011614411618753304,0.08896408957174046,0.10507215189703793,0.9809856673638014,0.00660237497775331,0.46102851582055676,0.0,1.0,0
20,1200,0.00557387088416963,0.4516963939475857,0.018331010737844634,0.633281254605324,0.0,0.5174389778291573,0.0,1.0,0
1,1,0.04481916124703845,0.08524857805007398,0.00805518783635391,0.029093376003217708,0.0,0.2429810179897861,0.0,1.0,1
1,5,0.06576026450318133,0.13663264553694476,0.0,0.0,0.00687212636060941,0.18751277142005118,0.0,1.0,0
1,6,0.01820431574668681,0.12779663208752726,0.0064586249523235105,0.046447617860648965,0.0,0.12909835993952534,0.0,1.0,0
1,7,0.023416087708962634,0.2719728299812088,0.028469214976541677,0.0,0.04503120800302803,0.18737386931089195,0.0,1.0,0
1,8,0.023801399126514123,0.19857566630270662,0.0291586089037914,0.01397397467071863,0.0,0.14868911111457933,0.0,1.0,0
1,1001,0.022278659012176617,0.7329258912571285,0.24826319263754407,0.0029417888662154846,0.0029231858343417606,0.37028369233971753,1.0,1.0,0
1,1002,0.013883138550537182,0.5083973217956613,0.14685289026873222,0.680862232378007,0.0,0.4736769253340761,1.0,1.0,0
1,1003,0.01843804793176759,0.17005512915548748,0.24667104053996683,0.0,0.011960279300926897,0.5250520409004137,1.0,1.0,0
1,1004,0.04349109328714125,0.28987248326336573,0.6670310817024518,0.2787993307417534,0.0,0.47897085123362226,1.0,1.0,0
1,1005,0.04123304685296837,0.2557890762454421,0.0,0.9375926384992019,0.0,0.48738479131888063,1.0,1.0,0
1,1006,0.026282897786514478,0.68138519986104,0.9678062104976772,0.9841689979397594,0.01280150675854385,0.5052844917902969,1.0,1.0,0
1,1007,0.09654162607930586,0.21789983592403772,0.7432973589244057,0.0,0.004147206109413714,0.5203187708915822,0.0,1.0,0
1,1008,0.0,0.21924230294518796,0.8456401424115567,0.21474672417572116,0.017210296872368667,0.3211974414586913,0.0,1.0,1
1,1009,0.0,0.6972787401239571,0.010653071831281315,0.0006598730622413292,0.06048851531231754,0.523380052414986,1.0,1.0,0
1,1010,0.028795755082381812,0.39570718661385396,0.0,0.5936631801187935,0.0,0.45924786269468815,1.0,1.0,0
1,1011,0.014861986022837045,0.1193557441038366,0.7479420379867576,0.5751485480459514,0.032332813340808834,0.6406233520725101,1.0,1.0,0
1,1012,0.0,0.5855622304467868,0.39457397140194955,0.26238357399829204,0.025398025508687347,0.44856591976896865,1.0,1.0,0
1,1013,0.04738621224264649,0.19303729316397505,0.012983135363242132,1.0,0.02843311385940709,0.5316180715115914,0.0,1.0,0
1,1014,0.0016422513913864332,0.2751628114812843,0.9807695993625503,0.9985930783064474,0.02886293501312031,0.48583609379474485,1.0,1.0,0
1,1015,0.0,0.11755369900976506,0.8177852422307508,0.36579458589917946,0.005596663248631731,0.4537183188064742,1.0,1.0,1
1,1016,0.02845786078565813,0.8199685398052177,1.0,0.9991086071172484,0.0009587070673114842,0.4922022346620216,0.0,1.0,0
1,1017,0.016577392163631705,0.8292244992406101,0.7021442486407891,0.6580863446813716,0.006175293850123855,0.4505136516141632,0.0,1.0,0
1,1018,0.02688109831240422,0.2538141651494937,1.0,0.9395018976883908,0.0,0.42816650137077633,1.0,1.0,0
1,1019,0.008459044584547585,0.6474700376773831,0.6930970002125614,0.381001798991173,0.0,0.557622689994883,0.0,1.0,0
1,1020,0.04367934704117792,0.6276708955392614,0.5768510192801878,0.20994413473068887,0.0,0.46194494002250824,1.0,1.0,0
1,1021,0.04631256534083444,0.18424216346827768,0.09567152805872868,0.9909964285198338,0.0,0.5148976175348655,0.0,1.0,0
1,1022,0.1113500625834091,0.6364947205752678,0.4505154101124536,0.291010904604762,0.0015697490596722516,0.516534326893632,0.0,1.0,0
1,1023,0.003283796713299224,0.20705431394207388,0.7625974618423682,0.9945219465921115,0.01766278001275461,0.4388657514173646,1.0,1.0,0
1,1024,0.0,0.3824667062131784,0.7788601044863013,0.610735826988052,0.0009793703698066447,0.4147963781167716,1.0,1.0,0
1,1025,0.05374791565985326,0.22818428309636937,0.3559058513026041,0.04849651072734141,0.0,0.5535151911096046,1.0,1.0,0
1,1026,0.007531073849427575,0.3208911494002484,0.0,0.0,0.0035877596272021963,0.5014642992670199,1.0,1.0,0
1,1027,0.00213183010765307,0.9471671543345319,0.43062372875462734,0.0,0.0,0.4868617876968719,1.0,1.0,1
1,1028,0.03919384589678789,0.34941655274826555,0.7029245036394225,0.5697591549393025,0.0,0.4491170785712675,0.0,1.0,0
1,1029,0.01522866600538436,0.3965946863067067,0.0,0.30872689571798606,0.010913408784889705,0.5104282800949509,1.0,1.0,0
1,1030,0.0010230110997284892,0.19523175469898846,0.7490905602761535,0.23281351401736067,0.0,0.4964940680204529,0.0,1.0,0
1,1031,0.07086670130505279,0.1416755532979882,0.9924276850575006,0.3885799302858512,0.032310018792477885,0.47833881845244763,1.0,1.0,0
1,1032,0.0,0.18441026446254863,0.049942801750093246,0.2675664065571171,0.06529729113341139,0.4125651409040357,0.0,1.0,1
1,1033,0.0018206192644962802,0.16336107528088312,0.1798276225896209,0.3016907561538477,0.0,0.6178971398728854,1.0,1.0,0
1,1034,0.07398740534935401,0.45366579121677075,0.774582242977566,0.581272595846731,0.06545806363262344,0.47916393882530645,1.0,1.0,0
1,1035,0.0,0.79489472091077,0.5414642967657431,1.0,0.018316942245752393,0.5164966829288504,0.0,1.0,1
1,1036,0.013645026885437712,0.1999006653102547,0.9361931975041632,0.0,0.03294204785880325,0.47700507993780306,0.0,1.0,1
1,1037,0.0,0.4971157977962968,0.6851047042710107,0.9863946453865644,0.01175806089136926,0.4501477519571235,1.0,1.0,0
1,1038,0.003681533690434372,0.36624933280525884,0.9439683920421515,0.0,0.03476928183072352,0.5636331615285218,1.0,1.0,0
1,1039,0.015479541448623502,0.2414610693859748,0.9822796306867375,0.0019013342142759483,0.0020519043197843733,0.4560531638863639,1.0,1.0,0
1,1040,0.0,0.40336521138964665,0.9756594112187662,0.04058159080753272,0.04560223884359096,0.5654118519380746,1.0,1.0,0
1,1041,0.06365862987470089,0.6329871550496387,0.06673412713097952,0.673911204930561,0.01863624073710883,0.4717366486828819,1.0,1.0,0
1,1042,0.0008095800583364656,0.8512487992619148,0.659197989019735,0.22525176338291103,0.034545071976687866,0.4817666876172606,1.0,1.0,0
1,1043,0.025119874834340923,0.16221305477072637,0.5078865230312831,1.0,0.023526431529429324,0.4690207731991596,1.0,1.0,1
1,1044,0.0,0.8671644987888065,0.7298261549175282,0.9836277607392394,0.0,0.5338677284274378,0.0,1.0,0
1,1045,0.0013093201453467068,0.4599986749773498,0.19626303099410372,1.0,0.0789357285308039,0.5149309572990388,1.0,1.0,0
1,1046,0.028602597768042817,0.12936278209570506,0.8042623783051986,0.6405367422819975,0.012947980803883952,0.5300449353012614,0.0,1.0,0
1,1047,0.0,0.5646972119827659,0.018208445654455858,0.07228839998505333,0.0,0.37439395392150254,1.0,1.0,0
1,1048,0.015563830009669433,0.9995485953736694,0.5819201265865962,0.9820379015315194,0.13107718987605438,0.5473241038302455,1.0,1.0,0
1,1049,0.0,0.1612553718603227,0.7269972991851344,0.41270544409346627,0.015087154616687535,0.5878310134813935,1.0,1.0,0
1,1050,0.0,0.42700060850237015,0.1847534310632487,0.19993258077062792,0.0,0.544932080681589,1.0,1.0,0
1,1051,0.006908209931552472,0.5540263161553896,0.0026186069105134996,0.6175931744314324,0.0,0.5674133194462397,1.0,1.0,0
1,1052,0.0,0.6007379565761533,0.9545346136836792,0.38261663953895886,0.08787878004949835,0.5187843675000016,1.0,1.0,0
1,1053,0.0,0.6360385031251284,0.6392554722991636,0.946404954593726,0.06138341278105962,0.5485577659979519,1.0,1.0,0
1,1054,0.013179082330211846,0.3672067382103237,0.7385498182856408,0.24929725306097145,0.0,0.545174476521363,0.0,1.0,0
1,1055,0.0047165278247827845,0.8552825266915539,0.807260475369884,0.3370992661692584,0.03560001398401176,0.5584550563101002,1.0,1.0,0
1,1056,0.0,0.5338539181595939,0.04955504926122025,0.5859502144026192,0.0536027734924268,0.47216329739607193,1.0,1.0,1
1,1057,0.12183942572388992,0.24035747184215633,0.6633908526997117,0.33777883103371265,0.0,0.4220819607398487,1.0,1.0,1
1,1058,0.0152498573631955,0.09520117221249698,0.8265973283637553,0.991282285206598,0.0,0.5637166408968797,1.0,1.0,0
1,1059,0.010461029854613994,1.0,0.7156767521965345,0.4249351540184647,0.0,0.5393054603085713,1.0,1.0,0
1,1060,0.07242722103643946,0.4739828740750966,0.038179586380530074,0.6254695247776476,0.005357062053568031,0.6109896643075268,0.0,1.0,0
1,1061,0.0,0.812739602179728,0.458479006164026,0.002258269096502731,0.09563519598704989,0.520073147177325,0.0,1.0,0
1,1062,0.14343142183228605,0.395496798261644,0.84873709696313,1.0,0.0,0.4705560907139027,1.0,1.0,0
1,1063,0.053097772103724745,0.4007009655096787,0.14542467504354653,0.2944098841898323,0.006564002593310858,0.4454606687175633,1.0,1.0,1
1,1064,0.0,0.2432677409263694,0.9875929757174011,0.26536961775678714,0.08185028472301728,0.4831334926818478,0.0,1.0,1
1,1065,0.0016364418134727397,0.5695229533940411,0.5923954306613805,0.0,0.0,0.4886742008333271,0.0,1.0,1
1,1066,0.013726306364975937,0.38754174199883873,0.5215900288116575,1.0,0.05190388687428707,0.4111521283588557,0.0,1.0,0
1,1067,0.0,0.9753687038180143,0.8387848278609827,0.8851313128292618,0.0,0.5581173095958475,0.0,1.0,0
1,1068,0.014813266678539693,0.3632984172440469,0.3808919965931553,0.04054260815585663,0.0,0.509926411322156,0.0,1.0,0
1,1069,0.03434288204729061,0.47297958134556173,0.14424929226300487,0.6219889865053075,0.0,0.40713718037076724,0.0,1.0,0
1,1070,0.029178113249675255,0.20999168546831026,0.6419170860477209,0.6560634824334659,0.0,0.4874181126631003,0.0,1.0,0
1,1071,0.10348100309913857,0.39572395473983485,0.3542570950607013,0.027907259761931057,0.04732782836761621,0.4486288327609821,0.0,1.0,1
1,1072,0.06868354896339275,0.6644335232866454,0.9540832134594488,0.6440785595708985,0.021427293499565053,0.5174609064046684,1.0,1.0,1
1,1073,0.07694697027692317,0.15717073631647158,0.2935146410656701,0.3704648386606541,0.005451187972325762,0.47418367716953685,1.0,1.0,0
1,1074,0.014682679423945392,0.7432147138562315,0.03158044188143479,0.9926244087425511,0.012956551042073513,0.4053211183621731,1.0,1.0,0
1,1075,0.023175528762502447,0.4358118477171181,0.6811992836403874,0.9240616300630181,0.0,0.5141600564093436,0.0,1.0,0
1,1076,0.04810914211495096,0.6318060998752519,0.30221016361333497,0.31809149220164484,0.0,0.5606775976036296,0.0,1.0,0
1,1077,0.006831898383120541,0.17979796681188237,0.832777013602093,0.6226314467824836,0.1062359326666881,0.49517617044187107,1.0,1.0,0
1,1078,0.14195239417148506,0.2186995735521642,0.06477821020438745,0.9846674227815597,0.03326392728576272,0.4088018830198983,1.0,1.0,1
1,1079,0.01050768924989918,0.7999421039787027,0.32632992065328936,0.2608587553647925,0.017613965327217398,0.5173740556938973,0.0,1.0,0
1,1080,0.04018806282265629,0.3717003304306834,0.19778177983850262,0.590937985641706,0.036165720338197926,0.42736704213432536,1.0,1.0,0
1,1081,0.048048447743019786,0.4650371886026026,0.8389295911524857,0.6459425482274305,0.03400780403717716,0.44013768423853417,1.0,1.0,0
1,1082,0.0,0.5916713377933005,0.57959867133137,0.9050996601132704,0.042495214822866084,0.5204029545247513,1.0,1.0,1
1,1083,0.014596938597754936,0.2475381195813364,0.3161744257858377,0.3504941226291933,0.006019209403108121,0.43660246908745975,1.0,1.0,1
1,1084,0.015903760151536418,0.19556721908909952,0.022131412002154245,0.04933904688280518,0.054108990604525564,0.4368262478306862,1.0,1.0,1
1,1085,0.0045123031414461365,0.11968327699078239,0.2392610746564417,0.07208597029039193,0.15246039284603366,0.4995863062583526,0.0,1.0,0
1,1086,0.04743443117029997,0.25206688611263983,0.2010838350023423,0.3556671755922597,0.0,0.4287510135899954,0.0,1.0,0
1,1087,0.02439169112633101,0.41498089084855516,0.15831491694243494,0.3412364188714989,0.0859911071616973,0.5363291081647075,0.0,1.0,0
1,1088,0.0,0.5687222796773568,0.619772587633814,0.3536080501399168,0.0426045943126562,0.5431082280593781,0.0,1.0,1
1,1089,0.009389952634477592,0.19263480308064274,0.12079680552917776,0.00598238153031161,0.0,0.5096115291157833,0.0,1.0,1
1,1090,0.0,0.3391862429501129,0.36472689965274746,0.06650773116934952,0.0219460106184405,0.4533593008040345,0.0,1.0,0
1,1091,0.0,0.8800268839625096,0.4504498107092251,0.2725139630931176,0.0,0.5161820771681755,1.0,1.0,0
1,1092,0.02806695581470999,0.9696166894952085,0.5562305632808106,0.9728309050694923,0.00651840845575163,0.5420773285771117,0.0,1.0,0
1,1093,0.025590308182372026,0.42388320498543736,0.12727267698677033,0.25425070027156554,0.046484847409778374,0.5114778014772446,1.0,1.0,0
1,1094,0.0038388493278502366,0.8820072668496268,0.001231765525045326,0.32866548608240576,0.009791541874636451,0.5292895210106329,1.0,1.0,1
1,1095,0.02228981566177866,0.41942250513136464,0.44003579528240555,0.27041137167130663,0.052517949843906245,0.4255028177969209,1.0,1.0,0
1,1096,0.011479400282862389,0.12764747783413632,0.9359079128409361,0.016073359396102743,0.0,0.38195876580890475,0.0,1.0,0
1,1097,0.011108166955048782,0.1773215205095871,0.0,0.983694335820877,0.0,0.5614980204499296,0.0,1.0,0
1,1098,0.011737220540213797,0.5847144362273478,0.9652296902317771,0.6598541285435795,0.0,0.55966170265855,1.0,1.0,0
1,1099,0.0022917685004342943,0.1728885777537232,0.7976203200968136,1.0,0.026628022173223943,0.4642245016425075,1.0,1.0,0
1,1100,0.015260927594024268,0.3753218322885418,0.3971302111663645,0.005918331425621225,0.0,0.49190158113873156,1.0,1.0,1
1,1101,0.0049789594287049065,0.4507608705058874,0.6842464953935372,1.0,0.04165298134584395,0.48427520124636086,1.0,1.0,0
1,1102,0.018797421610253575,0.24239596088810494,0.15236331742389794,0.062376298379248046,0.04279361266795478,0.658392487979391,0.0,1.0,0
1,1103,0.0,0.944017507339233,0.058655792636745155,0.03449371484275908,0.007070171462081739,0.47879136769266456,1.0,1.0,0
1,1104,0.0,0.5895308154410528,0.21944373180699175,0.0,0.0,0.6036369686711822,1.0,1.0,0
1,1105,0.033213704951462725,0.5588801130059519,0.08555297844156157,0.5934440352580845,0.13314677821758078,0.39224302316209275,0.0,1.0,1
1,1106,0.0,0.6666311764588075,0.0666577065296981,0.013436147130028808,0.08012895954617646,0.3763650506973665,1.0,1.0,0
1,1107,0.0,0.2000134157558906,0.44278812429576114,0.39733876198438256,0.034642642415323825,0.5669176938881592,0.0,1.0,0
1,1108,0.055209407193313804,0.5980752871375785,0.1794244283001529,0.591622213251585,0.046787126128076194,0.49750568366380477,0.0,1.0,0
1,1109,0.03608954555881559,0.35075369352550156,0.050797586900709644,0.6145028367424777,0.002907148684133925,0.5493325191646491,1.0,1.0,0
1,1110,0.0,0.35228750105879114,0.29114344653265956,0.3251655353135725,0.033128935989950516,0.5461773512384115,1.0,1.0,0
1,1111,0.01641936202213633,0.26853056261910246,0.11526054642604057,0.2871161387478359,0.0037017230062725425,0.5132637522890647,1.0,1.0,1
1,1112,0.032955161613165834,0.8404765176422404,0.05989718915476191,0.6986686148485377,0.12217824123014001,0.5244174816471442,0.0,1.0,0
1,1113,0.0900880673254295,0.26615903412305886,0.9221286042825889,0.9411485873813694,0.0,0.5170184988878755,0.0,1.0,0
1,1114,0.028152118632699383,0.48019328047548326,0.5586059773503865,0.2646473728631359,0.0,0.5233813664284538,1.0,1.0,0
1,1115,0.01192793951732637,0.3523691415937754,0.1909868122584258,0.9784110386174582,0.0018522038109230702,0.5351669304479321,0.0,1.0,1
1,1116,0.016178682364246806,0.39131238236088817,0.6902268485432762,0.0,0.006235680447622889,0.522434789600082,1.0,1.0,0
1,1117,0.16671404691020397,0.560396545210584,0.07908056997502606,0.9430510423153993,0.02420552313069109,0.5654383920170455,1.0,1.0,0
1,1118,0.06957569694065659,0.14190837308272367,0.486627802241556,0.06257329782827234,0.0,0.4234491475805119,0.0,1.0,0
1,1119,0.03403046110998182,0.8787947980290187,0.10863002684993002,0.2988369787238909,0.10053427583258613,0.46224946752357227,1.0,1.0,0
1,1120,0.02911896950635983,1.0,0.4611244092034559,0.6230046876798035,0.01515757998321921,0.5330989775453057,1.0,1.0,0
1,1121,0.060250809158759605,0.3717622874480083,0.3089747029976245,0.0,0.0,0.3835206961227958,1.0,1.0,0
1,1122,0.0,0.6192183365880902,0.5123330209191809,0.3615669416939581,0.0024499289756984718,0.4739060293962589,0.0,1.0,0
1,1123,0.0,0.3965989192373974,0.9619209592837886,0.9950987043500166,0.0,0.4962316676077855,1.0,1.0,0
1,1124,0.048613941339042725,0.30282488581484385,0.8228647800583617,0.3291525584932146,0.0999509927887481,0.5306945235224731,1.0,1.0,1
1,1125,0.05077709254808459,0.5280806267359014,0.9069419217673774,0.6111033306353335,0.0339992524249701,0.5887516095167564,1.0,1.0,1
1,1126,0.0019431120200468514,0.21736128928651313,0.7490662324215931,0.08254337266677332,0.02843280808294679,0.4809320421544452,1.0,1.0,0
1,1127,0.05223115724592199,0.1302077061311881,0.4654595463163405,0.9992629779563894,0.0,0.4924809128926585,1.0,1.0,0
1,1128,0.01694194587072631,0.8211569282786093,0.07805890210431778,0.0,0.026616810547143634,0.557407219630757,0.0,1.0,0
1,1129,0.04933396295298226,0.7056354510037945,0.08712380806043718,0.3805211241044973,0.04633217445175075,0.43510234708712514,1.0,1.0,0
1,1130,0.020785366722540298,0.9761214775652484,0.6195086402303961,0.13292839934569753,0.0,0.4317056488318939,1.0,1.0,0
1,1131,0.0,0.6652200871354202,0.05387303683355802,0.03370374853174041,0.12287349374735193,0.5705251797712502,1.0,1.0,0
1,1132,0.0,0.11150772499914113,0.9808781564820377,0.0,0.0,0.5682422237072305,1.0,1.0,0
1,1133,0.005397448972422567,0.36254327255919905,0.909627152644867,0.971658835565716,0.0,0.4786193018302762,0.0,1.0,0
1,1134,0.01631369244096212,0.9774467749803731,0.21385305075258165,0.03114035246281327,0.00012383957667946692,0.47890048642342203,1.0,1.0,1
1,1135,0.06774430332941413,0.523729128774788,0.12696815376834097,0.0315219627780663,0.014286113591845237,0.5089502339181283,1.0,1.0,0
1,1136,0.005814549611365354,0.45386626003304814,0.23624906715668964,0.2959767260268878,0.045809977085210035,0.5529045982463677,1.0,1.0,0
1,1137,0.018250911388835347,0.9361524911061725,0.37501800795165724,0.6477627115685333,0.0016213677632301153,0.4591328729774708,1.0,1.0,0
1,1138,0.01678963440124753,1.0,0.4661044609362257,0.6979407332953234,0.0,0.5246389010069988,1.0,1.0,1
1,1139,0.0721323757482913,0.4222245074585921,0.070164729563789,0.9940291401689775,0.02266168684930708,0.43820162806178575,1.0,1.0,0
1,1140,0.01716756779632063,0.16963548046044033,0.3539163230417602,0.5489878281101667,0.0035493689518820495,0.40574929995493897,1.0,1.0,1
1,1141,0.0,0.6328364683228663,0.6773119681488108,0.2948289664135618,0.0,0.623184580700204,0.0,1.0,0
1,1142,0.06963118435228892,0.3477457181611934,0.741369370662113,0.9980637026534352,0.0,0.5432423164972113,1.0,1.0,0
1,1143,0.0,0.7894125012684577,0.7777289117869997,0.0375713333763181,0.028812560316536763,0.4815018214451829,1.0,1.0,0
1,1144,0.0580473931865201,0.9573501657113759,0.41563120613610427,0.027375756420861604,0.0072615729615589765,0.5068915281794353,0.0,1.0,0
1,1145,0.004292169425148597,0.6995141567066789,0.2879235901635028,0.6795680426190673,0.0,0.5612340439816482,1.0,1.0,0
1,1146,0.05114920748699199,0.794741784331845,0.4169605170649372,0.44037011028180595,0.0,0.5329425322372339,1.0,1.0,0
1,1147,0.02105154658723631,0.383825686367212,0.6885312288478158,0.0931010060658186,0.0005153877001241116,0.5963827260513326,0.0,1.0,1
1,1148,0.005560444387790417,0.11592506851405301,0.013025274473604584,0.2603348410890428,0.018196676684337075,0.5210737603947466,0.0,1.0,0
1,1149,0.03763592073781154,0.20899866116120522,0.6395083834351757,0.0,0.030611157872099965,0.5257526239042296,0.0,1.0,0
1,1150,0.00046271643512074776,0.19121105878060035,0.9639196593102334,0.5138780446320688,0.005186242627946554,0.5065885151779641,0.0,1.0,0
1,1151,0.009147823749932796,0.3645319777735845,0.5119300799347462,0.016345281128294052,0.0,0.5189944140416034,0.0,1.0,0
1,1152,0.0,0.16142178692370668,0.7654328068712022,0.9767889441454023,0.0016782637508717525,0.4894573054051971,1.0,1.0,0
1,1153,0.0,0.1309272981939787,0.26848886316418896,0.9570884800858058,0.0,0.5463913686148147,0.0,1.0,1
1,1154,0.07269520407747566,0.23076061675067694,0.31341660122791,0.0,0.002331448291225293,0.41955701293301634,0.0,1.0,0
1,1155,0.0695082444734181,0.3497079984153217,0.9682135339410539,0.08252556859603459,0.0,0.49836795224078084,0.0,1.0,0
1,1156,0.022619973373431912,0.1405329252664653,0.026955659086199676,0.5163000693811696,0.0,0.5368445996843796,0.0,1.0,1
1,1157,0.0,0.6202788804559549,0.09852897794879162,1.0,0.0,0.5567308728322858,0.0,1.0,0
1,1158,0.0442412482312474,0.15612578527146817,0.37289813280852835,0.6134053330138157,0.0,0.48835277734606564,0.0,1.0,0
1,1159,0.0,0.21465017475115405,0.0,0.5193333669325505,0.0,0.444678468467793,0.0,1.0,1
1,1160,0.0,0.9787234109809665,0.0988193930891133,1.0,0.0850479262895759,0.49576079200359413,0.0,1.0,0
1,1161,0.03188630581108097,0.3489400999301591,0.8026295557454437,0.29488887706082373,0.0,0.4870396868127155,1.0,1.0,1
1,1162,0.005758605038800799,0.4921444979460365,0.1250167109130118,0.3121451618157536,0.026935736236466643,0.485944087464519,1.0,1.0,0
1,1163,0.016558395569441126,0.6290044672188997,0.7832376069420491,0.9805525259184489,0.01815551765899315,0.451912692524365,0.0,1.0,0
1,1164,0.019733491435609145,0.1760589943939302,0.6382667380354053,0.2859729746786246,0.014159647176061888,0.5711137113804468,1.0,1.0,0
1,1165,0.0,0.1722589139752233,0.6552725407643816,1.0,0.044661569140277656,0.5966857078060743,0.0,1.0,0
1,1166,0.018056748822559955,1.0,0.2976930507736064,0.0831254797856045,0.004712965221499674,0.5505887358505003,1.0,1.0,0
1,1167,0.022718781481422198,0.0998045983081415,1.0,1.0,0.019967625787452845,0.49235069916755914,1.0,1.0,0
1,1168,0.004574862188068892,0.1597148196823577,0.3767292537788686,0.3607838585481462,0.029877191946398828,0.39432701196772607,1.0,1.0,1
1,1169,0.0,0.6186827377584614,0.9900978466583706,0.3283015004033989,0.015430195160536652,0.5098246439403973,0.0,1.0,0
1,1170,0.017187768700434355,0.4394523836641624,0.34154061098862165,0.9394137429878912,0.08524000415816399,0.403332166063152,0.0,1.0,0
1,1171,0.011679539801444544,0.4003154753088221,0.4398831621791278,0.9829540851902412,0.10079621141414968,0.5891023308761996,1.0,1.0,0
1,1172,0.03834070509545384,0.3771529666435479,0.0,0.9974289224820859,0.0005948076330265246,0.5052841202933397,1.0,1.0,0
1,1173,0.0,0.22898597861859304,0.7975690535361989,0.571834475095876,0.05233964739999276,0.4747229914653239,1.0,1.0,0
1,1174,0.0,0.3142532440743754,0.7046335324481949,0.0475281137188119,0.025467836293170322,0.5203169647367557,0.0,1.0,0
1,1175,0.0,0.9327740669567995,0.9328043042408152,0.0,0.0,0.5104585501307227,0.0,1.0,1
1,1176,0.02103900605495103,0.46250611515841245,1.0,0.26580813276126763,0.0,0.4867915729449979,0.0,1.0,0
1,1177,0.0,0.1292838965012523,0.3844136905702476,0.5821847817717491,0.0,0.481657916900691,0.0,1.0,0
1,1178,0.004457372883162333,0.4124147837567031,1.0,0.027541342849814174,0.0,0.46046028009859674,0.0,1.0,0
1,1179,0.0,0.7728103067706458,0.9804630754856059,0.5539159411081852,0.03102204635728186,0.49743157133503174,1.0,1.0,0
1,1180,0.004173684644693635,0.26845550233355653,0.24670598265248025,0.0,0.04550610836104873,0.5917358199538971,1.0,1.0,1
1,1181,0.0,0.16857196121671128,0.0,1.0,0.005138530881059672,0.503112005827412,1.0,1.0,1
1,1182,0.0,0.5595144467188221,0.7413416576354314,0.32440939836756416,0.03696841004056799,0.5174815141325664,0.0,1.0,0
1,1183,0.0,0.9953256955406258,0.6490987087922744,0.6471842595650061,0.03264871060586728,0.5756478169120187,0.0,1.0,1
1,1184,0.08026625766142062,0.1358188760225742,0.6598331018982763,0.0,0.0,0.5337792541229602,1.0,1.0,0
1,1185,0.015302934547019132,0.2213096290656393,0.32995188000835574,0.39916969050291,0.0,0.5672802535761966,1.0,1.0,0
1,1186,0.013251415916650182,0.9719939146600461,0.4379847409430811,1.0,0.0,0.5196805997897759,1.0,1.0,0
1,1187,0.014697014319279856,0.3774145693217491,0.0,0.31895781314870675,0.017790440838360073,0.5148207266754397,1.0,1.0,0
1,1188,0.08953442177510029,0.9939989634968451,0.27423422581562484,0.08492664623494758,0.0,0.5296538318288531,0.0,1.0,0
1,1189,0.016294644026064006,0.8971416548256758,0.9559366503451426,0.30860769489321777,0.010085066992050763,0.4910736885375348,0.0,1.0,0
1,1190,0.0,0.2931376598997209,0.25124862401458503,0.0,0.0,0.5898797926696782,0.0,1.0,0
1,1191,0.044568022840847765,0.34724305799104926,0.9967089192540466,1.0,0.02304561005790572,0.5654874094190663,0.0,1.0,0
1,1192,0.0032997863988110687,0.4410833260157578,0.9784194291335943,0.925978183269494,0.007537781489106113,0.5548686209712358,1.0,1.0,0
1,1193,0.03995086591989519,0.21023482638343705,0.9301444627307426,0.2382764209438694,0.04762274251835512,0.5153720059854038,0.0,1.0,0
1,1194,0.012169553371955154,0.6193424823860996,0.9817369569294874,0.5319879413035425,0.01981420886105232,0.5349813626499451,0.0,1.0,0
1,1195,0.014900192846461503,0.7978343366460381,0.54245944278542,0.3562371761538043,0.0,0.6186977711648495,1.0,1.0,1
1,1196,0.05213005562524903,0.9587686131317209,0.34696395615868103,0.9941952144581084,0.0309893279138347,0.5433415603637769,1.0,1.0,0
1,1197,0.0,0.5153744507132018,0.9734042722004334,0.9026642237059649,0.0,0.5357286233295726,0.0,1.0,0
1,1198,0.0,0.12333670648381781,0.44595135214650805,0.22009960372156928,0.0,0.5964265453034181,1.0,1.0,0
1,1199,0.018736614972886697,0.36462990081230146,0.1276944930545727,0.8782607437578354,0.05016166603519001,0.4919891702298561,0.0,1.0,0
1,1200,0.022063968001937686,0.4127411878082599,0.016387956800524593,0.4746268168711431,0.030913744727854568,0.6625374709257593,0.0,1.0,0
13,1,0.008978367019265854,0.09689899446759699,0.0,0.013109254635532128,0.03185720431654837,0.183774383801056,0.0,1.0,0
13,6,0.0,0.1635183323503168,0.09167927197637264,0.07828994466556885,0.005145578319790218,0.2059010727105827,0.0,1.0,0
13,7,0.0,0.2213621973761744,0.05020303621529544,0.007884318416879088,0.004142136042724389,0.09185055509900218,0.0,1.0,0
13,8,0.017041689664264992,0.18257717505258497,0.0023602166825796374,0.02719015534600714,0.039179550007303,0.22434195698513582,0.0,1.0,0
13,1001,0.04616807707046507,0.8578639180911711,0.35560903205080063,0.0500657770625295,0.033706160895956946,0.5171041381482931,1.0,1.0,1
13,1002,0.03852462665743044,0.6082141200657781,0.06521169355041612,0.6591350395653809,0.017937752730931015,0.5031821611412786,1.0,1.0,0
13,1003,0.06882689498429537,0.23808716303059418,0.14073938261589222,0.018347333435914083,0.0,0.4941256813949187,1.0,1.0,0
13,1004,0.015647603794493946,0.33941839142927294,0.7706945818232982,0.30717296658789733,0.0,0.47209558920132655,1.0,1.0,1
13,1005,0.002723674274719544,0.22442075743374817,0.0,0.9358344053438101,0.10220435068307575,0.4985077873618373,1.0,1.0,0
13,1006,0.025626212813011008,0.709764312551874,0.9384544891209102,0.9885903552179547,0.030525801742620876,0.47217612140478543,1.0,1.0,0
13,1007,0.0,0.14908603465751433,0.6943640077623101,0.0,0.01633630009467827,0.5819970498283908,0.0,1.0,0
13,1008,0.0,0.12395604473777411,1.0,0.2690924007479803,0.0027832501076923456,0.575333728962715,0.0,1.0,1
13,1009,0.0,0.8326596049685779,0.0003006612241503387,0.07162657927822212,0.003253602072673509,0.4498255106717527,1.0,1.0,0
13,1010,0.001670972185709806,0.4326927532740787,0.026930582939013827,0.6163446512503998,0.048946303778283504,0.5136877613454864,1.0,1.0,0
13,1011,0.035826783709828204,0.20345375226204676,0.7453634075938161,0.6008084799787333,0.0,0.4858230460198972,1.0,1.0,0
13,1012,0.0011225061948562708,0.5703430128138458,0.3345677600583329,0.33791043888411804,0.0,0.598576508622055,1.0,1.0,0
13,1013,0.0,0.25853046744560654,0.003086896993626982,0.9532595926243179,0.0,0.9944489474969221,0.0,1.0,1
13,1014,0.04004369143770327,0.2561939324704246,0.8477162597915219,0.9543256585604193,0.0,0.4884279647733059,1.0,1.0,0
13,1015,0.0038623956754510677,0.26767476007043783,0.9431784555902862,0.3452311796619408,0.0,0.5155711688059061,1.0,1.0,1
13,1016,0.0,0.8362622006153015,0.9357707232230679,0.9373485974037153,0.02365746192617232,0.5146426535222813,0.0,1.0,0
13,1017,0.0,0.7230074983158713,0.8585346002061058,0.5504024608196205,0.0,0.3741163122037739,0.0,1.0,1
13,1018,0.0966742360087103,0.37470787431493163,1.0,0.9812879202801545,0.009125929043372411,0.5552200541634688,1.0,1.0,1
13,1019,0.0,0.5838682338789803,0.6628391106758624,0.322017714780346,0.017991377828774392,0.510445423632412,0.0,1.0,0
13,1020,0.0,0.5775583552796366,0.8052909178239391,0.3780426484734729,0.013733577722403505,0.5061475854725284,1.0,1.0,0
13,1021,0.0,0.16735608544539765,0.17914136224708652,0.992158377035144,0.0,0.53550443096511,0.0,1.0,0
13,1022,0.0,0.6600447955931495,0.4240249809416202,0.2265202554312276,0.0,0.4430270411378843,0.0,1.0,0
13,1023,0.0,0.14283769131404842,0.7909479088398589,0.9849412531150691,0.00720127319898617,0.5242056312923623,1.0,1.0,0
13,1024,0.006102949445280208,0.38174438177492165,0.7034393804269017,0.5320926648475094,0.012227421853756526,0.46184462460491915,1.0,1.0,0
13,1025,0.01548951469972054,0.14338419014412015,0.3470815429949936,0.0,0.037450217591903194,0.42067610130758293,1.0,1.0,0
13,1026,0.0662715101154867,0.31541325824697053,0.0,0.020926850995337896,0.1315324292775582,0.4858221649032559,1.0,1.0,1
13,1027,0.07780061731321204,1.0,0.405709296895071,0.035412176917839926,0.09302069759567312,0.45238649282664234,1.0,1.0,0
13,1028,0.1462866053415615,0.3622307190670533,0.7210713384994515,0.6895964210902672,0.052958848856363226,0.5504009611680202,0.0,1.0,1
13,1029,0.004597543796409234,0.3652265332640057,0.016722567721845962,0.40619349062016036,0.014964620199385312,0.42112662999206624,1.0,1.0,0
13,1030,0.02645322856387463,0.14597888776684345,0.6396659524049697,0.36418111153276567,0.04683492687907005,0.9616792193854398,0.0,1.0,0
13,1031,0.0,0.20349766270339464,1.0,0.28215957372192035,0.028106057856344232,0.5776427526206003,1.0,1.0,1
13,1032,0.029139078609368395,0.18037170926578464,0.017044506885156956,0.3684427450025303,0.006422459148271446,0.4443822727620128,0.0,1.0,1
13,1033,0.0,0.18297585570780253,0.0,0.22917978941921827,0.0,0.5170094637312731,1.0,1.0,1
13,1034,0.1309849401297803,0.40726505895094084,0.8651920106551154,0.6248561419957089,0.0,0.5984596622277527,1.0,1.0,1
13,1035,0.032613088619619555,0.770327757993599,0.6809438325743432,0.9621830877535202,0.007225033557957199,0.4532881719065737,0.0,1.0,1
13,1036,0.022094120881435905,0.1927224878467595,1.0,0.0,0.1450716446117816,0.48222118149585397,0.0,1.0,0
13,1037,0.0,0.6653230236044294,0.6663481538553463,1.0,0.0,1.0,1.0,1.0,0
13,1038,0.0,0.4046146778261882,0.9037494855138313,0.007456255836251352,0.0513336829709307,0.5070771848066593,1.0,1.0,0
13,1039,0.0,0.2434179974723817,0.9928577476285746,0.018140179905887465,0.016890924886002412,0.4830778659992558,1.0,1.0,0
13,1040,0.058231393160226165,0.362335309950572,1.0,0.12493996968929467,0.0,0.5471483752737312,1.0,1.0,0
13,1041,0.044040552507413955,0.6500773084145812,0.07632180600544429,0.6274236192865504,0.03693561056537462,0.5865197067423149,1.0,1.0,1
13,1042,0.09874457534047683,0.8057214897265116,0.6343306003332513,0.28818168712507053,0.05404557290847428,0.4670501747747159,1.0,1.0,0
13,1043,0.0016749609413905951,0.17465299165045622,0.6042061471874545,1.0,0.0,0.4281490771811307,1.0,1.0,0
13,1044,0.014578740841997046,0.8066057553085316,0.9152513835524965,0.9717363261884193,0.0,0.4230288596364758,0.0,1.0,1
13,1045,0.08159831296380808,0.39879032443500084,0.07462680350775083,0.9794353932404967,0.0,0.4905891070726143,1.0,1.0,0
13,1046,0.0,0.21176299498783507,0.8909193938855205,0.7261376523586325,0.0,0.9490302081878507,0.0,1.0,0
13,1047,0.01221146512717928,0.6725888061025576,0.0,0.0,0.0010646202222981248,0.3885409740440919,1.0,1.0,0
13,1048,0.0030454843534542357,0.9965837353837514,0.5695165285573912,0.8844332915515556,0.1047379080765576,0.4350487427094117,1.0,1.0,1
13,1049,0.0,0.20831675145406364,0.8036029692387745,0.4431629144734202,0.12695546780402242,0.46407464641434437,1.0,1.0,1
13,1050,0.0009024047725735137,0.34767864574246876,0.22590902733622292,0.26598671481156605,0.07697709042358143,0.554978266565517,1.0,1.0,0
13,1051,0.0,0.5866513186287888,0.06691943908662111,0.5033022206968171,0.09630460416049846,0.5690579529092701,1.0,1.0,0
13,1052,0.042730610650955916,0.7062900107015339,0.9830845654241799,0.2741854793511381,0.031052524013819555,0.5652586496872803,1.0,1.0,0
13,1053,0.0,0.5917687211479772,0.5773094026746355,0.9700734087307834,0.04338720282882535,0.4708437673872,1.0,1.0,0
13,1054,0.0,0.34368224768156264,0.7091608798115885,0.3094172150791068,0.0,0.5530330119512632,0.0,1.0,0
13,1055,0.0,0.7323999858435437,0.7997599969299046,0.329609571708456,0.025362585070674154,0.42742915111733093,1.0,1.0,0
13,1056,0.0,0.5649951312991481,0.01645101611200212,0.5367972443583474,0.042576958166972996,0.5048557067333795,1.0,1.0,0
13,1057,0.01635477745149163,0.11450903809508965,0.6332458513164767,0.3962642538934705,0.0,0.5012993417024345,1.0,1.0,0
13,1058,0.11309473596491704,0.21159064342731998,0.778130299790486,1.0,0.11738490541333846,0.4281425766837082,1.0,1.0,0
13,1059,0.02408427456548633,0.9880640125807659,0.6914845603514901,0.38600803999318517,0.020144637881548428,0.5308827499246374,1.0,1.0,0
13,1060,0.0488963110642711,0.37295352117370756,0.0,0.5188617591602546,0.014094227095139496,0.5205709084976704,0.0,1.0,1
13,1061,0.00899599329282846,0.7689804060928263,0.42457394837870566,0.0,0.010314364530733125,0.44359723433192905,0.0,1.0,0
13,1062,0.007114478431461675,0.34498511412746496,0.8766304970060824,0.9925560907777388,0.0392450490515691,0.5560934588132005,1.0,1.0,0
13,1063,0.0,0.39754748719429284,0.09866023445619063,0.3229049013551723,0.031486120232397136,0.5499489536693378,1.0,1.0,0
13,1064,0.047592836950087716,0.252211711410158,0.9419842382831725,0.36624714709899603,0.0,0.4980488373021846,0.0,1.0,0
13,1065,0.13726176492676012,0.6098227536267471,0.5586865667246669,0.014672392113762953,0.0,1.0,0.0,1.0,0
13,1066,0.023466557166931794,0.38516052152263874,0.5345775542006638,0.9790467993448276,0.008254458899575405,0.4892626446274247,0.0,1.0,0
13,1067,0.0031776776882148604,0.9482545941478235,0.7030635466181999,1.0,0.0,0.480879896426697,0.0,1.0,0
13,1068,0.0,0.3882201722848975,0.3632634198674414,0.0,0.01712332944034763,0.5738632513573939,0.0,1.0,0
13,1069,0.0,0.3915337940027471,0.11925975222910344,0.6908968274478733,0.0,1.0,0.0,1.0,0
13,1070,0.0,0.2242326118087185,0.7509028892420953,0.5352877816987914,0.0,0.5320479379508972,0.0,1.0,1
13,1071,0.010627950549201086,0.3478245888848553,0.34705986012452883,0.04374407946890786,0.0,0.526526524240116,0.0,1.0,0
13,1072,0.03422986619184516,0.5502836818966919,0.9151211295193545,0.6181725351860851,0.00493982036088317,0.4712817831993339,1.0,1.0,0
13,1073,0.01655175942291999,0.21296424930741986,0.40433193233408926,0.31504239792173633,0.015958475805341,0.47958338647501536,1.0,1.0,0
13,1074,0.007499319397263271,0.8035873311340204,0.006554136750692987,0.9627165289287337,0.0,0.5660567832928493,1.0,1.0,0
13,1075,0.02646420854386097,0.2801055095925945,0.766264358833174,1.0,0.04580974325265002,0.46351730205368236,0.0,1.0,0
13,1076,0.02432462183338399,0.5558364720706214,0.36384732322805613,0.34629435906791034,0.042212599503659555,0.4724588786372369,0.0,1.0,0
13,1077,0.043232153080700844,0.12645825284261397,0.9095227471392798,0.5982412005704044,0.03117360610601019,0.49715867175188716,1.0,1.0,0
13,1078,0.0,0.11467860216472149,0.10365018736601576,1.0,0.0,0.4745515763958902,1.0,1.0,1
13,1079,0.0,0.8135645908323319,0.25871180635235563,0.2543892752654234,0.005303555602104858,0.5506557198195667,0.0,1.0,1
13,1080,0.10891689986864024,0.3414210975087819,0.2164301433959789,0.6495236406474618,0.007308711617105886,0.481849881953803,1.0,1.0,1
13,1081,0.020429105730534344,0.3969419246508393,0.9769950928412556,0.5947137426101343,0.006536290892319344,0.5053064040382429,1.0,1.0,0
13,1082,0.023372917692619493,0.6614607115204666,0.6094185758659463,0.9995648403970573,0.0,0.49205650765956616,1.0,1.0,1
13,1083,0.01737904050064512,0.17789383177949633,0.30835066506698844,0.3047162364477038,0.02014152953920347,0.48851276567463175,1.0,1.0,1
13,1084,0.03747813379680553,0.24549320449197093,0.0,0.09679812708589447,0.1970280648595773,0.5310123094728354,1.0,1.0,0
13,1085,0.041268769041528,0.21176736033280208,0.34666770641596634,0.0,0.13463853155080246,0.5269824021393257,0.0,1.0,0
13,1086,0.08414811594032362,0.3800156546743955,0.2548688197643331,0.3072245693452989,0.0,0.489831361145881,0.0,1.0,1
13,1087,0.008088748946363584,0.4519604081866916,0.11228263014832207,0.21851668017823855,0.026627769813478284,0.49538076465571623,0.0,1.0,0
13,1088,0.055451020988794085,0.620919819606639,0.6343630849064963,0.38719024269056584,0.0,0.51127045462954,0.0,1.0,0
13,1089,0.0,0.16788859842602222,0.044748320955233116,0.0,0.010856166010856991,0.41758423147482926,0.0,1.0,1
13,1090,0.0,0.4506853948651186,0.23469860028584089,0.0,0.0,0.5305378090748409,0.0,1.0,0
13,1091,0.0,0.7132567877181194,0.3977602764361615,0.31363339067865115,0.005259221133880363,0.4628186021084256,1.0,1.0,0
13,1092,0.012012745861506045,0.9966432084038083,0.6305694092436174,0.9896656921258826,0.09586375709086599,0.5284566491978291,0.0,1.0,0
13,1093,0.07303562946254945,0.42806052352600843,0.017624281855148975,0.3532255585132018,0.01024200175533036,0.4149280998554417,1.0,1.0,0
13,1094,0.0418012091042223,0.8329464377914234,0.12517536325118248,0.31595303446358436,0.017591313550038488,0.5829438438230066,1.0,1.0,0
13,1095,0.018070546399313037,0.41038631678782644,0.5398912421721627,0.3379312833589059,0.0,0.5715651423295036,1.0,1.0,0
13,1096,0.011927734253150366,0.19741694835970866,0.9670984942621522,0.005908033533915573,0.0,0.4253790922624647,0.0,1.0,1
13,1097,0.021187387330237704,0.14182904375852248,0.08060331527058635,0.9408665159032349,0.0,0.9755019890563782,0.0,1.0,1
13,1098,0.019639285045562088,0.6148684325949794,0.9424415469323559,0.6903248022452797,0.03325305502134418,0.4656038028572428,1.0,1.0,0
13,1099,0.08663341790135112,0.2148859969824466,0.9188028674389935,0.9136649750687846,0.026275559722026373,0.4881696184432255,1.0,1.0,0
13,1100,0.0,0.3866727419752445,0.33873497797858426,0.031950266011339795,0.0010132413395390872,0.5707743442239166,1.0,1.0,0
13,1101,0.04524914465303991,0.41900994370755706,0.5714676666350582,0.9742206056979841,0.028945859045637914,0.9819989923461961,1.0,1.0,0
13,1102,0.02139163309613859,0.2125790630498107,0.16957211635507602,0.003910959602030813,0.004531730421939958,0.9515809514990101,0.0,1.0,1
13,1103,0.010909522684728706,0.9283796520397198,0.1076982761865507,0.0031343981433523786,0.0,0.5227492908082022,1.0,1.0,1
13,1104,0.004806511584205437,0.6282893240873584,0.15518589563813573,0.018652318001933076,0.04281403380030033,0.437556897574276,1.0,1.0,0
13,1105,0.0035057892178920642,0.6654429936576562,0.08568242126647665,0.5762860725557906,0.02041563740222287,1.0,0.0,1.0,0
13,1106,0.0,0.5933056161562107,0.0,0.004131196981888299,0.051597316232501154,0.5573546690580541,1.0,1.0,0
13,1107,0.024789756360023747,0.13689313260481895,0.40657971950192007,0.3153878935028692,0.0,0.4006610702147637,0.0,1.0,0
13,1108,0.034778325885991584,0.5454014157242529,0.18927502556508882,0.6188183102919225,0.0022300275511578527,0.4680623945393655,0.0,1.0,1
13,1109,0.015994730660635854,0.4987821118047622,0.12108729406409491,0.6419144570871798,0.04300026887651681,0.5614189679271602,1.0,1.0,1
13,1110,0.01888289475912858,0.4039260070895497,0.17993394000261304,0.22162738191444686,0.11025115072952332,0.9256849685833677,1.0,1.0,0
13,1111,0.13588844460422544,0.23058045296087673,0.06571583756454201,0.3044395435084371,0.0,0.5589287918857473,1.0,1.0,0
13,1112,0.0,0.8058791033502676,0.014177146602703077,0.6395124611457005,0.0,0.44864056971496474,0.0,1.0,0
13,1113,0.0,0.17504043330345065,0.8580056173991091,0.9933299666673012,0.0,0.6331653588550529,0.0,1.0,0
13,1114,0.036592886415845974,0.47355813102411753,0.5867144371579737,0.14624221116068764,0.0025968138715049514,0.4319742079899152,1.0,1.0,1
13,1115,0.1363235513603879,0.39132519944017685,0.10568848841318612,0.9543612605342898,0.0,0.4148694417979632,0.0,1.0,1
13,1116,0.0012523549072215804,0.42948525472977167,0.6358994987665221,0.0,0.14501593693050702,0.5434163903341537,1.0,1.0,0
13,1117,0.021662165327065067,0.5968426562198988,0.12906650283638008,1.0,0.013976025810398066,0.5373313805200544,1.0,1.0,0
13,1118,0.06129548063271712,0.24853039447045192,0.5131042975568606,0.013024386212692241,0.061385249614731664,0.54977509305454,0.0,1.0,1
13,1119,0.007899847382504002,0.7941281594618672,0.14614150246752358,0.3782207131284723,0.024348337816059457,0.990867420293088,1.0,1.0,1
13,1120,0.05855590553903578,1.0,0.479871221284525,0.606083527273825,0.0027378069423870943,0.543789955246504,1.0,1.0,0
13,1121,0.0024151314255224307,0.34351213680468745,0.3922457539584513,0.009451368946247195,0.01814230021271255,0.4750544261716007,1.0,1.0,0
13,1122,0.021144212914277677,0.5905317115238556,0.4650759109004211,0.2612966636391053,0.03538634371422707,0.4804139365173023,0.0,1.0,0
13,1123,0.03872672706548167,0.41092983050871995,0.9819700466354311,0.9674966772063147,0.0357632937897368,0.48444743681917446,1.0,1.0,0
13,1124,0.0,0.3416074170835062,0.8635726040219367,0.33613175723353805,0.03256334728484163,0.49253058961723184,1.0,1.0,0
13,1125,0.045667911969901144,0.5218438541306625,0.915542199027579,0.5955230837215778,0.009297804591428968,0.5432217932155492,1.0,1.0,0
13,1126,0.06078052120336658,0.19502891559591468,0.6941581277135611,0.011041051649167959,0.03333005191649825,0.5560703552309058,1.0,1.0,0
13,1127,0.06991296508819916,0.2305292778207318,0.6090508957294635,0.9913707039198513,0.052007188375542676,0.4755404126403258,1.0,1.0,0
13,1128,0.03554688834806502,0.8557097213372798,0.0,0.0,0.044951079423240344,0.46020450871931073,0.0,1.0,1
13,1129,0.011253223777771462,0.7252074661389348,0.0861740781912037,0.2970123652952634,0.007190050873101243,0.9974597096578504,1.0,1.0,1
13,1130,0.01855068037417237,1.0,0.7536379493480029,0.04062885421151782,0.0,0.5008428901165716,1.0,1.0,0
13,1131,0.0,0.5554863230360413,0.16629993422682723,0.12013646678207779,0.01084137350040644,0.49084597003449304,1.0,1.0,1
13,1132,0.0,0.14388370245263177,0.9711464910144875,0.0,0.0,0.5983924990786886,1.0,1.0,0
13,1133,0.03407474833698241,0.4594284917896699,0.8762454548985011,0.9676587184036256,0.00972174776582608,0.40754113058465263,0.0,1.0,0
13,1134,0.0157806026520575,0.9978362912474215,0.19524151956340674,0.0,0.0,0.46222505511468925,1.0,1.0,1
13,1135,0.03158092277267409,0.593370456703767,0.03494732790609004,0.04042459859143557,0.0024354438814033832,0.49769509952571406,1.0,1.0,0
13,1136,0.0,0.2877005358605362,0.31971423478111516,0.35395342370456134,0.0,0.5316992541587039,1.0,1.0,0
13,1137,0.03140406715173011,0.9906604383523591,0.3264254968042837,0.5306022814573341,0.030721181634562042,0.47115052048112377,1.0,1.0,0
13,1138,0.0014806307059576581,0.9781902404399052,0.38074034763849063,0.6581545909785728,0.04712350289240029,0.4651987196027684,1.0,1.0,0
13,1139,0.02186519233134965,0.4359924019364133,0.19451123489095273,1.0,0.0,0.5524310645495717,1.0,1.0,0
13,1140,0.0,0.22002838915708256,0.37352288344593365,0.48216609841079816,0.025558620986770624,0.44744772121722615,1.0,1.0,0
13,1141,0.016968974778010876,0.5371623810975501,0.7681429855667857,0.22194022701396615,0.021847914539009916,1.0,0.0,1.0,0
13,1142,0.09221017060809554,0.4560413941368866,0.8726159277288088,0.944095987967741,0.0,0.566564775278298,1.0,1.0,0
13,1143,0.011813314516026832,0.8422405537222547,0.8304118747601671,0.027056948032488058,0.010057343872640755,0.4116759653399909,1.0,1.0,0
13,1144,0.0,0.9289887056524649,0.3788369384535727,0.01378066578376963,0.01124668093348368,0.45053240042898013,0.0,1.0,0
13,1145,0.024659361163852204,0.633265654224232,0.36744093238420134,0.6208549099922737,0.0,1.0,1.0,1.0,1
13,1146,0.04079767782955282,0.7953057431662395,0.4856456227567282,0.289577253620067,0.0,0.49921186734911754,1.0,1.0,0
13,1147,0.011106758457877883,0.43063664400464297,0.6798011387371732,0.05024717194423427,0.019269188473650445,0.48309164197854887,0.0,1.0,0
13,1148,0.024074205974406994,0.2055573645967288,0.03300918248812268,0.22222788344070246,0.0066793100906961675,0.5817306136541069,0.0,1.0,0
13,1149,0.024742200614603388,0.28501806884009695,0.7480535631362105,0.012838217961592404,0.0989261381760635,0.4947274557241162,0.0,1.0,0
13,1150,0.0284274457623716,0.2597256010719334,0.834847219142664,0.6135052916846643,0.04389745121839866,0.5165224563938315,0.0,1.0,0
13,1151,0.012896384154359494,0.4407174242810938,0.4335699991192432,0.0,0.0,0.4865722335129067,0.0,1.0,0
13,1152,0.06502980200137531,0.13037960087807277,0.8676930213116057,0.8899948330676983,0.013642416467966295,0.45313982923061613,1.0,1.0,0
13,1153,0.03133444270947885,0.16635120545911297,0.2145555728120067,0.9726848715892338,0.0,0.38618753374463566,0.0,1.0,0
13,1154,0.0,0.21189438402669217,0.2838791777689032,0.0,0.0,0.5507754653213581,0.0,1.0,0
13,1155,0.01222775485883553,0.29602136134802404,0.8727556263739982,0.032468096858716884,0.0,0.5328816960262819,0.0,1.0,0
13,1156,0.0,0.2884527108060279,0.03621637540533999,0.5530857966375426,0.0,0.3810070314817013,0.0,1.0,0
13,1157,0.06822559451279378,0.6280791746025044,0.04756371136059673,1.0,0.0,0.49503276657999834,0.0,1.0,0
13,1158,0.02039620326424544,0.25551079504938706,0.3446488477951449,0.6104302544883722,0.035091636725541386,0.4941776747167098,0.0,1.0,1
13,1159,0.06139231430201578,0.17704051038570898,0.03065815084613581,0.5648307582290518,0.16214692272356293,0.9262897894005611,0.0,1.0,0
13,1160,0.01574517325411828,0.9682226680031841,0.03523057959721387,0.9758585308003017,0.0,0.4251207700732352,0.0,1.0,0
13,1161,0.03044613377339577,0.400965253362042,0.7795052430724211,0.30246920626014456,0.07054101069972896,0.47532350042358223,1.0,1.0,1
13,1162,0.01735308322546319,0.3026045391970258,0.08489368127604333,0.2531624906771306,0.014030864089063346,0.49341562353947244,1.0,1.0,0
13,1163,0.006223923775446946,0.4959739435879083,0.8715694152758346,0.9868568184686294,0.09296222442337115,0.44502298784449,0.0,1.0,0
13,1164,0.01594978233432146,0.3003376420798338,0.5606389810435791,0.23705453966952095,0.0,0.5372101375521657,1.0,1.0,0
13,1165,0.01572779869909013,0.3011232693371986,0.606664674780004,0.858608685700312,0.013635571718383102,0.41449033027058857,0.0,1.0,0
13,1166,0.01068357499357544,0.9950987265203507,0.2460303281580018,0.0,0.09196069240985352,0.9185756772953672,1.0,1.0,1
13,1167,0.0,0.2672412329980282,1.0,0.9282862157480924,0.010239652849957582,0.48444833737611076,1.0,1.0,0
13,1168,0.13980059507832163,0.216985113821136,0.5255699167239725,0.33180793241338113,0.04330220434483929,0.5303980831872183,1.0,1.0,0
13,1169,0.010986036977277118,0.538222902094673,0.9060882262124689,0.39002640657994725,0.0,0.43710954033718125,0.0,1.0,0
13,1170,0.026207350315997552,0.4543027920922687,0.24580682234195755,1.0,0.032213290929872886,0.5293602302312151,0.0,1.0,1
13,1171,0.01609721517140993,0.3388854618873464,0.39431352187429,0.966323327220658,0.02860096328753904,0.5673670198808622,1.0,1.0,0
13,1172,0.011621795110705258,0.4160360310039705,0.0,1.0,0.06079061530579219,1.0,1.0,1.0,0
13,1173,0.0,0.18713241627352062,0.7388078155307808,0.655061501960207,0.029714944080671372,0.4838918596987549,1.0,1.0,1
13,1174,0.03514235848410169,0.4978136029328465,0.7246583545920741,0.08349989508111554,0.07701730019892793,0.4876267183847843,0.0,1.0,1
13,1175,0.0025174884412657995,0.9849122234819992,0.9603661303105337,0.0,0.0,0.4695344658732147,0.0,1.0,0
13,1176,0.010062397282746096,0.5387218574272321,1.0,0.30176168484994176,0.0,0.45679916343261007,0.0,1.0,0
13,1177,0.0,0.1728009031649591,0.35023395434883975,0.5072392743084566,0.0024635873810800388,0.9826468958485723,0.0,1.0,0
13,1178,0.10026183943390628,0.4261744896984619,0.9547049501949983,0.0,0.027247224753203996,0.93127812315018,0.0,1.0,1
13,1179,0.021428452416210702,0.8882329995887963,1.0,0.5718204886631204,0.009965471678343352,0.4795905065893545,1.0,1.0,0
13,1180,0.02097589117022012,0.3401339075648213,0.3118359597522974,0.015088346470955557,0.00018649970227824407,0.46986777506761573,1.0,1.0,0
13,1181,0.0,0.1579699941476355,0.015025322625992413,1.0,0.008887919065898968,0.5980465801599355,1.0,1.0,0
13,1182,0.04975036774980751,0.464799839453271,0.6600563007839364,0.2792896997923543,0.09950314581785974,0.4875133902753634,0.0,1.0,0
13,1183,0.05560683479152015,0.9209912599585012,0.6251658632488907,0.5677977526633231,0.0,0.5562982732546758,0.0,1.0,0
13,1184,0.01805234122907845,0.22707488649703772,0.6145995477079496,0.013731313285632556,0.04954135464426437,0.4626743131072572,1.0,1.0,1
13,1185,0.05253006086443427,0.2961598325418833,0.3459732580133413,0.3283830807130291,0.037513949283461356,0.5271816329576876,1.0,1.0,1
13,1186,0.049183075899925724,0.9819845846227698,0.45754037371582296,0.9996991321647397,0.0,0.9938282735609762,1.0,1.0,0
13,1187,0.02126412205274935,0.41672294408462135,0.04873913645578299,0.31321140703449124,0.030910717523158642,0.9837368104377117,1.0,1.0,0
13,1188,0.020352051981000693,0.9981898826476175,0.2554679762568642,0.0,0.026124625698172272,1.0,0.0,1.0,0
13,1189,0.01893951633515119,0.8009539698390438,1.0,0.3849433182316136,0.0570017958559036,0.5075151353421666,0.0,1.0,0
13,1190,0.0,0.17927429226295524,0.3375139504777289,0.0,0.023490508612737285,0.5522345319846514,0.0,1.0,1
13,1191,0.01744644333033945,0.4919880547832186,0.9127645680184416,0.9163914765427635,0.0,0.4496971916403612,0.0,1.0,1
13,1192,0.06095679621535519,0.45348337859270943,0.963726622452444,1.0,0.0,0.5483732574963605,1.0,1.0,0
13,1193,0.0,0.14989647018934318,0.9490514911908378,0.24601811440613722,0.052418494953386546,0.5630180732027908,0.0,1.0,0
13,1194,0.06544889413871148,0.5526655412185776,0.9981965637660661,0.6215980111467684,0.0,0.4878620791890743,0.0,1.0,1
13,1195,0.0,0.7793028072463571,0.503633833214338,0.3003894281363954,0.01857451496768582,0.5097006043982361,1.0,1.0,0
13,1196,0.0,0.9563674555122609,0.3787613864651705,0.9716873537772465,0.0,0.42216743439359783,1.0,1.0,0
13,1197,0.0019777852134312563,0.6309059300356697,1.0,0.9269413213013896,0.0,0.5371822302377766,0.0,1.0,0
13,1198,0.0793109696677016,0.25722755398715064,0.4274325422340439,0.3777337963606773,0.10654181746437844,0.5503973260877825,1.0,1.0,0
13,1199,0.0,0.14244487934093905,0.1941899632690416,1.0,0.0,0.48841044340965795,0.0,1.0,0
13,1200,0.003809075539153592,0.4161563489783666,0.0147743093422295,0.6919556453272651,0.07267560762104515,0.5782824117135597,0.0,1.0,0
14,5,0.08906088434688805,0.12356456232101123,0.02199276870399233,0.036482631023493695,0.007188328452376946,0.18676169824009264,0.0,1.0,0
14,7,0.0,0.09296801875449492,0.0,0.0,0.016128722455255668,0.09908422523037616,0.0,1.0,0
14,1001,0.008918530873678028,0.7569357914900823,0.2897635877055858,0.008055942501702875,0.020894110004794415,0.52653579812368,1.0,1.0,0
14,1002,0.08223293665735602,0.6242314288354668,0.1497697327564325,0.6573905731505407,0.0,0.49844147042554465,1.0,1.0,0
14,1003,0.014629227026342596,0.18204921825250509,0.2077386928213096,0.13400577234742728,0.039083672670527814,0.46596004016250475,1.0,1.0,0
14,1004,0.015969413765420014,0.30320122130542604,0.7327105805273164,0.3666474140055463,0.022175907897510297,0.5163427743050608,1.0,1.0,1
14,1005,0.014550196374215871,0.18797299215502686,0.02969082417069502,0.9772075861622702,0.005539027204549072,0.5451595114709684,1.0,1.0,1
14,1006,0.0691717401511492,0.5429946173930452,0.8672602765877188,0.987876051156478,0.024463259458593373,0.5102946549877557,1.0,1.0,0
14,1007,0.034606573497773414,0.2674849669963708,0.7611732730719925,0.0,0.0,0.5570398770036806,0.0,1.0,0
14,1008,0.03714372775035405,0.17694354363565445,0.8348944010650288,0.31839583718635117,0.0,0.5334712661692957,0.0,1.0,0
14,1009,0.01751999390967642,0.781966082723558,0.00266742765329155,0.07850329693965236,0.0,0.5468466634322985,1.0,1.0,0
14,1010,0.03664408198737174,0.4173500619139455,0.04624120869949529,0.639857372360672,0.0,0.5406398832369915,1.0,1.0,0
14,1011,0.0,0.1893469993561652,0.7792964888633798,0.44933406883530586,0.009266902333554941,0.5700558885511009,1.0,1.0,0
14,1012,0.13046523009832053,0.551524385166251,0.2688618565669385,0.36497804522722704,0.0024561049286068305,0.4824550793870337,1.0,1.0,1
14,1013,0.0,0.2511709055276669,0.004423815394562581,1.0,0.1058585674674962,0.5427321667585492,0.0,1.0,0
14,1014,0.08988416862383769,0.18556068803778838,1.0,0.9519056549522527,0.0,0.4399258152843907,1.0,1.0,0
14,1015,0.03694605108192251,0.1773222741406988,0.9463715731403857,0.3059100663812868,0.005111898852678327,0.4576348833828055,1.0,1.0,0
14,1016,0.02023071155645407,0.8257218480272767,0.9647766060197298,0.9932679224184306,0.09637403027742347,0.49512316186502064,0.0,1.0,0
14,1017,0.0,0.6743224900473391,0.6874094076003328,0.5476551719788652,0.12275804990007266,0.5362916283469545,0.0,1.0,1
14,1018,0.0411961229778607,0.3482693128461645,0.986804542930684,0.9713267155715922,0.0004850867018043873,0.48215929839797533,1.0,1.0,1
14,1019,0.09008762051335761,0.5585740591083588,0.7492466075049914,0.26325088057530244,0.045326179712871104,0.5094260204935396,0.0,1.0,0
14,1020,0.0,0.5977788642661042,0.5683726543977103,0.2591481360580113,0.014078357014175261,0.4722785020600236,1.0,1.0,0
14,1021,0.0,0.10745386814355588,0.09416247811977363,1.0,0.0,0.472418581067617,0.0,1.0,1
14,1022,0.0,0.5678395772344803,0.410666902294666,0.38231349131038006,0.023541106515389,0.5209706049622856,0.0,1.0,1
14,1023,0.02939168248202527,0.17312913127522056,0.8478950758735757,0.9901886493786601,0.02877286763633412,0.5208775657064788,1.0,1.0,1
14,1024,0.019037854943268193,0.3907967785602627,0.8067513093347037,0.5989712625899066,0.015998285782920094,0.4750460730850701,1.0,1.0,0
14,1025,0.016369580031932562,0.22174350123618133,0.36426750028761296,0.019859293983017827,0.027381780738615264,0.4487621260903671,1.0,1.0,0
14,1026,0.0,0.3439022230193483,0.00441802881194728,0.012092621807100006,0.036481273406598715,0.5506117953985551,1.0,1.0,1
14,1027,0.026646377798877588,0.9992090939182222,0.4194524115216777,0.013622943639658871,0.002459818065111401,0.45803422955645806,1.0,1.0,0
14,1028,0.035027153441967045,0.36153722158690654,0.7464932237012654,0.5977974356216564,0.011170515454418897,0.5050173221511103,0.0,1.0,0
14,1029,0.033308951805535364,0.34028953740005363,0.016303537374826847,0.2521234588787411,0.0,0.5658038040909902,1.0,1.0,1
14,1030,0.01585815102168079,0.10649078216249303,0.7115112817015468,0.4394790133860496,0.04553245860954033,0.5410949636228515,0.0,1.0,1
14,1031,0.06594075588149727,0.20195370081097258,0.9838227112853466,0.2956026522509129,0.0,0.5095880295063684,1.0,1.0,0
14,1032,0.0,0.1722530640286086,0.0,0.3192452694516256,0.0,0.6007489793322779,0.0,1.0,1
14,1033,0.0,0.22642350113586057,0.13129131778996755,0.24099828280684465,0.11925672161098264,0.5527086180641556,1.0,1.0,0
14,1034,0.008522285811520506,0.34017727667725794,0.8282181473976732,0.5888375916236278,0.0,0.5437584685625758,1.0,1.0,0
14,1035,0.02380744537824338,0.8225186735127983,0.6612584276665984,0.9641780228896277,0.0,1.0,0.0,1.0,0
14,1036,0.00677541397469954,0.17591247350771827,0.9787057953663431,0.0054470410870452795,0.0,0.5226085773419338,0.0,1.0,0
14,1037,0.00649894552663325,0.6002513282253386,0.5936117498916238,0.9311287915484192,0.0,0.5310224628391035,1.0,1.0,0
14,1038,0.0,0.4027268707362102,0.8315585844471893,0.000480104422293269,0.005202971583553496,0.943151601450312,1.0,1.0,1
14,1039,0.07240767009157542,0.21442759232375927,1.0,0.041894230981295605,0.0278586593343404,0.522296610690996,1.0,1.0,0
14,1040,0.01867353404950095,0.44202297090823944,0.9263322538652355,0.0,0.04485377218603788,0.5283969320924378,1.0,1.0,1
14,1041,0.001436524566957309,0.5649659484120961,0.041090004010038386,0.5888571981410119,0.010570772503352265,0.4047742324570101,1.0,1.0,1
14,1042,0.02779238285723997,0.8421147268401799,0.644652990676574,0.21129367252929568,0.0017433368802381405,0.42707978838777844,1.0,1.0,1
14,1043,0.023376073023586647,0.17403152530837293,0.5249235653722765,1.0,0.0,0.6079999789151462,1.0,1.0,0
14,1044,0.012114768944761604,0.7344908317084063,0.8261147594371745,0.9458965344732432,0.052568892080328916,0.47418105566393987,0.0,1.0,0
14,1045,0.0183213673757445,0.4398004765502635,0.10085038924469644,0.9120495940148281,0.07015977611892828,0.5111849808845104,1.0,1.0,1
14,1046,0.03925019350617522,0.148970407056235,0.9736469844320005,0.5308939076884182,0.0,0.5056490701952219,0.0,1.0,1
14,1047,0.058393053006000666,0.6048448982238858,0.02263871325524902,0.0,0.05489122066005276,0.4460728777244648,1.0,1.0,1
14,1048,0.05631608117391013,0.997586656276225,0.5472527778170535,0.9043942261423403,0.0,0.422331707558338,1.0,1.0,0
14,1049,0.01711515733047157,0.2613665196314382,0.7105743483953145,0.17571243212687715,0.0,0.5605916096044123,1.0,1.0,0
14,1050,0.002375499546296337,0.44891307430267335,0.1189624858676847,0.35967463738604843,0.0,0.5942823594195717,1.0,1.0,1
14,1051,0.0014968906522542895,0.6414089359995983,0.018744070393574886,0.603473988306274,0.0,0.5129166021324637,1.0,1.0,0
14,1052,0.012674404564722743,0.6375995738652172,1.0,0.3673169477592634,0.0,0.5382434534477456,1.0,1.0,1
14,1053,0.036047393321051675,0.5777843751231463,0.6661480787337838,0.9745593499413354,0.004838763005841705,0.5872813400592746,1.0,1.0,0
14,1054,0.08407629602446014,0.3330774178463732,0.61567860525818,0.2754812544763293,0.03423741571326725,0.4902295192976659,0.0,1.0,1
14,1055,0.014030552551488749,0.8242992704503158,0.8421229997393667,0.29648662701352996,0.07186200558144508,0.48056108243376067,1.0,1.0,0
14,1056,0.0,0.5150134479229207,0.011420714252786157,0.5751734010941562,0.0,0.5498570730054675,1.0,1.0,0
14,1057,0.03979927290609869,0.20193686711752717,0.5934553610454207,0.30337191844807004,0.0,0.4664397968216642,1.0,1.0,0
14,1058,0.0647561078717006,0.2772802918083677,0.8555621196237955,0.9979989070625744,0.020745820909652074,0.4741372409960486,1.0,1.0,0
14,1059,0.014113199775341407,0.9748033679798289,0.7190358736756988,0.424841372059804,0.0650624566172909,0.5364182840090292,1.0,1.0,1
14,1060,0.02139903787049379,0.3297285761842539,0.0,0.7490416125414087,0.0070768556879739625,0.4299740006641607,0.0,1.0,1
14,1061,0.08780684877944422,0.7444060183238028,0.38093639871675045,0.0,0.01664618249771087,0.4926434609495423,0.0,1.0,0
14,1062,0.038071389906018674,0.42160115222075634,0.807170726248386,0.916970108176865,0.019762315753780527,0.4402190050714638,1.0,1.0,0
14,1063,0.09110492211691221,0.35782013842752075,0.11212497616433387,0.33446644736328685,0.006949249634423315,0.47602811397657513,1.0,1.0,0
14,1064,0.0,0.18333546802863981,0.9046114129769853,0.39534686153847465,0.012682350003432777,0.46777333310252134,0.0,1.0,1
14,1065,0.04553911352331925,0.6431244822641881,0.663734015173955,0.021094541386543743,0.0,0.45075504288799007,0.0,1.0,0
14,1066,0.0920421939234199,0.31002348366796234,0.5144703881883519,0.9659380460186919,0.0,0.5341282001822332,0.0,1.0,0
14,1067,0.04478468866551303,0.9168995754860184,0.848069670777481,0.9512975450042862,0.0,0.5373133550020828,0.0,1.0,1
14,1068,0.011813982438793438,0.3631472566639225,0.4299274979900519,0.012551413592062272,0.0,0.4694184970050519,0.0,1.0,0
14,1069,0.058348143067579405,0.42697468743767114,0.03728364894701884,0.5613473156775739,0.013919963083147118,0.5388013767126933,0.0,1.0,0
14,1070,0.0,0.23073482531173037,0.6673365194311878,0.6376497062423957,0.11674879352128875,0.4365669758494516,0.0,1.0,0
14,1071,0.033043392890180615,0.3955198232312626,0.42554715596211523,0.0,0.05147222754538906,0.527294687517089,0.0,1.0,0
14,1072,0.0006554111101644788,0.5398530943763219,0.9332970566583356,0.5418122797479354,0.005262338441595269,0.5399941251381367,1.0,1.0,1
14,1073,0.000670458457814423,0.2829396288499472,0.44336454584088864,0.34215264985592114,0.0,0.485864225836104,1.0,1.0,1
14,1074,0.0,0.7493894490828239,0.0,0.9857152435661146,0.00033539204216155317,0.9405322729372484,1.0,1.0,0
14,1075,0.0,0.34153440178261013,0.760246876900771,1.0,0.002729721773500539,0.5015009310614398,0.0,1.0,0
14,1076,0.02631952810224366,0.6281067878275509,0.2868210604203962,0.3745956099445516,0.006398733458827001,0.527660151902741,0.0,1.0,0
14,1077,0.026137746607581835,0.18739809056456033,0.8508590010488946,0.5026761087236562,0.025213074413002565,0.5153144703041734,1.0,1.0,0
14,1078,0.015588387641668157,0.2470066317724162,0.14539841789208208,0.9900279877205698,0.0173802588136706,0.41685948503552284,1.0,1.0,0
14,1079,0.02679026430220555,0.6529078440180531,0.33628013556708486,0.31279963575639674,0.0032891860678576764,0.5837770411832404,0.0,1.0,1
14,1080,0.010872872818113086,0.42777599141364653,0.25055588574686344,0.5843861663715265,0.00101591422560316,0.5100443176397383,1.0,1.0,0
14,1081,0.06082902947385754,0.3363511249771528,0.966910979750875,0.5618442570226033,0.0036551945601781496,0.4241622249266841,1.0,1.0,0
14,1082,0.01983224380145201,0.6274084205982055,0.5381326596178131,1.0,0.0,0.47225938443546356,1.0,1.0,0
14,1083,0.012543663588363247,0.20707148951579574,0.2957624016274769,0.36409453659985913,0.056599048903473496,0.4445333127178288,1.0,1.0,0
14,1084,0.0053111596589724384,0.17737664993183053,0.0,0.0,0.03856484772758591,0.5033996453163835,1.0,1.0,0
14,1085,0.009018282222117379,0.19407678997667593,0.3549599123006196,0.061872324364612846,0.07992962198586906,0.521527018657613,0.0,1.0,0
14,1086,0.0,0.3819821284084949,0.2774851726260908,0.31925278170674587,0.021079952713962173,0.48003552086039203,0.0,1.0,0
14,1087,0.02338951635820135,0.36503953343714834,0.0651354686204039,0.34778972276291326,0.14932091658453825,1.0,0.0,1.0,0
14,1088,0.047542379644340035,0.6205684161708862,0.6544194798267462,0.2741568232452591,0.11032912655701142,0.9964171152410537,0.0,1.0,1
14,1089,0.013063485330462778,0.16885783945605867,0.14478942773301212,0.0,0.07476657367670242,0.48209959493173127,0.0,1.0,0
14,1090,0.009085119129047546,0.3568600855462179,0.3013502077674882,0.0667060665415087,0.0003518628052409207,0.9982649825315497,0.0,1.0,0
14,1091,0.011361553322664806,0.851697442173206,0.4753321559662865,0.3176353745203443,0.0,0.5226171549715688,1.0,1.0,0
14,1092,0.0,1.0,0.5779458077230883,0.9640923757445342,0.04043330938941635,0.5445124537583792,0.0,1.0,0
14,1093,0.0,0.3905493406680736,0.21081954152752488,0.2375044829112284,0.008136711420286024,0.5696017388044172,1.0,1.0,0
14,1094,0.0,0.8110736236396084,0.11668469987008406,0.22647530166680405,0.010681695871625312,0.4802487712909832,1.0,1.0,0
14,1095,0.0,0.42522873319258137,0.5134594102134671,0.30522881001456725,0.03894854374165082,0.5086476628767037,1.0,1.0,0
14,1096,0.0019597909684100114,0.075244553568484,0.9268812323033313,0.01661921954690882,0.08319114331286546,0.9656145379645111,0.0,1.0,0
14,1097,0.044311597483281784,0.16687234874958093,0.010344212037305567,0.9946896536203337,0.0,0.5842909432597647,0.0,1.0,0
14,1098,0.05433061292031116,0.6405099437439117,0.9372929315577624,0.6190201727309402,0.0,0.4579700925276711,1.0,1.0,0
14,1099,0.02110209381404238,0.20418084747867787,0.8550979733353095,0.9346969096210729,0.07263157797439695,0.5523200590531311,1.0,1.0,0
14,1100,0.07899107566175816,0.3732324279203887,0.3718749787639705,0.01962485556662248,0.0,0.5056456108362659,1.0,1.0,0
14,1101,0.04034051708507222,0.2745162325309107,0.5988455596354219,0.9746814824962613,0.0071818764616890084,0.46972448154326285,1.0,1.0,1
14,1102,0.022503762096795568,0.2941927108757494,0.09168324943508933,0.007951058814288089,0.0,0.36449826397627794,0.0,1.0,1
14,1103,0.0,0.9913690666903077,0.05051320178130571,0.06910470079784592,0.0,0.4696765821110863,1.0,1.0,1
14,1104,0.0,0.6678994246154006,0.18824052885290293,0.0648121609129933,0.0,0.5215685740464593,1.0,1.0,0
14,1105,0.0,0.5698017424368678,0.06647747897942326,0.5649103966020883,0.0,0.47181410073682545,0.0,1.0,0
14,1106,0.123920967973802,0.6651080867849815,0.0,0.056438668969568576,0.006187898469842221,0.4652906402693566,1.0,1.0,0
14,1107,0.0543975013796213,0.08789489222520505,0.421747675804229,0.32853218424135716,0.0392100990372163,0.5611389299164211,0.0,1.0,0
14,1108,0.09499457125473133,0.6421956435800421,0.19512224296691139,0.6257686390967834,0.016599874845888686,0.5691647719433106,0.0,1.0,0
14,1109,0.08271086642503529,0.4263196394071285,0.10796908020530524,0.5791623506773081,0.0013897292552724997,0.9862452926263052,1.0,1.0,0
14,1110,0.0,0.34842175613359283,0.21691319973083786,0.22465952684227644,0.035581991494973576,0.433213329817176,1.0,1.0,1
14,1111,0.009174042945842087,0.22684680609884886,0.009166964436628821,0.21595806148020552,0.0,0.4337569192689806,1.0,1.0,0
14,1112,0.02698599288172085,0.7904650036894989,0.015809408066636187,0.6813875577978022,0.005342521336909845,0.5183850517970796,0.0,1.0,1
14,1113,0.04924274919708034,0.33215514894356524,0.8576216741225748,0.9744998042932114,0.061762860013210075,0.5242445440310395,0.0,1.0,0
14,1114,0.01310554474846519,0.3354896122601328,0.5452744237216853,0.32707988310638,0.0,0.49096967384097956,1.0,1.0,0
14,1115,0.0,0.44240494280970355,0.04976652365434813,0.970650611770809,0.04578302727907632,0.5120130773745494,0.0,1.0,0
14,1116,0.08556595599895528,0.3395459408626008,0.615101758008968,0.032611730692104594,0.03367713023467433,0.5564512395122578,1.0,1.0,1
14,1117,0.0,0.5285867378829094,0.033530286594650516,0.9424323225347144,0.028670042377455598,0.917492374480486,1.0,1.0,1
14,1118,0.0,0.1965298146292049,0.496559719689928,0.0,0.0,0.47525652308076805,0.0,1.0,1
14,1119,0.010028164187935295,0.7580158294977551,0.06838059054335385,0.33042958470454703,0.04672614536150204,0.47856569835087076,1.0,1.0,1
14,1120,0.06384435075602554,0.9708052862975091,0.4406321615501504,0.7053967156123706,0.08782281907583617,0.5008069169370196,1.0,1.0,0
14,1121,0.04857156463225157,0.3811587857105727,0.3615927517878917,0.06515196621006117,0.02814021552485161,0.47840585007562403,1.0,1.0,0
14,1122,0.04737995243720713,0.5675362280896873,0.45655482085104654,0.29951846692073436,0.027611749254918508,0.5238030635329334,0.0,1.0,0
14,1123,0.0,0.3658088929419144,1.0,0.9234156008110128,0.0,0.49450760913295566,1.0,1.0,0
14,1124,0.0,0.37863431197413105,0.7838790594321294,0.29138809367991686,0.0,0.4277240408077147,1.0,1.0,1
14,1125,0.07371781847089967,0.5540811792433213,0.9596257007953186,0.6975090831364245,0.018407016123590244,0.44867891207222305,1.0,1.0,0
14,1126,0.054585845714084286,0.25831385957591324,0.6352337843227014,0.0,0.0,0.5091229343329825,1.0,1.0,0
14,1127,0.03487126963397895,0.11932178481227974,0.4806511391112986,1.0,0.008907003163982928,0.5054686622293844,1.0,1.0,1
14,1128,0.09840326241846054,0.8569694077023583,0.0,0.0,0.004271707723179662,0.9348948461971467,0.0,1.0,0
14,1129,0.0,0.8336177378155353,0.059519564917951885,0.2908876966052463,0.051701970373953486,0.44757353262751215,1.0,1.0,0
14,1130,0.0,0.9172960969245354,0.7184970343804041,0.044600007315278814,0.05286108592117307,0.5411501135657192,1.0,1.0,0
14,1131,0.05630375811175465,0.5771812163254407,0.10703518097697412,0.01521014809448101,0.036927140137384296,0.5270901566340411,1.0,1.0,0
14,1132,0.031714481859605764,0.22934255236328532,0.9423861976437125,0.0033077768691220245,0.0,0.5684005926500211,1.0,1.0,0
14,1133,0.028462207396132182,0.31126308017945686,0.8562768120759005,1.0,0.0,0.5000477310703828,0.0,1.0,0
14,1134,0.006577991772319713,0.9743416506961324,0.2528076241617254,0.0,0.0038405519987325964,0.9923846422822363,1.0,1.0,0
14,1135,0.0,0.6089903715004107,0.05809543980408662,0.0,0.011390673885326687,0.520208100110938,1.0,1.0,0
14,1136,0.014769118693592544,0.2999686136398392,0.227897237661194,0.2513755266741702,0.032693957215048045,0.4453262118844302,1.0,1.0,0
14,1137,0.010938487684966573,0.9815864405486137,0.37595165516338336,0.5672649335540938,0.03854298461887364,0.5447233537298906,1.0,1.0,0
14,1138,0.03083666714940842,1.0,0.3752945914849496,0.6172259779602828,0.014803639982912295,0.4983153692905927,1.0,1.0,0
14,1139,0.0,0.43899764655643864,0.09551369507145141,0.9727857852110957,0.0,0.4900458989939653,1.0,1.0,0
14,1140,0.017171942541781133,0.22419663918126834,0.3517676325331006,0.5431811766475452,0.0,0.524238250982993,1.0,1.0,1
14,1141,0.0,0.6356943285073011,0.7003251045470797,0.39112217550877243,0.0017741737363099006,0.5709885982008635,0.0,1.0,0
14,1142,0.0022208360715668994,0.4001561903910547,0.800643328685555,0.9594669860936148,0.050580135293070955,0.5424484692742652,1.0,1.0,1
14,1143,0.0,0.7927416755493444,0.7626998846287358,0.02712556141034312,0.12293537555762206,0.47415544668753434,1.0,1.0,0
14,1144,0.011668634802569182,1.0,0.39169045869813723,0.0,0.0005739018758204313,0.4660765774759776,0.0,1.0,1
14,1145,0.03387910300593672,0.5777030623610081,0.45366226026290596,0.655867773973371,0.0,0.49845268187167036,1.0,1.0,0
14,1146,0.041485555008859136,0.807522170838646,0.45024130440156485,0.2807465596905309,0.0,0.46727241029462385,1.0,1.0,0
14,1147,0.07858825938737947,0.38464928556914557,0.8436224228410965,0.009543196262589477,0.1161759283928717,0.4620335030804437,0.0,1.0,0
14,1148,0.007008010598994949,0.2422663542723949,0.1176216601532246,0.35613097359482915,0.02116250272371336,0.42941608273681486,0.0,1.0,1
14,1149,0.0,0.19448522609233648,0.645320707201607,0.02972229641245848,0.011505373442357025,0.5735596759274951,0.0,1.0,0
14,1150,0.024669106686320542,0.28357955183821276,0.9450664400170776,0.5767479368561936,0.0,0.4364918285656746,0.0,1.0,0
14,1151,0.0,0.3902015302321953,0.3900616194700062,0.0,0.015246021716388464,0.6001172367807064,0.0,1.0,0
14,1152,0.04951069740113882,0.1409215670751315,0.7962894594341756,1.0,0.01976571738619808,0.48123157058193194,1.0,1.0,0
14,1153,0.0,0.1709149563296362,0.23368931823171898,0.9323062199928859,0.006339344397248544,0.5337434806882858,0.0,1.0,0
14,1154,0.0507150951257591,0.20037120720079432,0.39256740878548474,0.038799506301581445,0.10446324304256616,0.485062150262254,0.0,1.0,0
14,1155,0.07914333596141923,0.2610603945188578,0.8427038128528418,0.012523824659504688,0.05138833832887698,0.5401318797644745,0.0,1.0,0
14,1156,0.006233284544437514,0.1704687781679714,0.0,0.5982019342027899,0.0,0.4573545097512768,0.0,1.0,0
14,1157,0.04148116783823161,0.6119766659255164,0.10382920508734195,0.9959317561683697,0.025001288023331833,0.5792871648564374,0.0,1.0,1
14,1158,0.013940199631343603,0.2254435333020508,0.31647610152846706,0.5475382175050051,0.0,0.3989684850148874,0.0,1.0,0
14,1159,0.061645552633948796,0.22510553489216178,0.07289248708494932,0.5809167498169658,0.0,0.4957007071983807,0.0,1.0,0
14,1160,0.0,0.9301627355959426,0.04429232864761112,0.9836542118436836,0.0,0.9942153791722882,0.0,1.0,0
14,1161,0.0,0.43252158236311755,0.8166011978769953,0.335361782528015,0.0,0.45198962754336103,1.0,1.0,0
14,1162,0.026931973618567716,0.4125893577507731,0.10706170983078113,0.27102383847103917,0.0,0.5507304807263235,1.0,1.0,0
14,1163,0.0,0.5820937076936648,0.799269050026342,0.9813151105883412,0.0,0.5579247617903995,0.0,1.0,0
14,1164,0.0,0.2596777814898964,0.5640332675923346,0.34916624319454825,0.06551350038317956,0.5409167566226047,1.0,1.0,1
14,1165,0.07995994364686415,0.23427158627276068,0.6900578261390827,0.9913698023676554,0.022541374605571058,0.9801098397671877,0.0,1.0,0
14,1166,0.0560353132339652,1.0,0.2720004386237191,0.08137266694135722,0.024527532006858657,0.5907141634241674,1.0,1.0,0
14,1167,0.004231216968087837,0.2719211610479901,1.0,0.9323669802873065,0.03370518521028355,0.46747322571780925,1.0,1.0,0
14,1168,0.0,0.21380267655558743,0.5026162005730002,0.29160236542116263,0.034677435312283296,0.4756242384206704,1.0,1.0,0
14,1169,0.011555973795544659,0.6730799445081291,1.0,0.36859824909320743,0.049028061457622146,0.5483378481497152,0.0,1.0,0
14,1170,0.0,0.372382929072727,0.2810104078565191,1.0,0.017420494782065532,0.42191354084832344,0.0,1.0,1
14,1171,0.03413375603110369,0.39926146766757936,0.48535942251376135,1.0,0.017963385327516193,0.39346262821086114,1.0,1.0,0
14,1172,0.010878920940197385,0.4190441187072075,0.00782314051953906,0.9603105244814822,0.0,0.5536374235160271,1.0,1.0,0
14,1173,0.006986418696910875,0.12721975982964265,0.6429318230957566,0.5452943965645108,0.029752612755489953,0.5040537654580425,1.0,1.0,0
14,1174,0.013975355979410612,0.49775679311840926,0.8393053621397425,0.029645455267432928,0.028652670340582005,0.4954413096260121,0.0,1.0,0
14,1175,0.011143914358327471,0.9070076917841707,1.0,0.010441822870984139,0.02435412445805125,0.5559464989153942,0.0,1.0,0
14,1176,0.025467898108093738,0.39453796007948216,0.8922601356528156,0.33874011244532054,0.042654731957482,0.37786442472845727,0.0,1.0,0
14,1177,0.0,0.22192825098849392,0.32883531872865107,0.5997074476518054,0.07680063688948664,0.5289788279187349,0.0,1.0,0
14,1178,0.011552141760013436,0.4095988055230526,1.0,0.04124376139620821,0.0,0.4721989561691054,0.0,1.0,0
14,1179,0.023438090762153054,0.7569804544523123,0.9772868525941983,0.5060749440081208,0.0,0.49876109929266343,1.0,1.0,0
14,1180,0.004157587984012594,0.4767627505860861,0.321418061152099,0.01725530304520983,0.032514171674623005,0.5219925424003551,1.0,1.0,0
14,1181,0.005051412810761519,0.22289618737969907,0.07138248700463795,0.9878656216133991,0.0,0.506239580880289,1.0,1.0,0
14,1182,0.0223964702437665,0.6088083665559949,0.706420499962324,0.34579531679252146,0.0,0.4137324925871367,0.0,1.0,1
14,1183,0.0,1.0,0.6295902390283783,0.5146144011096564,0.07923323092354503,1.0,0.0,1.0,0
14,1184,0.052061367789684676,0.1715197664185265,0.7462329180986929,0.0,0.026026888094735967,0.48244651128207633,1.0,1.0,0
14,1185,0.0033948014293683107,0.26182703928939605,0.276416739321403,0.296568953544072,0.001862879314430653,0.377431750161332,1.0,1.0,1
14,1186,0.03697565059443535,0.9904369893915881,0.40849113779499185,1.0,0.0,0.46372538067361924,1.0,1.0,0
14,1187,0.011710939195839912,0.27086650974891724,0.03990848613025924,0.36076955897314533,0.0,0.5182992046835417,1.0,1.0,1
14,1188,0.01880915651907719,1.0,0.3269977777771059,0.0,0.0,0.4789926933440898,0.0,1.0,0
14,1189,0.0,0.8165309665314583,0.9488564388031981,0.33227065778586024,0.023455731985846995,0.4796809574623107,0.0,1.0,0
14,1190,0.08286698019286133,0.30172114769565017,0.2847875842603063,0.03514345766464625,0.012857389299462427,0.49960466484951666,0.0,1.0,0
14,1191,0.09951180463539284,0.2965305472828616,0.9793088938597031,0.9818200443944817,0.03478715985823357,0.5054904532286313,0.0,1.0,0
14,1192,0.021581289299722136,0.3243752300004987,1.0,0.9742530409963231,0.0,0.41708845354340374,1.0,1.0,0
14,1193,0.0015361893187683107,0.17686080383531264,0.9985838836746005,0.33143389057520484,0.052072889751782765,0.4491042250897007,0.0,1.0,0
14,1194,0.0,0.6666004711622889,1.0,0.6274097853310252,0.04497408949542971,0.5817899169357345,0.0,1.0,0
14,1195,0.0,0.7878419177904582,0.5148328957300624,0.2826221738006807,0.036407543715937275,0.4848208476681018,1.0,1.0,0
14,1196,0.0008392239705197063,0.9675524738036476,0.3079568957869818,0.9475817107520786,0.09257563786041885,0.5413347301150099,1.0,1.0,0
14,1197,0.0,0.7134483738269877,0.9163471439622608,0.9901144492535089,0.015587482561604199,0.5679520601746167,0.0,1.0,0
14,1198,0.011412719634652747,0.1897009638928189,0.39016848047621083,0.39426717150351553,0.046775276993666695,0.5862709555776427,1.0,1.0,1
14,1199,0.025799736109331513,0.1473133566967363,0.14154320412064753,1.0,0.008924853004559764,0.5367067302049975,0.0,1.0,1
14,1200,0.0373872144838579,0.3401976921402825,0.0,0.5949679867163584,0.03253443769394604,0.47366565699471,0.0,1.0,0
15,5,0.0,0.2847594202828696,0.025871302768367993,0.0,0.06531612896396503,0.1445153368301337,0.0,1.0,0
15,7,0.0,0.09089472451644409,0.031123610527601472,0.0,0.0,0.3499019583761417,0.0,1.0,0
15,8,0.08197760614602362,0.28668114463413463,0.0,0.0,0.07851924681917577,0.25015267844840344,0.0,1.0,0
15,1001,0.04709791688409043,0.883285558861868,0.3256925217125776,0.0,0.05440765800489242,0.5462303070381174,1.0,1.0,1
15,1002,0.010390182518448941,0.5918704362703476,0.12503637847141016,0.7379748330959345,0.0,0.4110269523393564,1.0,1.0,1
15,1003,0.01812706481760366,0.21209982725516427,0.1989886439492037,0.021650266896209917,0.0,0.5270931576734869,1.0,1.0,0
15,1004,0.10771136995871919,0.38510952345126953,0.6370474380993282,0.30511343099971006,0.046558564065983576,0.49739712192625796,1.0,1.0,1
15,1005,0.0,0.2330722388669022,0.0,0.9413714766686732,0.10699669924643146,0.5121338380446164,1.0,1.0,0
15,1006,0.04182738770443885,0.6293764117082435,0.9823594767010707,0.98394907878717,0.020323240598134704,0.539748049154255,1.0,1.0,0
15,1007,0.008869285503382854,0.17612286360874604,0.6679789860576065,0.06750858435640904,0.0,0.48375720775102105,0.0,1.0,0
15,1008,0.0,0.24616650508696686,0.9052582665294249,0.3085418100736751,0.0,0.48426402134706703,0.0,1.0,0
15,1009,0.0,0.8770275043846527,0.039165309703532325,0.016116258469495662,0.023499138540369027,0.5226035577348158,1.0,1.0,1
15,1010,0.0,0.35393925680615174,0.08312473889493321,0.5754679802591518,0.0,0.5670707161158182,1.0,1.0,0
15,1011,0.004893237904227275,0.2435316661310198,0.8361101396549261,0.5604837171840401,0.09257044604765831,0.5932268588532956,1.0,1.0,0
15,1012,0.015482373520668426,0.5094948975586071,0.32948990893360625,0.2786829746817979,0.09153843799474391,0.5108265753757913,1.0,1.0,0
15,1013,0.0,0.19966608425111956,0.07790433280883619,0.9427926707464526,0.0825776132877183,0.5008365430764313,0.0,1.0,1
15,1014,0.02197674171734609,0.14998993011417736,0.9344453301041193,0.9478540514985073,0.009366473424258231,0.45377921547601674,1.0,1.0,1
15,1015,0.09710400344457902,0.16447089089478184,0.878892914925981,0.3134039218692938,0.0028123927716737994,0.4640951816528879,1.0,1.0,0
15,1016,0.035813803018633746,0.7866906899548943,1.0,0.9876426625949096,0.0,0.5084626236265982,0.0,1.0,1
15,1017,0.01619180146476201,0.7679585628022334,0.8030504275996448,0.642936734392959,0.08048886172413207,0.4990006438342283,0.0,1.0,0
15,1018,0.0,0.30566855629799927,0.9807089855215496,0.9993284349352735,0.0018606832061784588,0.5161965314497355,1.0,1.0,1
15,1019,0.03420564138250416,0.6483501136560289,0.7516314134573511,0.4392636149706451,0.0034972628531367753,0.4877115837996313,0.0,1.0,0
15,1020,0.017413638487971343,0.6196283953304127,0.6301822313120828,0.34212845542829995,0.009112074362515554,0.5172981867010834,1.0,1.0,0
15,1021,0.0,0.16229301559290304,0.07776068281510715,0.9327300975575825,0.01088468314067462,0.4565417804032939,0.0,1.0,0
15,1022,0.0,0.48681840256556,0.38761867077988,0.3298672066321427,0.0,0.558851176785945,0.0,1.0,1
15,1023,0.01060542120149524,0.2154204223972964,0.7557792923135158,1.0,0.0749538675944964,0.5568765087772656,1.0,1.0,0
15,1024,0.10184004267936769,0.4038154371821811,0.6610822529717794,0.5613185610363035,0.05629071904060349,0.41446816434263284,1.0,1.0,0
15,1025,0.020468483494671817,0.16608888502286012,0.4961432624126281,0.025031405292539825,0.0,0.35741741768537916,1.0,1.0,1
15,1026,0.07653029608621455,0.48363256863486087,0.0,0.0,0.0007339619896621079,0.44485177865945497,1.0,1.0,0
15,1027,0.04703501320107367,0.9820029962226899,0.4536527729388075,0.012290926574614764,0.036790978930014456,0.5229868804496179,1.0,1.0,1
15,1028,0.01008724734893932,0.36254434573950417,0.5462961432607054,0.49829572220271934,0.0,0.37365047743770846,0.0,1.0,0
15,1029,0.0,0.42188349628052385,0.07984650890727249,0.32797382439335665,0.07272159114458138,0.4433884930424959,1.0,1.0,0
15,1030,0.012004883394783112,0.14805336131746485,0.7023423807708967,0.2787421788483239,0.0,0.45165805587893987,0.0,1.0,0
15,1031,0.032778257258359644,0.24937648203052873,1.0,0.29961351129199876,0.014858354506339171,0.5784517448100531,1.0,1.0,1
15,1032,0.0038877057485858504,0.1292627508189929,0.0,0.2747768236906003,0.03588068233981002,0.43340691670490783,0.0,1.0,0
15,1033,0.0,0.18613974944295372,0.15651421414976366,0.19101046842620595,0.03750167198393986,0.5010601743147821,1.0,1.0,1
15,1034,0.0356255881753824,0.3798425290750213,0.7927200011083388,0.6028916195004005,0.0,0.5070278353788954,1.0,1.0,0
15,1035,0.0805062596830183,0.8059017800450095,0.6599419005117213,0.9194975911310985,0.018348369632178844,0.5181518956923609,0.0,1.0,0
15,1036,0.049941764154340394,0.23296556166544385,0.9818271822748669,0.0,0.024434141792160982,0.47552495621477003,0.0,1.0,1
15,1037,0.01663967913567818,0.5651670640938903,0.608483069679024,1.0,0.0028588415529411733,0.3956048596792134,1.0,1.0,0
15,1038,0.027569210370107837,0.38043046812607256,0.8484180394800173,0.047128621816690947,0.03188732030239022,0.5493366755130067,1.0,1.0,1
15,1039,0.0,0.10085253337244413,1.0,0.0,0.01620351937576145,0.44850795562672496,1.0,1.0,1
15,1040,0.0,0.4330135808392102,0.8843315705416589,0.0,0.03158234940366432,0.4808031688767626,1.0,1.0,0
15,1041,0.026453695244749668,0.6205595386598348,0.07956295380369019,0.6765743847543233,0.013844695810066386,0.5467465348431702,1.0,1.0,0
15,1042,0.0,0.775206444216934,0.7285078014671477,0.46585416707473554,0.015323962523102816,0.5043450712102954,1.0,1.0,0
15,1043,0.01910476949163539,0.12250498920994364,0.5587867639711627,0.9646270100724664,0.022049925122947386,0.5463011459270819,1.0,1.0,0
15,1044,0.0,0.8213782845563248,0.8639258456588264,1.0,0.05946639000550874,0.5323072924175813,0.0,1.0,0
15,1045,0.0,0.34763864606135003,0.13938694415538605,0.9673828158227814,0.0,0.5888698703228721,1.0,1.0,0
15,1046,0.007914399999385462,0.1908166299071083,0.8819221135751493,0.5673932895465248,0.0,0.5225558415559097,0.0,1.0,0
15,1047,0.0013233482270555968,0.6823803076657415,0.0,0.0,0.008958440968480186,0.48073496232549034,1.0,1.0,0
15,1048,0.04478929359421142,0.9702487520513273,0.4850207869459564,0.9444590053635825,0.014944643926686246,0.44545818971999207,1.0,1.0,0
15,1049,0.07129228047107991,0.21295549060393915,0.7557825176368473,0.3138913884430115,0.0,0.6321904147305207,1.0,1.0,0
15,1050,0.032429468549249434,0.44388100730706387,0.2233361644093077,0.3330210499282328,0.0,0.5329887191653505,1.0,1.0,0
15,1051,0.0,0.5537515167267952,0.029992491834762585,0.5658571470135451,0.025815616833550915,0.4772381214196586,1.0,1.0,0
15,1052,0.03984528978820588,0.6180886591215545,0.9887514932851841,0.32683666517554,0.016535584901414168,0.44489666635561936,1.0,1.0,0
15,1053,0.0,0.4726990988108261,0.5473462719463362,1.0,0.10649264198986265,0.45963472893564516,1.0,1.0,0
15,1054,0.0,0.39326360865199217,0.6384935942750232,0.2135343143950436,0.0,0.6371818279147341,0.0,1.0,0
15,1055,0.010929844598444177,0.8076555488985283,0.7802575524112736,0.2913639600080054,0.0,0.4526511786908397,1.0,1.0,0
15,1056,0.005117590077196988,0.6385576991134686,0.0,0.5328229120461314,0.0127278374009194,0.44078580086963004,1.0,1.0,1
15,1057,0.0,0.2250331641409128,0.5968481728786964,0.2750825727025157,0.0,0.47726726802911207,1.0,1.0,1
15,1058,0.039632650973400706,0.16497908011072257,0.7529187132200853,1.0,0.0,0.5095604696056707,1.0,1.0,0
15,1059,0.01820312521437474,0.9632860935195188,0.7934694092169982,0.3643036632341689,0.04548797253094648,0.5674893146539431,1.0,1.0,0
15,1060,0.018620725022481053,0.40103739927445015,0.021178996333995913,0.632516910836976,0.047804305821554996,0.5129303934400973,0.0,1.0,0
15,1061,0.014244335679017844,0.7698289076588969,0.43197807555294765,0.0,0.027924070068210342,0.5564994830302198,0.0,1.0,0
15,1062,0.0327224006622689,0.371504792519066,0.8458251711860899,1.0,0.0,0.49178148958435697,1.0,1.0,0
15,1063,0.0003058004768122656,0.3416210303572654,0.05530700038988501,0.3221558171845167,0.0,0.4446411136583803,1.0,1.0,1
15,1064,0.014515630903562556,0.20605933769161547,1.0,0.28931857177618187,0.06293161327693318,0.4728482451348506,0.0,1.0,1
15,1065,0.0,0.543477274968441,0.568713901023333,0.01910267096745397,0.0,0.5942381638270069,0.0,1.0,1
15,1066,0.0,0.4140413700382337,0.43388029306252013,0.9557979087382011,0.06300826133514659,0.4629582263107647,0.0,1.0,0
15,1067,0.04121575221887884,0.9669233048062276,0.756328459498874,0.9347274188242635,0.022232994994866445,0.5314566827396692,0.0,1.0,0
15,1068,0.0,0.3346220610748054,0.41374802435691765,0.016165681354010183,0.00938025205772264,0.5067304919190055,0.0,1.0,0
15,1069,0.0,0.3556568017777915,0.11446222870429218,0.6981779131306346,0.006115907872330786,0.3949758160897917,0.0,1.0,1
15,1070,0.013632053727299132,0.22181208084764883,0.6431845532692421,0.5845883803265147,0.07475448125181335,0.547409733164966,0.0,1.0,0
15,1071,0.054978076350171434,0.3780221889887827,0.34120898868526683,0.04379864697468326,0.04413521214121043,0.5311815292021219,0.0,1.0,0
15,1072,0.008065800263777394,0.5841341912016162,0.9811182274274818,0.605572691173428,0.0,0.45363976871279216,1.0,1.0,0
15,1073,0.07709969489555255,0.08961679557392262,0.4345156431569346,0.2517015644527763,0.007813710900089307,0.4963767371398177,1.0,1.0,1
15,1074,0.0,0.820710096826065,0.11623541032598039,0.9850152641978462,0.009351522855356963,0.5365018460246092,1.0,1.0,0
15,1075,0.05319275973396928,0.454337593031994,0.7407833303324918,0.9042598711056896,0.0028454489646268693,0.4786200748783706,0.0,1.0,0
15,1076,0.05268629245138648,0.5958527653854481,0.2921487240564942,0.24382557260182505,0.009714299058982932,0.480324639735731,0.0,1.0,1
15,1077,0.0,0.14627131790855974,0.8442986830668017,0.5544099864093467,0.012121209879960307,0.4730712123160177,1.0,1.0,0
15,1078,0.0,0.24723435835142343,0.0356521783372646,0.9463442664424644,0.00405237703304227,0.4149533527677774,1.0,1.0,0
15,1079,0.0,0.831009771914787,0.2581009086265955,0.30654526286058276,0.028200096877732974,0.5200562134546974,0.0,1.0,0
15,1080,0.12476505385902881,0.3499609447127259,0.3313369086914106,0.4854219794922747,0.03541664752539393,0.48942348863511864,1.0,1.0,1
15,1081,0.026194862308608208,0.4179438918005356,0.9810381522481406,0.5497285135684515,0.043352297533502754,0.49039365008525565,1.0,1.0,0
15,1082,0.0,0.7032386566864102,0.5613800131806884,1.0,0.0,0.5063224077418904,1.0,1.0,0
15,1083,0.013751454603978468,0.19065581523936187,0.18154132043578922,0.27502968109506254,0.05867363761201937,0.5724321563141734,1.0,1.0,0
15,1084,0.006619580560932432,0.25717187451270934,0.0,0.0,0.059562623542662556,0.5944321630162366,1.0,1.0,0
15,1085,0.0,0.22738504923229536,0.19781313338254852,0.0,0.0,0.42837957803526644,0.0,1.0,1
15,1086,0.0,0.4950824585188828,0.31047900417964913,0.3310327538076075,0.015077030292301103,0.4684509410573814,0.0,1.0,0
15,1087,0.03103895929333173,0.42360641746296246,0.1298343553886258,0.28115707536458695,0.0,0.4662146680577813,0.0,1.0,0
15,1088,0.0,0.6122520801070395,0.6988388503266268,0.2749031197124655,0.0,0.43259779146464206,0.0,1.0,0
15,1089,0.02524389677025188,0.2250766139640844,0.04132304965341192,0.0536373975048453,0.0,0.4619102595056841,0.0,1.0,0
15,1090,0.10455089564334842,0.3753283065120293,0.33881507650461357,0.0,0.0009572784741557441,0.4864443855837813,0.0,1.0,0
15,1091,0.011050116747429502,0.9091168535350416,0.4429395099124413,0.29332646278209934,0.017939516456580665,0.5121531700156869,1.0,1.0,0
15,1092,0.0,1.0,0.6051482690595971,0.9868028848275947,0.025168366737642358,0.36411507416440586,0.0,1.0,0
15,1093,0.017084424160304354,0.3914196081451988,0.16144416726536506,0.33899108135513356,0.0,0.4666727723364886,1.0,1.0,0
15,1094,0.0016398952539556967,0.843133891484638,0.07871160835656722,0.20445424378268623,0.017422486880906547,0.49313062382258804,1.0,1.0,0
15,1095,0.020502397037588795,0.4386813997135324,0.4276209236858044,0.3013643314375856,0.0,0.38977398496194143,1.0,1.0,1
15,1096,0.030013974944369876,0.17983300989841927,1.0,0.0,0.04054900969752783,0.5162908182743077,0.0,1.0,1
15,1097,0.043744417867236055,0.2358345863680512,0.03201204024063044,1.0,0.0,0.47390908566486667,0.0,1.0,0
15,1098,0.07633466204573887,0.6624435904854123,0.9491031538061163,0.5688357007340872,0.021156619622950186,0.43903104551049915,1.0,1.0,0
15,1099,0.06801635482286587,0.11320095458398333,0.935787896748526,0.8972827259082734,0.0,0.40583699008721347,1.0,1.0,0
15,1100,0.019970853287675214,0.38432493363072434,0.42170151822515717,0.10486937617878168,0.08696763332559324,0.38702764933708106,1.0,1.0,0
15,1101,0.04057051247615105,0.3937577535434307,0.6146528228230226,0.9666810107488533,0.055269179076005086,0.4863344961144212,1.0,1.0,0
15,1102,0.0,0.11833735463603125,0.11490899881753427,0.05747221350140195,0.05501649185494505,0.47053601797433803,0.0,1.0,1
15,1103,0.027825504985148318,0.9186892296802792,0.09137586031377332,0.004696773054433083,0.0,0.5230251956854612,1.0,1.0,0
15,1104,0.029896531974591817,0.6284285582315741,0.24486945727104445,0.027917443072142993,0.021299693280153964,0.5706376378292992,1.0,1.0,0
15,1105,0.0,0.6549939355213561,0.04782710701542978,0.5393966279278845,0.09051569539128379,0.5374037217990999,0.0,1.0,1
15,1106,0.04951638039213004,0.6139786687787893,0.0,0.024424545447573255,0.016766496893939633,0.6186201610308677,1.0,1.0,0
15,1107,0.0,0.2051768906432555,0.45748038664536883,0.27708531870326386,0.07496078098792608,0.5158795156428638,0.0,1.0,0
15,1108,0.02627827132000481,0.6138071246565562,0.10608930715991113,0.55097579859821,0.016201261582386238,0.42803565506248636,0.0,1.0,0
15,1109,0.0,0.40594703761348505,0.055594572699993156,0.579107004329226,0.0,0.4537271470638852,1.0,1.0,0
15,1110,0.06018186336807568,0.32867000806133156,0.21965573365801047,0.28883768954068473,0.08777118304143587,0.4572322715242592,1.0,1.0,0
15,1111,0.0399088537634303,0.19676078561401078,0.18115241543127436,0.2386219731114746,0.0007919006066829404,0.5591791747836018,1.0,1.0,0
15,1112,0.0,0.8342453719862447,0.12919740192339008,0.6837734046199676,0.0,0.5706315405487776,0.0,1.0,0
15,1113,0.0723750677504165,0.12995264844675627,0.9617720271234395,0.966376334083642,0.018545496978694512,0.4680411667729209,0.0,1.0,0
15,1114,0.07462366666459105,0.3796331678452206,0.5860585009165397,0.28740444103144736,0.014574005866435836,0.5106890583893827,1.0,1.0,1
15,1115,0.0,0.3869084896225139,0.1445212799069466,0.9492735524717467,0.0,0.4524298562104519,0.0,1.0,1
15,1116,0.07169126651671746,0.3551051626093157,0.6374908689551126,0.0,0.0,0.43406770264741806,1.0,1.0,1
15,1117,0.0,0.6450487677986918,0.09829205204792767,1.0,0.011549209952079972,0.5546264237327188,1.0,1.0,0
15,1118,0.0848540495593554,0.24425308641957852,0.5792879166177743,0.0557260110437901,0.008840799296619524,0.40246542472416147,0.0,1.0,1
15,1119,0.0654404499433703,0.707122907781906,0.15077443164269652,0.3674153040411226,0.011443047622771778,0.523052073583388,1.0,1.0,0
15,1120,0.00044564839559108754,0.9898149052794755,0.38022768366194026,0.6658664901049707,0.025404178338968176,0.49581348313035883,1.0,1.0,0
15,1121,0.0,0.3281537845007816,0.3923470543274399,0.04654653647311761,0.039642127384179326,0.49700251239108945,1.0,1.0,1
15,1122,0.0,0.5489886133378155,0.504473040238113,0.28304755189856273,0.018870422803924664,0.5411694661679631,0.0,1.0,0
15,1123,0.018243390224541564,0.34537938633306414,1.0,0.9618775250734881,0.04078749833204666,0.48510159842492145,1.0,1.0,1
15,1124,0.011938235985774237,0.22055811471704143,0.844485058772886,0.22543094920837292,0.0,0.5754362827233849,1.0,1.0,1
15,1125,0.06612370473000666,0.5327350454940348,0.8906803009552544,0.6028830403720862,0.04026510517361781,0.5336503493728938,1.0,1.0,0
15,1126,0.0,0.31070335652718956,0.6786444697784672,0.05549595815434981,0.0,0.4711255779206634,1.0,1.0,0
15,1127,0.04464311336131647,0.18097966917013222,0.5126612696383376,0.9630504202015939,0.0,0.5244689954126117,1.0,1.0,0
15,1128,0.0,0.7599752724903627,0.0,0.0,0.09614066541650855,0.5007634106628458,0.0,1.0,0
15,1129,0.08529532880971047,0.840161650343941,0.06203913807747322,0.1680959121947825,0.031656478893367306,0.4478681493427235,1.0,1.0,0
15,1130,0.0,0.9926675489807744,0.7435175294916939,0.006203146913841102,0.0,0.46990200668300736,1.0,1.0,0
15,1131,0.00030390236979341506,0.604928767744439,0.0,0.0,0.010680770624784685,0.4971675651538341,1.0,1.0,0
15,1132,0.0,0.19896337043476126,0.9924480983781031,0.048754838313730446,0.07483535160314812,0.46625982218829537,1.0,1.0,0
15,1133,0.0,0.3031569291054752,0.9147513789432945,1.0,0.0,0.5358080405657402,0.0,1.0,0
15,1134,0.0045723482591301726,0.9957878402167604,0.18386154338045507,0.046800948694333745,0.008903495346497366,0.5608528465119595,1.0,1.0,1
15,1135,0.0642241603648272,0.5306775105912637,0.028965652036024643,0.015210760988931205,0.0,0.5690400230378426,1.0,1.0,1
15,1136,0.0,0.37521800369323816,0.2499771045257574,0.3472367081113204,0.0,0.45348523450163325,1.0,1.0,0
15,1137,0.0,0.9308017805887101,0.3683112156584681,0.6769369976462734,0.0,0.469865966872513,1.0,1.0,0
15,1138,0.03813937224440544,0.9821965975288504,0.36566496313662306,0.6190382643171171,0.0,0.436730063203188,1.0,1.0,0
15,1139,0.02104183949444701,0.47724717917454484,0.10719971360352276,1.0,0.009903808379551933,0.49399385390916867,1.0,1.0,0
15,1140,0.03782232297450354,0.2028356912124518,0.3402270950828273,0.6495482930365201,0.05119888126810788,0.4790069925648211,1.0,1.0,0
15,1141,0.0,0.5463386481315166,0.6545838212626286,0.24086287554292818,0.0642605200328478,0.5344346128614815,0.0,1.0,0
15,1142,0.0023157341858804584,0.316987065433689,0.8683473522399833,0.9990386730243658,0.006107142957886088,0.5579624858049865,1.0,1.0,0
15,1143,0.0,0.7419548789179327,0.8627102562157998,0.042455111218429833,0.0,0.5961295250995852,1.0,1.0,0
15,1144,0.0,1.0,0.3600059354052026,0.015140579188232004,0.04298408505608341,0.5555407992162038,0.0,1.0,0
15,1145,0.028244195753102407,0.5948952828961455,0.3894459175161368,0.5690180472973907,0.0,0.5025812926510028,1.0,1.0,0
15,1146,0.04393313327167773,0.7720165136344179,0.5192104395109113,0.3199083686154672,0.039268672370718447,0.5280478673833896,1.0,1.0,0
15,1147,0.0,0.37874471500762974,0.7243227633635939,0.03862613528494895,0.008823156678869857,0.557944978081591,0.0,1.0,1
15,1148,0.009033371163707025,0.1603661141746917,0.0,0.24980301655608828,0.00026496640553153354,0.43099261092505625,0.0,1.0,0
15,1149,0.0,0.19078534949447618,0.6177860134147262,0.006186167182810256,0.0,0.403129633617887,0.0,1.0,0
15,1150,0.11698194782261492,0.26814222261874215,0.9012678965906786,0.5885384247242454,0.0,0.5249175751620196,0.0,1.0,0
15,1151,0.0,0.4235173570955646,0.3734704261120792,0.023762347749826027,0.002092084005005915,0.5277959000081334,0.0,1.0,1
15,1152,0.03684286443572721,0.13759250723091504,0.7483655752949064,0.9741338793741905,0.004653267237905736,0.492337157863177,1.0,1.0,1
15,1153,0.0,0.21558473210400972,0.288501823973922,1.0,0.060718593771395844,0.5056127257794019,0.0,1.0,0
15,1154,0.04590636253999855,0.17022993506078027,0.2667350688246102,0.0,0.03268606566137428,0.45055199555502745,0.0,1.0,0
15,1155,0.02386619525032549,0.10885865285815502,0.9186171344846368,0.08609727755063076,0.034134539174982964,0.5669854901721014,0.0,1.0,0
15,1156,0.008989060553119205,0.257258232321453,0.0,0.5500743304178398,0.0,0.44251989242517004,0.0,1.0,0
15,1157,0.03513356751112373,0.5401193790221325,0.19709381547590163,0.9881413712031528,0.02463416118668294,0.3513060404945526,0.0,1.0,0
15,1158,0.008907437495813762,0.1250953160993849,0.2944511301212239,0.5986850543080721,0.0,0.44128856456488097,0.0,1.0,0
15,1159,0.0,0.24791259893811027,0.05718871862237858,0.5622553500256421,0.0,0.5257987481069495,0.0,1.0,0
15,1160,0.03234338869165761,0.9464309749936439,0.02430486826796629,0.9934646015245338,0.0,0.49394600081494666,0.0,1.0,0
15,1161,0.0,0.43657748452566764,0.9802873153625542,0.3959545818862079,0.029315689650422732,0.5731915928084299,1.0,1.0,0
15,1162,0.0,0.374258564601111,0.1733438689362901,0.17894371305928589,0.015350831059450629,0.6066920766363458,1.0,1.0,0
15,1163,0.012269502020107988,0.6473500283694769,0.7647053377427344,0.9903610770865454,0.13263335763089185,0.500460868835388,0.0,1.0,1
15,1164,0.009991345075205209,0.19756576376432658,0.6049394972239995,0.33435241245652736,0.0010088558925914692,0.5061548195171856,1.0,1.0,0
15,1165,0.0,0.32414086389988717,0.7250995601669639,0.9344247392792642,0.06629214812324458,0.5489345753708332,0.0,1.0,0
15,1166,0.0,0.9978976101499466,0.2663896499171664,0.021566247147623206,0.0,0.4591481245057465,1.0,1.0,0
15,1167,0.003910501734853946,0.1960980909505262,1.0,1.0,0.03497425157194778,0.46509848886812455,1.0,1.0,1
15,1168,0.0,0.1813459918194317,0.50470785346713,0.21659220954461247,0.028056277685600737,0.5148928034827638,1.0,1.0,0
15,1169,0.043612366503554045,0.6292772876607452,1.0,0.324735538680654,0.0,0.3818987585626701,0.0,1.0,0
15,1170,0.051678161901187285,0.41237153044140673,0.2751211822393861,0.9784710511587893,0.0,0.44847687581746126,0.0,1.0,1
15,1171,0.0,0.4515342542864448,0.453761492853026,1.0,0.0,0.4802549245341914,1.0,1.0,0
15,1172,0.009921707324726161,0.3357091031649332,0.005136397172188008,0.9504460763475522,0.026170999025946814,0.5171629706269854,1.0,1.0,0
15,1173,0.0,0.15584105709377752,0.6550414091045047,0.6017028306273311,0.056415834980659094,0.5827188285994852,1.0,1.0,0
15,1174,0.023497865464396365,0.36945460189206436,0.7897379901632195,0.0,0.10139099745733215,0.5162777712427096,0.0,1.0,1
15,1175,0.0,0.988732789871026,0.99065817817275,0.0,0.002696513290527329,0.5462390048031875,0.0,1.0,0
15,1176,0.029714367681081957,0.4464617174401269,0.9958532037714257,0.29675507770568976,0.0,0.5657976688971882,0.0,1.0,0
15,1177,0.0,0.19300199175322183,0.4494577196130083,0.5555910179477459,0.02504830326967846,0.44771831414014396,0.0,1.0,1
15,1178,0.02710275628493169,0.43077894879016665,1.0,0.0,0.0152918813791486,0.45194960148926183,0.0,1.0,0
15,1179,0.1387594758831259,0.9008006812593589,1.0,0.6750133874560496,0.041336363984426645,0.5797834852750184,1.0,1.0,0
15,1180,0.024138090120203952,0.3371754647947257,0.2670606502711296,0.0,0.0,0.4997325397032812,1.0,1.0,0
15,1181,0.0,0.24928736577361046,0.09940728821005303,1.0,0.0,0.47054623554139047,1.0,1.0,0
15,1182,0.0,0.5510454694211551,0.5992386588806753,0.37572702758092014,0.055115816581412964,0.4591553422007887,0.0,1.0,0
15,1183,0.06639782919670856,0.9880287774709658,0.8159258250954158,0.5544453400613976,0.09518523020874406,0.48290193743116117,0.0,1.0,0
15,1184,0.08568233243613943,0.2680951700110472,0.7645298048181416,0.0,0.011593315087622975,0.5921744193821575,1.0,1.0,0
15,1185,0.009993395240415951,0.188369830409776,0.2516202973275372,0.3036964046650643,0.03304203111251257,0.48002591738293415,1.0,1.0,0
15,1186,0.0,1.0,0.4081541224417829,0.9713019942818447,0.0046876851361641,0.4940066681639018,1.0,1.0,0
15,1187,0.019589622904670784,0.37254279377424915,0.0,0.2210354511554933,0.0,0.604154947812076,1.0,1.0,0
15,1188,0.0,0.9941544703361673,0.24235228577504975,0.003061263806010643,0.0,0.41454760735839574,0.0,1.0,0
15,1189,0.0,0.8296501306016378,1.0,0.3100965962873859,0.0,0.4827898678314813,0.0,1.0,1
15,1190,0.0,0.1842677959126966,0.3648536356907213,0.012425768197470885,0.004759428332972385,0.40101357995278997,0.0,1.0,0
15,1191,0.08971829086910078,0.4296255791389989,0.9103067910347258,0.9811011733750816,0.054971409725654174,0.605626895602603,0.0,1.0,1
15,1192,0.01801749806267507,0.43042113002430454,1.0,0.993211238860163,0.0,0.4218800300938064,1.0,1.0,0
15,1193,0.015946656449047667,0.2544695266259288,0.9689962844474906,0.2830071735318868,0.0,0.5230461376644049,0.0,1.0,0
15,1194,0.02323950156398249,0.5432775957491401,0.9562013184629903,0.72794191031212,0.0,0.46987725218666704,0.0,1.0,0
15,1195,0.039349621432692286,0.8183579726345468,0.4992119570130523,0.24714811358129346,0.07038062167794348,0.45534411584562023,1.0,1.0,0
15,1196,0.05126465551971926,0.95979936662265,0.3317642782161571,0.9774937864636783,0.056769919924856777,0.5680427694407656,1.0,1.0,1
15,1197,0.0,0.585874330587033,0.9815882443828057,0.9910878688972367,0.06679146490175951,0.4579560713145979,0.0,1.0,0
15,1198,0.0,0.18446800602104324,0.3019075092058722,0.2078089935325294,0.0032844213022199665,0.4333892685868642,1.0,1.0,0
15,1199,0.058423384592905865,0.25876998453997785,0.08945597580569152,0.9792081656227143,0.06601837711732991,0.4387349231350041,0.0,1.0,0
15,1200,0.014385347349697458,0.35077528141631753,0.0,0.6894418312086098,0.0,0.4525324946186106,0.0,1.0,0
20,1,0.05033532529665791,0.14074552830392267,0.0034515013783800387,0.0,0.0,0.25828822538374474,0.0,1.0,0
20,5,0.10457747486453078,0.2027685210161347,0.0053883051468821205,0.013543244886084894,0.0,0.10056708959728627,0.0,1.0,0
20,7,0.010005658413584249,0.14464384594709018,0.0578866042251245,0.006657343179517224,0.0,0.2603382659376061,0.0,1.0,0
20,8,0.016351136005436116,0.1953107102407917,0.03229500423152094,0.0,0.018774050628134184,0.2659334054345542,0.0,1.0,0
20,1001,0.018176167787755455,0.7454804649683955,0.15885838782098222,0.029880659709733123,0.0,0.48779754705846695,1.0,1.0,1
20,1002,0.0,0.6163988608720539,0.20808988649979004,0.5803238292597588,0.04221175700717708,0.39957006478058044,1.0,1.0,1
20,1003,0.058994800445498465,0.2910481964309079,0.14298000024702912,0.006107553050817877,0.005853497755362591,0.47377185908075586,1.0,1.0,0
20,1004,0.0,0.3742048736790601,0.7835010609557098,0.3763820503316982,0.014408896653417302,0.5064401229719734,1.0,1.0,0
20,1005,0.014192271641800517,0.1542879466696379,0.0,0.9786274227012193,0.0,0.4820338091402327,1.0,1.0,0
20,1006,0.0,0.6778062392988161,0.8284954498421851,0.9791820428321935,0.022106477573608667,0.557062864899676,1.0,1.0,0
20,1007,0.07977940346427259,0.14544934909612267,0.678813706215307,0.029737857098738676,0.11756883581043326,0.4905756706569496,0.0,1.0,1
20,1008,0.0,0.2113143744081948,0.9577881047949278,0.3315689707474585,0.0,0.562268341219441,0.0,1.0,0
20,1009,0.019372267083704525,0.8408862749636643,0.14912561913474487,0.02749003235523232,0.0,0.4176464352079642,1.0,1.0,0
20,1010,0.013853930940231718,0.3981085775220089,0.0954343182953947,0.586742092057305,0.01540986619825955,0.43234273420968455,1.0,1.0,0
20,1011,0.023683688662339587,0.22121610007321707,0.785632361619004,0.5568865448241073,0.054729410268224865,0.5356186788568117,1.0,1.0,0
20,1012,0.09706495548869631,0.5723350363367904,0.28382616094101437,0.24681270572683592,0.003810678028807848,0.5496869216428742,1.0,1.0,0
20,1013,0.0023132565361130546,0.204048403496666,0.001424728179349198,0.955675525268353,0.0,0.4612846204477045,0.0,1.0,0
20,1014,0.09119073303727437,0.12560647351723264,0.8411638798117846,0.9911150510562883,0.09765771657775849,0.5059544231068446,1.0,1.0,1
20,1015,0.0,0.23686791039004507,0.8964984016314311,0.23584332009059922,0.00966613171546859,0.5049601643728506,1.0,1.0,0
20,1016,0.0,0.7375217495412094,0.9426981746613858,0.9714797736760308,0.0,0.5674134143101569,0.0,1.0,0
20,1017,0.0,0.9047441771159884,0.6503345253805742,0.6316706175463958,0.003739739904941843,0.5434178611720358,0.0,1.0,0
20,1018,0.054179515956023286,0.45371457401110066,0.8784469259378571,0.9805268744059216,0.0003471197761233199,0.43998493444367937,1.0,1.0,0
20,1019,0.0,0.565926986803369,0.6108169660638301,0.2845854547124365,0.015943967923729447,0.50689690446238,0.0,1.0,1
20,1020,0.0029983088667620756,0.68171873100954,0.672388929363378,0.3297329679387425,0.009617799915827419,0.49997200758743277,1.0,1.0,0
20,1021,0.019453455174630242,0.10421614431836737,0.14240359246759057,1.0,0.044846565976203914,0.493979477456711,0.0,1.0,0
20,1022,0.0,0.5627894004487589,0.4035381544592242,0.24607595215585984,0.005137076995966531,0.4969259450017134,0.0,1.0,0
20,1023,0.049988925238644746,0.12386345109701312,0.8610195812305358,1.0,0.015695223923361826,0.5706656198795381,1.0,1.0,0
20,1024,0.0,0.3750531709077576,0.6308356586045861,0.5746863702446398,0.05936317061275595,0.5609631158125058,1.0,1.0,0
20,1025,0.02246413458976445,0.19770357795122903,0.4667082882466751,0.02726087032397503,0.00694260093116469,0.5061055719991933,1.0,1.0,1
20,1026,0.012603297353104783,0.3981090129610781,0.0,0.017085526433991298,0.0,0.5557464073560013,1.0,1.0,0
20,1027,0.011229775855415819,1.0,0.45168098213966995,0.0196372084357217,0.0010880848390041138,0.5316527721527678,1.0,1.0,1
20,1028,0.0017554159377975126,0.3659397344815193,0.6585460202308028,0.6545611536563205,0.026789844658119306,0.5422497535333252,0.0,1.0,0
20,1029,0.025244259124711912,0.3645572972662028,0.04140566993841567,0.33772378412253656,0.0,0.5835736343057502,1.0,1.0,0
20,1030,0.0,0.18646849297275184,0.6201500519224928,0.29251676409618266,0.07065372813527682,0.47051059707328163,0.0,1.0,1
20,1031,0.01837266018110988,0.21989158304117146,0.873385820423956,0.35857435031277135,0.08910463336895648,0.4997284356919482,1.0,1.0,0
20,1032,0.03426189967877565,0.21369430122260888,0.029905854702044564,0.22278510979613514,0.0,0.47633154917240644,0.0,1.0,0
20,1033,0.01017551270607314,0.24757672865547786,0.12358101470152646,0.34145866548882764,0.010233172741866131,0.5505715631164273,1.0,1.0,0
20,1034,0.0,0.32852631343880156,0.845949574797218,0.6718555803171262,0.02200003329114439,0.5239062407427729,1.0,1.0,0
20,1035,0.0,0.863909119221236,0.7678848052475724,1.0,0.0,0.9829997938702943,0.0,1.0,0
20,1036,0.028174575039095966,0.06320859041762392,0.969913156750936,0.027723522303685348,0.0,0.5168828151812662,0.0,1.0,0
20,1037,0.06738195240477232,0.6193330475899211,0.5109312356446388,0.912676628404254,0.011920161518425893,0.48797714417911836,1.0,1.0,0
20,1038,0.0,0.41618067471187253,0.9421151794253602,0.07537620261254918,0.040129660851828355,1.0,1.0,1.0,0
20,1039,0.0,0.16789246477263092,0.9797007744198348,0.0,0.0,0.51386318113062,1.0,1.0,0
20,1040,0.010324029302238294,0.3570200655630524,0.9749930875151533,0.0,0.0026382678535638083,0.47185599965075337,1.0,1.0,1
20,1041,0.0,0.5813052451733403,0.025010990082893772,0.4594681689461587,0.03108453423885955,0.4563663889653141,1.0,1.0,0
20,1042,0.08471717920454191,0.8669823124890939,0.6822338359964925,0.2794219957928706,0.05984638746338243,0.5454645879818787,1.0,1.0,0
20,1043,0.019198819607877667,0.1945570840044445,0.4114450887200517,0.9644342560531524,0.08642523959826812,0.4261897898817758,1.0,1.0,0
20,1044,0.0,0.852554221985,0.8140339527524906,0.9095835103103262,0.0,0.4654564365940711,0.0,1.0,0
20,1045,0.0,0.3456764614321495,0.06524442936186925,1.0,0.0,0.4811907898226085,1.0,1.0,0
20,1046,0.0,0.24461265016747857,0.8870510829140195,0.659965316064483,0.0,0.5220394811862177,0.0,1.0,0
20,1047,0.036137202202374125,0.6403531975203587,0.017964770728164346,0.08658814995247284,0.08522987252759233,0.4510991712607495,1.0,1.0,0
20,1048,0.009189720024114357,0.9911642418880976,0.5987251044298911,0.9927804851458242,0.0001351834432675934,0.4836460781127328,1.0,1.0,0
20,1049,0.05654112120177047,0.15071471854532917,0.6879303927719634,0.35744535332281435,0.00486353662265371,0.4767662766736432,1.0,1.0,0
20,1050,0.007995063753603527,0.43943979343718237,0.22386695296829648,0.30005662822696266,0.014932146924441066,0.4811250039070443,1.0,1.0,0
20,1051,0.05920027237532301,0.5895249862236454,0.08662100771482452,0.6312520499321327,0.0,0.5031533696904489,1.0,1.0,0
20,1052,0.0,0.5810220897498422,0.9386945992820558,0.24820501729760042,0.0,0.5685483458405551,1.0,1.0,0
20,1053,0.00964211405208983,0.6595664532327453,0.5501875950713369,0.993166673891387,0.0,0.5240689285178034,1.0,1.0,0
20,1054,0.0641785870112519,0.39151174277443607,0.6805938258182688,0.3189426646064327,0.08093724473792718,0.5684425473103042,0.0,1.0,1
20,1055,0.008909163573626722,0.7447988672132433,0.805678045661288,0.3848724145001746,0.0,0.509180424924322,1.0,1.0,0
20,1056,0.061349526379322034,0.4893142038884959,0.026552927547836364,0.5557804697468116,0.0,0.5525841696359272,1.0,1.0,1
20,1057,0.0,0.3033234555294676,0.6264848696136718,0.3105132582140382,0.013208028365511368,0.5368638590124682,1.0,1.0,0
20,1058,0.015828061958834096,0.1640486670989792,0.8427415998733303,0.9991142893205639,0.0,0.4671272261726638,1.0,1.0,0
20,1059,0.032147615190441445,0.996454685965214,0.8742996359090445,0.26328184529117266,0.12137353887424583,0.5749885429255969,1.0,1.0,1
20,1060,0.009000846567904657,0.4147833938445519,0.015313367578085163,0.6176699297877273,0.0006154039602228559,0.5437694692143366,0.0,1.0,1
20,1061,0.0,0.8458037870613178,0.40839393436138866,0.009544605685474885,0.10735583667238731,0.4466599918956765,0.0,1.0,0
20,1062,0.0342996790709474,0.3676192251007059,0.8065948059945439,1.0,0.023513496067849374,0.4390005248039342,1.0,1.0,0
20,1063,0.0,0.42139057032654975,0.20963420097075663,0.23359311962025903,0.053099173926666986,0.44189442506645094,1.0,1.0,0
20,1064,0.07641328558122744,0.19397348735898723,1.0,0.2806924363187147,0.10562610159924198,0.5219601493624989,0.0,1.0,0
20,1065,0.0,0.553973841502329,0.6314471909621433,0.0,0.07519710738556645,0.4986037263895689,0.0,1.0,0
20,1066,0.019106056546530442,0.493323209795145,0.4983408201579063,0.990188627249593,0.022487123778782557,0.4437491778498719,0.0,1.0,0
20,1067,0.11155419455360169,0.9736590050122278,0.7952235308381069,1.0,0.02382952746409788,0.5486566841885719,0.0,1.0,0
20,1068,0.0,0.5713148653341503,0.3799240836984857,0.0,0.05286925620094173,0.5437090965232062,0.0,1.0,0
20,1069,0.0,0.3739008464209379,0.05999827819194822,0.5451497147206246,0.01829270613317918,0.44650241456866574,0.0,1.0,0
20,1070,0.0,0.21526060021397175,0.805317153160341,0.518986989554545,0.0,0.46696943167725363,0.0,1.0,0
20,1071,0.03660628192859546,0.4063911154545048,0.41567704289611834,0.052306443657933535,0.0,0.5196588581734639,0.0,1.0,1
20,1072,0.04325265277944309,0.5899464159194608,0.946348770834664,0.6288930502317884,0.055064099290097174,0.6607060968207769,1.0,1.0,0
20,1073,0.04561814968914399,0.25968888682295643,0.3319334488740208,0.27204227586229224,0.0,0.5085873904649029,1.0,1.0,1
20,1074,0.0,0.746159759579935,0.07233103590458873,0.9461168989952173,0.0,0.9428022444717543,1.0,1.0,1
20,1075,0.023697480942027626,0.3949107753777316,0.7120975432545571,0.9712256491603207,0.0011408878930205379,0.48215154318497416,0.0,1.0,0
20,1076,0.011511925765801314,0.5839272726144288,0.2664398789561672,0.3682696464894468,0.026338730109705617,0.4920943920038292,0.0,1.0,0
20,1077,0.12212543644484321,0.23661171110557133,0.6903075890772444,0.5832165758760117,0.052968173464794724,0.4936504754810739,1.0,1.0,0
20,1078,0.017613414224154182,0.15311240472235393,0.09415132351483319,1.0,0.1393869827044843,0.44604330847057405,1.0,1.0,0
20,1079,0.034118098918675004,0.7892102540203667,0.26822540051082844,0.3336459130416203,0.0,0.5427010411863097,0.0,1.0,0
20,1080,0.0,0.4921986706912064,0.2192738150515751,0.7058813305351881,0.0,0.5320794186643569,1.0,1.0,0
20,1081,0.056541899475978666,0.31706182467349725,0.8130131601117117,0.5331853052640905,0.021642140732624535,0.5407413199737885,1.0,1.0,1
20,1082,0.0,0.6416436607326782,0.4918559745117049,0.9761795889221465,0.01648698933136924,0.6165849863177485,1.0,1.0,0
20,1083,0.06669839137047813,0.19206495497586568,0.3635222084034728,0.30199039636496494,0.0,0.5471931379175696,1.0,1.0,0
20,1084,0.030639025360285753,0.19963067652531064,0.04510807238142442,0.013414493153146955,0.0,0.4941722725877119,1.0,1.0,0
20,1085,0.06763041261566341,0.21834122055080768,0.273542431956375,0.0720110328166806,0.0,0.49263332024871925,0.0,1.0,1
20,1086,0.024409432840815173,0.4707579490924217,0.2448742188843897,0.2565656936109778,0.0,0.5126479975931223,0.0,1.0,0
20,1087,0.0,0.28794875613359067,0.1923484082311302,0.24305361435380698,0.00687230366389635,1.0,0.0,1.0,1
20,1088,0.014194983950079993,0.6154953571545577,0.6991155346223474,0.33172916481959386,0.05002790780596196,0.9799756752431125,0.0,1.0,0
20,1089,0.0,0.29012266560122085,0.15193712954833527,0.026481679750021532,0.06769182506339314,0.569861225844927,0.0,1.0,1
20,1090,0.012208493934759186,0.4847058292914717,0.26801999400293836,0.0005690249480726834,0.0,0.8973619681001764,0.0,1.0,0
20,1091,0.013913149009556008,0.8532773646306846,0.37937820447571535,0.43445828959474847,0.0,0.49300508763329876,1.0,1.0,1
20,1092,0.005201567187580201,1.0,0.6973018275679959,1.0,0.0063706611157010665,0.5057249421749566,0.0,1.0,0
20,1093,0.0,0.45026220962072394,0.10496768009500251,0.3297441169823324,0.0,0.5079366495137474,1.0,1.0,0
20,1094,0.08147787105738749,0.7684211053460513,0.07068925550307562,0.3434263195918615,0.009841621078621042,0.5266243735466556,1.0,1.0,0
20,1095,0.001963648885970063,0.38428963734432603,0.5020780226239321,0.2957134520470046,0.054388882759929404,0.4793142503640313,1.0,1.0,0
20,1096,0.027579848707084464,0.14426000701925837,0.8729334646591194,0.0005334882755689439,0.003720426508737622,0.9751970241967352,0.0,1.0,0
20,1097,0.008339597614501051,0.2678148507799107,0.0010625713545047886,0.9774697075034222,0.0,0.4959912574958558,0.0,1.0,0
20,1098,0.025170359724119386,0.5739082441263635,0.9851956298569552,0.453028867333693,0.0,0.6678028269987396,1.0,1.0,1
20,1099,0.05070243266690319,0.17525366411123816,0.9512012476304132,0.9495766700377846,0.007519940612724475,0.4869165397136524,1.0,1.0,1
20,1100,0.07079232130573715,0.38214265686373905,0.4053456072542677,0.02284796283000807,0.010478789823604067,0.5314395989037429,1.0,1.0,0
20,1101,0.04954950933363131,0.3879627266722389,0.6308808164952541,0.9751786838592555,0.036851720889627265,0.5171913369551537,1.0,1.0,0
20,1102,0.0,0.21169908059455628,0.16174423099272367,0.09384420248228903,0.0,0.4641123707809392,0.0,1.0,0
20,1103,0.0,1.0,0.09797327910992767,0.0618560128833897,0.0020613233747093507,0.4568475888669165,1.0,1.0,0
20,1104,0.0,0.6520243009071792,0.24245678185626335,0.036788155260138615,0.017257283441805115,0.5190670719350968,1.0,1.0,0
20,1105,0.0,0.5829055047507348,0.10646595102345772,0.5850881784825992,0.0,0.5656939291093557,0.0,1.0,0
20,1106,0.0,0.5757460155989254,0.0,0.018814716083046232,0.0,0.45683335990377494,1.0,1.0,0
20,1107,0.0007745344889201878,0.2204786885751144,0.3608633795197263,0.2253357309498629,0.06440212876715519,0.5110616041186865,0.0,1.0,0
20,1108,0.0,0.6160984276788621,0.10653918380758977,0.6608161486407991,0.0,0.5109382514751475,0.0,1.0,0
20,1109,0.0,0.31822110694992883,0.1148140064655652,0.6145687230716627,0.025616068716198467,1.0,1.0,1.0,0
20,1110,0.06846229470903469,0.34935482345851987,0.24823602479126627,0.30026859137000755,0.03881094456719311,0.5471906056403149,1.0,1.0,1
20,1111,0.0,0.1995540854535852,0.19984581325303977,0.3032104404872582,0.0,0.472913201494578,1.0,1.0,0
20,1112,0.0,0.8349896039408186,0.16268620084259572,0.6387446781865769,0.0,0.5399717564884922,0.0,1.0,0
20,1113,0.02131086207755657,0.18839264387962082,0.8451671360831475,0.9435112312353262,0.0,0.48259071337840453,0.0,1.0,0
20,1114,0.021488284362444196,0.4695642058405444,0.7006954980504674,0.21683637057003174,0.0072265700941715385,0.580387855139658,1.0,1.0,0
20,1115,0.0019633638915554064,0.4162751991450757,0.027098450851372913,0.9802275991920445,0.019494743129054054,0.4543511232932254,0.0,1.0,0
20,1116,0.0,0.5007210627301879,0.7004235354002208,0.0,0.06358015511637123,0.4698964807162396,1.0,1.0,0
20,1117,0.08223901340582024,0.5514118253401789,0.15247838780321207,0.9446052073124338,0.08315666707392103,0.9791464772812271,1.0,1.0,1
20,1118,0.0006127465002460405,0.27659913012856563,0.5098609212642601,0.07967310245349041,0.01523740920585731,0.43930286717902367,0.0,1.0,0
20,1119,0.04909311628503073,0.7799614647255215,0.12151224063337912,0.31696534794775855,0.003806166811010351,0.45366484787186423,1.0,1.0,0
20,1120,0.0,0.9614724748670718,0.4158930423911552,0.59650308536123,0.05021308849058927,0.389467392048661,1.0,1.0,0
20,1121,0.05540852246352975,0.2541650969004928,0.44692045221258275,0.059949032925684695,0.032322812735500236,0.5040908197208303,1.0,1.0,0
20,1122,0.08966614397020425,0.5260304224184336,0.46997093517499916,0.37090782555201646,0.009645040718919633,0.48007973870311754,0.0,1.0,0
20,1123,0.0,0.32739908863348416,1.0,1.0,0.0,0.5689268905142539,1.0,1.0,0
20,1124,0.0,0.3132336252327498,0.792709827715949,0.22454551993712693,0.030604328053117136,0.52378817042623,1.0,1.0,0
20,1125,0.0,0.604615084642605,0.818769080258978,0.6385341787206835,0.030717575472671392,0.5319914092832778,1.0,1.0,0
20,1126,0.011363915893024075,0.1542527304268247,0.698404271212254,0.011218236898078736,0.04306087973047161,0.4550083956680651,1.0,1.0,0
20,1127,0.0013257036128610997,0.16324946956773345,0.478486429241252,0.9679482148862926,0.04080507055016438,0.519920738962131,1.0,1.0,0
20,1128,0.030158345414352104,0.7664739193749532,0.007725207362732415,0.0,0.005702141513716242,1.0,0.0,1.0,0
20,1129,0.0071820484289838215,0.7611523283344898,0.10110990167813486,0.2997061740795334,0.029271200587557562,0.4504938311138905,1.0,1.0,0
20,1130,0.0,0.9915886400573448,0.7074832762350646,0.09575398512324501,0.05073347358132874,0.5131535697922517,1.0,1.0,0
20,1131,0.00868383631519244,0.6069558111783327,0.09641242345195916,0.007861353410310053,0.031502305303700566,0.5115222543473497,1.0,1.0,0
20,1132,0.0,0.23520296116336262,0.9778815399152468,0.0,0.01251674343101921,0.5420183470789789,1.0,1.0,0
20,1133,0.06335680430094057,0.37298153446616134,0.9581071145836987,1.0,0.0,0.505339401594293,0.0,1.0,0
20,1134,0.03898796717281237,0.9608398757079356,0.1312309161080121,0.03034711257849771,0.009923969793603753,0.9847056896406237,1.0,1.0,0
20,1135,0.04832241838848826,0.6447876003202325,0.0,0.0,0.014253275129103796,0.4396668557646773,1.0,1.0,1
20,1136,0.0,0.3987253619970938,0.3365476531292654,0.2638557305504617,0.01671194673287248,0.5333520595588461,1.0,1.0,1
20,1137,0.006367109589241525,1.0,0.3717697345091206,0.6497361573810151,0.0,0.5582819489185106,1.0,1.0,0
20,1138,0.07924073577672955,0.9887286887109377,0.3430503370060659,0.583767382026522,0.02304036373920646,0.4888470227641542,1.0,1.0,1
20,1139,0.041234950290961574,0.46173631734768916,0.0282626145925313,1.0,0.06260648993513719,0.5809036047783004,1.0,1.0,0
20,1140,0.013920716567891947,0.1140452134104399,0.28748003929262667,0.4668014060028154,0.0,0.5264529048299514,1.0,1.0,1
20,1141,0.0,0.5696909239149172,0.7260640777612962,0.2554140374105562,0.023973640830458894,0.4273511162189322,0.0,1.0,0
20,1142,0.0,0.3183347668016498,0.8419617056435831,0.9850952962977669,0.0568475931467807,0.5436093481276189,1.0,1.0,0
20,1143,0.011405795911531735,0.8415324144627682,0.8196773375013275,0.0,0.0,0.41378104032813184,1.0,1.0,0
20,1144,0.0,1.0,0.3595335694380302,0.13660991260873337,0.0,0.43061545886054253,0.0,1.0,0
20,1145,0.0,0.5712600045108345,0.37999875891606383,0.5349727753351836,0.0,0.5408007397381256,1.0,1.0,0
20,1146,0.0,0.93072688444254,0.49135919340503464,0.3173867657325836,0.027315957421730166,0.4681280657334365,1.0,1.0,0
20,1147,0.051089162175596246,0.3518786012675563,0.7113771171650113,0.0,0.0,0.48935472491165116,0.0,1.0,0
20,1148,0.03819585711911917,0.12178975907457087,0.009006291508880507,0.36484779339408074,0.0,0.573402281401667,0.0,1.0,0
20,1149,0.009886268071964613,0.22670462764994237,0.6801888585862955,0.021537656276256294,0.02570699110223268,0.5724723754304298,0.0,1.0,0
20,1150,0.0,0.20088718899308491,1.0,0.6228122123766798,0.0064074625463485455,0.46535422603111914,0.0,1.0,0
20,1151,0.0,0.3927648000560724,0.34186676789200315,0.028294161614937342,0.05122040282504965,0.39738042540102075,0.0,1.0,0
20,1152,0.024877281213028315,0.16550488498860225,0.8045190091730937,1.0,0.007283797115212739,0.4922904731947966,1.0,1.0,0
20,1153,0.05307662688176557,0.25788847356447947,0.14917538516676865,0.937178848477225,0.012170933457796657,0.5685230878176378,0.0,1.0,0
20,1154,0.08564640825058949,0.15812296579651744,0.2799287671805065,0.0,0.025342371395763487,0.580592294162083,0.0,1.0,1
20,1155,0.03206508042462826,0.17432154200492234,0.9242878974830604,0.067784773573748,0.033627127752693484,0.5418563792392669,0.0,1.0,0
20,1156,0.039988461449265544,0.2816044269364204,0.0,0.6252787769370156,0.04711748093497503,0.44662891476658934,0.0,1.0,0
20,1157,0.0503847169680003,0.6672171184039235,0.15455730221629752,0.9874525708351524,0.03427146337549763,0.46658588349728686,0.0,1.0,0
20,1158,0.07654207602093335,0.20909877179791744,0.23438540403748037,0.6207540170853088,0.04879753651205311,0.4399910196400448,0.0,1.0,1
20,1159,0.07242958366463552,0.25449008097051157,0.0,0.5705437919384488,0.0,0.5084144978759021,0.0,1.0,1
20,1160,0.04141022649062015,0.9700059819880843,0.0,0.9607950374663544,0.0,0.9581322673509732,0.0,1.0,0
20,1161,0.0,0.36834706357260094,0.9381702238856822,0.23106560592362085,0.0001806107941710695,0.5543795478834738,1.0,1.0,0
20,1162,0.004078572665289566,0.35651745241296373,0.0533108091532884,0.28995718986834434,0.03409121423435606,0.5175873272300927,1.0,1.0,0
20,1163,0.10578124695622565,0.6079455503456589,0.8637819891019641,0.9885740881424302,0.02014194808225668,0.5342474673936243,0.0,1.0,0
20,1164,0.02212183961372653,0.16289083544287827,0.6222266038749376,0.24795679853156982,0.0216690098346014,0.5189320938692547,1.0,1.0,0
20,1165,0.009442796878695335,0.19571688634949858,0.7685144136306712,1.0,0.009774999526304487,0.9775718773421528,0.0,1.0,0
20,1166,0.0031957776811250035,0.9567023638674297,0.35677991263729064,0.018689824346416705,0.03717242839143375,0.5387603610782615,1.0,1.0,0
20,1167,0.04931565705142663,0.24567213319100678,0.8843970792367805,0.9859212123240928,0.0,0.41693806803698413,1.0,1.0,0
20,1168,0.018837289433823397,0.23761945176093593,0.4816351377636193,0.2550569440566911,0.07622767847970878,0.47667739569432044,1.0,1.0,0
20,1169,0.003176435561737072,0.6345422974834635,0.9755093039631078,0.2900354604972781,0.0,0.46778461165376845,0.0,1.0,0
20,1170,0.013362871749747268,0.3751731894095043,0.3115180112083119,1.0,0.011345730537127422,0.4576531339337216,0.0,1.0,1
20,1171,0.002649782445344523,0.4470475516651371,0.3683573457456088,1.0,0.0,0.588835158402058,1.0,1.0,0
20,1172,0.013503467217531954,0.3897332051715959,0.09654036484953768,0.9835248775510036,0.0,0.5054900210945682,1.0,1.0,1
20,1173,0.0,0.13891004595563017,0.7015212136189005,0.5347015155764311,0.05988186421757807,0.4765675659580322,1.0,1.0,0
20,1174,0.003490897678920385,0.38919084778619606,0.888874858210562,0.012260507291301426,0.04253907096486821,0.5273264471740414,0.0,1.0,1
20,1175,0.020656929457600046,0.9382248098222121,1.0,0.0,0.03821534609071747,0.5512546980998845,0.0,1.0,1
20,1176,0.01952848559592072,0.29933909940772324,0.9486068681518287,0.2985440851216119,0.008006964054310206,0.4954106522966249,0.0,1.0,0
20,1177,0.028426103699155523,0.210525619433333,0.35413511161822697,0.5529710164823537,0.02274701141786607,0.4697620287462491,0.0,1.0,0
20,1178,0.06603529420632946,0.36228018934763473,0.9874768504370871,0.015250128758578424,0.0,0.5434829974539969,0.0,1.0,0
20,1179,0.07081862384519007,0.7597923005263234,1.0,0.5854782655011849,0.08035994331996683,0.5275756486437227,1.0,1.0,0
20,1180,0.0,0.44739547166702764,0.266320372594777,0.0,0.0,0.4687307670594143,1.0,1.0,0
20,1181,0.0161384151972899,0.20436436514513237,0.020933712090910887,0.9996268115841259,0.07701058059162284,0.4698051354879682,1.0,1.0,0
20,1182,0.026228615178369618,0.5844077422746644,0.713400053246479,0.320697819996866,0.0,0.5118793200369107,0.0,1.0,0
20,1183,0.02687417997047096,0.9184244312918877,0.6856246890984478,0.6338462401305417,0.00020726587900151298,0.9561515204168733,0.0,1.0,1
20,1184,0.01900671168191128,0.26668126917052276,0.7358963708319897,0.0,0.03443486203445761,0.5784517775055027,1.0,1.0,0
20,1185,0.0,0.17449072228745513,0.34260975211896,0.2881375442184429,0.0,0.5169461590082878,1.0,1.0,1
20,1186,0.0,0.9918467603764473,0.28917457172007155,1.0,0.0,0.551510262599234,1.0,1.0,0
20,1187,0.008601853039972822,0.3782281621654837,0.015791604241693832,0.44822416669273185,0.0,0.5379922840297126,1.0,1.0,0
20,1188,0.016642482505371998,0.9766047961501235,0.3387528035027375,0.0,0.0245102431665659,0.5021923378646168,0.0,1.0,0
20,1189,0.07280281969982286,0.8049110869890012,1.0,0.29929951946445343,0.0,0.49612619764699456,0.0,1.0,0
20,1190,0.03809524290282733,0.24445970213832097,0.2836317236371037,0.04666666162271205,0.02116050835197978,0.5006308768054927,0.0,1.0,1
20,1191,0.0,0.4756181047031088,0.9311191834769625,0.9863403928240805,0.02800547758075892,0.4057351107766097,0.0,1.0,0
20,1192,0.0,0.36842349231071925,0.9641607736774608,0.9795809208861072,0.08783754459281069,0.45037588466547823,1.0,1.0,0
20,1193,0.12156715672808369,0.15468732435257526,0.9844757618792179,0.29113505125751815,0.031633242663545474,0.49990830459328656,0.0,1.0,1
20,1194,0.0,0.6342337015048404,0.9940907399298325,0.5168483907065097,0.0,0.4844845637550166,0.0,1.0,0
20,1195,0.023623297266344358,0.7557709780849177,0.5204143577282173,0.3292603754359517,0.0,0.47156105559412176,1.0,1.0,0
20,1196,0.06530577164368778,0.8864434431892262,0.2913772922756876,0.9920751110679046,0.051473925257130064,0.45144261959517873,1.0,1.0,0
20,1197,0.0,0.6649743101648281,0.9969802946375877,0.8927560954256383,0.0,0.5518949413774683,0.0,1.0,0
20,1198,0.0,0.23051730492147457,0.3134751143472586,0.2562745739149223,0.021942406878194504,0.4287363302421626,1.0,1.0,0
20,1199,0.06468212104804971,0.08970612448857859,0.10184344978424993,1.0,0.0,0.5020831783267748,0.0,1.0,0
20,1200,0.0,0.43120328855239676,0.01595805442296858,0.6631975506868176,0.010681047553365844,0.5135185435624536,0.0,1.0,0
